====================================================================================================
[1/460] full pass-k running
lang    : python
task_id : 62e60f43d76274f8a4026e28
pass_k  : 10
====================================================================================================
[TASK 1/460] [PASS 1/10] generating...
[TASK 1/460] [PASS 2/10] generating...
[TASK 1/460] [PASS 3/10] generating...
[TASK 1/460] [PASS 4/10] generating...
[TASK 1/460] [PASS 5/10] generating...
[TASK 1/460] [PASS 6/10] generating...
[TASK 1/460] [PASS 7/10] generating...
[TASK 1/460] [PASS 8/10] generating...
[TASK 1/460] [PASS 9/10] generating...
[TASK 1/460] [PASS 10/10] generating...
[TASK RECORD]
single jsonl : outputs\pass10_full\python\62e60f43d76274f8a4026e28_pass10.jsonl
python total : outputs\pass10_full\python_predictions_pass10.jsonl
java total   : outputs\pass10_full\java_predictions_pass10.jsonl
all total    : outputs\pass10_full\all_predictions_pass10.jsonl
artifact root: outputs\pass10_full\python\62e60f43d76274f8a4026e28

====================================================================================================
[2/460] full pass-k running
lang    : python
task_id : 62e60f3bd76274f8a4026e10
pass_k  : 10
====================================================================================================
[TASK 2/460] [PASS 1/10] generating...
[TASK 2/460] [PASS 2/10] generating...
[TASK 2/460] [PASS 3/10] generating...
[TASK 2/460] [PASS 4/10] generating...
[TASK 2/460] [PASS 5/10] generating...
[TASK 2/460] [PASS 6/10] generating...
[TASK 2/460] [PASS 7/10] generating...
[TASK 2/460] [PASS 8/10] generating...
[TASK 2/460] [PASS 9/10] generating...
[TASK 2/460] [PASS 10/10] generating...
[TASK RECORD]
single jsonl : outputs\pass10_full\python\62e60f3bd76274f8a4026e10_pass10.jsonl
python total : outputs\pass10_full\python_predictions_pass10.jsonl
java total   : outputs\pass10_full\java_predictions_pass10.jsonl
all total    : outputs\pass10_full\all_predictions_pass10.jsonl
artifact root: outputs\pass10_full\python\62e60f3bd76274f8a4026e10

====================================================================================================
[3/460] full pass-k running
lang    : python
task_id : 62e60f37d76274f8a4026dfd
pass_k  : 10
====================================================================================================
[TASK 3/460] [PASS 1/10] generating...
[TASK 3/460] [PASS 2/10] generating...
[TASK 3/460] [PASS 3/10] generating...
[TASK 3/460] [PASS 4/10] generating...
[TASK 3/460] [PASS 5/10] generating...
[TASK 3/460] [PASS 6/10] generating...
[TASK 3/460] [PASS 7/10] generating...
[TASK 3/460] [PASS 8/10] generating...
[TASK 3/460] [PASS 9/10] generating...
[TASK 3/460] [PASS 10/10] generating...
[TASK RECORD]
single jsonl : outputs\pass10_full\python\62e60f37d76274f8a4026dfd_pass10.jsonl
python total : outputs\pass10_full\python_predictions_pass10.jsonl
java total   : outputs\pass10_full\java_predictions_pass10.jsonl
all total    : outputs\pass10_full\all_predictions_pass10.jsonl
artifact root: outputs\pass10_full\python\62e60f37d76274f8a4026dfd

====================================================================================================
[4/460] full pass-k running
lang    : python
task_id : 62e60f33d76274f8a4026de9
pass_k  : 10
====================================================================================================
[TASK 4/460] [PASS 1/10] generating...
[TASK 4/460] [PASS 2/10] generating...
[TASK 4/460] [PASS 3/10] generating...
[TASK 4/460] [PASS 4/10] generating...
[TASK 4/460] [PASS 5/10] generating...
[TASK 4/460] [PASS 6/10] generating...
[TASK 4/460] [PASS 7/10] generating...
[TASK 4/460] [PASS 8/10] generating...
[TASK 4/460] [PASS 9/10] generating...
[TASK 4/460] [PASS 10/10] generating...
[TASK RECORD]
single jsonl : outputs\pass10_full\python\62e60f33d76274f8a4026de9_pass10.jsonl
python total : outputs\pass10_full\python_predictions_pass10.jsonl
java total   : outputs\pass10_full\java_predictions_pass10.jsonl
all total    : outputs\pass10_full\all_predictions_pass10.jsonl
artifact root: outputs\pass10_full\python\62e60f33d76274f8a4026de9

====================================================================================================
[5/460] full pass-k running
lang    : python
task_id : 62e60ed4d76274f8a4026da0
pass_k  : 10
====================================================================================================
[TASK 5/460] [PASS 1/10] generating...
[TASK 5/460] [PASS 2/10] generating...
[TASK 5/460] [PASS 3/10] generating...
[TASK 5/460] [PASS 4/10] generating...
[TASK 5/460] [PASS 5/10] generating...
[TASK 5/460] [PASS 6/10] generating...
[TASK 5/460] [PASS 7/10] generating...
[TASK 5/460] [PASS 8/10] generating...
[TASK 5/460] [PASS 9/10] generating...
[TASK 5/460] [PASS 10/10] generating...
[TASK RECORD]
single jsonl : outputs\pass10_full\python\62e60ed4d76274f8a4026da0_pass10.jsonl
python total : outputs\pass10_full\python_predictions_pass10.jsonl
java total   : outputs\pass10_full\java_predictions_pass10.jsonl
all total    : outputs\pass10_full\all_predictions_pass10.jsonl
artifact root: outputs\pass10_full\python\62e60ed4d76274f8a4026da0

====================================================================================================
[6/460] full pass-k running
lang    : python
task_id : 62e60ecfd76274f8a4026d6a
pass_k  : 10
====================================================================================================
[TASK 6/460] [PASS 1/10] generating...
[TASK 6/460] [PASS 2/10] generating...
[TASK 6/460] [PASS 3/10] generating...
[TASK 6/460] [PASS 4/10] generating...
[TASK 6/460] [PASS 5/10] generating...
[TASK 6/460] [PASS 6/10] generating...
[TASK 6/460] [PASS 7/10] generating...
[TASK 6/460] [PASS 8/10] generating...
[TASK 6/460] [PASS 9/10] generating...
[TASK 6/460] [PASS 10/10] generating...
[TASK RECORD]
single jsonl : outputs\pass10_full\python\62e60ecfd76274f8a4026d6a_pass10.jsonl
python total : outputs\pass10_full\python_predictions_pass10.jsonl
java total   : outputs\pass10_full\java_predictions_pass10.jsonl
all total    : outputs\pass10_full\all_predictions_pass10.jsonl
artifact root: outputs\pass10_full\python\62e60ecfd76274f8a4026d6a

====================================================================================================
[7/460] full pass-k running
lang    : python
task_id : 62e60e49d76274f8a4026d25
pass_k  : 10
====================================================================================================
[TASK 7/460] [PASS 1/10] generating...
[TASK 7/460] [PASS 2/10] generating...
[TASK 7/460] [PASS 3/10] generating...
[TASK 7/460] [PASS 4/10] generating...
[TASK 7/460] [PASS 5/10] generating...
[TASK 7/460] [PASS 6/10] generating...
[TASK 7/460] [PASS 7/10] generating...
[TASK 7/460] [PASS 8/10] generating...
[TASK 7/460] [PASS 9/10] generating...
[TASK 7/460] [PASS 10/10] generating...
[TASK RECORD]
single jsonl : outputs\pass10_full\python\62e60e49d76274f8a4026d25_pass10.jsonl
python total : outputs\pass10_full\python_predictions_pass10.jsonl
java total   : outputs\pass10_full\java_predictions_pass10.jsonl
all total    : outputs\pass10_full\all_predictions_pass10.jsonl
artifact root: outputs\pass10_full\python\62e60e49d76274f8a4026d25

====================================================================================================
[8/460] full pass-k running
lang    : python
task_id : 62e60e05d76274f8a4026cfd
pass_k  : 10
====================================================================================================
[TASK 8/460] [PASS 1/10] generating...
[TASK 8/460] [PASS 2/10] generating...
[TASK 8/460] [PASS 3/10] generating...
[TASK 8/460] [PASS 4/10] generating...
[TASK 8/460] [PASS 5/10] generating...
[TASK 8/460] [PASS 6/10] generating...
[TASK 8/460] [PASS 7/10] generating...
[TASK 8/460] [PASS 8/10] generating...
[TASK 8/460] [PASS 9/10] generating...
[TASK 8/460] [PASS 10/10] generating...
[TASK RECORD]
single jsonl : outputs\pass10_full\python\62e60e05d76274f8a4026cfd_pass10.jsonl
python total : outputs\pass10_full\python_predictions_pass10.jsonl
java total   : outputs\pass10_full\java_predictions_pass10.jsonl
all total    : outputs\pass10_full\all_predictions_pass10.jsonl
artifact root: outputs\pass10_full\python\62e60e05d76274f8a4026cfd

====================================================================================================
[9/460] full pass-k running
lang    : python
task_id : 62e60da4d76274f8a4026cf1
pass_k  : 10
====================================================================================================
[TASK 9/460] [PASS 1/10] generating...
[TASK 9/460] [PASS 2/10] generating...
[TASK 9/460] [PASS 3/10] generating...
[TASK 9/460] [PASS 4/10] generating...
[TASK 9/460] [PASS 5/10] generating...
[TASK 9/460] [PASS 6/10] generating...
[TASK 9/460] [PASS 7/10] generating...
[TASK 9/460] [PASS 8/10] generating...
[TASK 9/460] [PASS 9/10] generating...
[TASK 9/460] [PASS 10/10] generating...
[TASK RECORD]
single jsonl : outputs\pass10_full\python\62e60da4d76274f8a4026cf1_pass10.jsonl
python total : outputs\pass10_full\python_predictions_pass10.jsonl
java total   : outputs\pass10_full\java_predictions_pass10.jsonl
all total    : outputs\pass10_full\all_predictions_pass10.jsonl
artifact root: outputs\pass10_full\python\62e60da4d76274f8a4026cf1

====================================================================================================
[10/460] full pass-k running
lang    : python
task_id : 62e60b10d76274f8a4026ccd
pass_k  : 10
====================================================================================================
[TASK 10/460] [PASS 1/10] generating...
[TASK 10/460] [PASS 2/10] generating...
[TASK 10/460] [PASS 3/10] generating...
[TASK 10/460] [PASS 4/10] generating...
[TASK 10/460] [PASS 5/10] generating...
[TASK 10/460] [PASS 6/10] generating...
[TASK 10/460] [PASS 7/10] generating...
[TASK 10/460] [PASS 8/10] generating...
[TASK 10/460] [PASS 9/10] generating...
[TASK 10/460] [PASS 10/10] generating...
[TASK RECORD]
single jsonl : outputs\pass10_full\python\62e60b10d76274f8a4026ccd_pass10.jsonl
python total : outputs\pass10_full\python_predictions_pass10.jsonl
java total   : outputs\pass10_full\java_predictions_pass10.jsonl
all total    : outputs\pass10_full\all_predictions_pass10.jsonl
artifact root: outputs\pass10_full\python\62e60b10d76274f8a4026ccd

====================================================================================================
[11/460] full pass-k running
lang    : python
task_id : 62e6087bd76274f8a4026bfa
pass_k  : 10
====================================================================================================
[TASK 11/460] [PASS 1/10] generating...
[TASK 11/460] [PASS 2/10] generating...
[TASK 11/460] [PASS 3/10] generating...
[TASK 11/460] [PASS 4/10] generating...
[TASK 11/460] [PASS 5/10] generating...
[TASK 11/460] [PASS 6/10] generating...
[TASK 11/460] [PASS 7/10] generating...
[TASK 11/460] [PASS 8/10] generating...
[TASK 11/460] [PASS 9/10] generating...
[TASK 11/460] [PASS 10/10] generating...
[TASK RECORD]
single jsonl : outputs\pass10_full\python\62e6087bd76274f8a4026bfa_pass10.jsonl
python total : outputs\pass10_full\python_predictions_pass10.jsonl
java total   : outputs\pass10_full\java_predictions_pass10.jsonl
all total    : outputs\pass10_full\all_predictions_pass10.jsonl
artifact root: outputs\pass10_full\python\62e6087bd76274f8a4026bfa

====================================================================================================
[12/460] full pass-k running
lang    : python
task_id : 62e6087ad76274f8a4026bf2
pass_k  : 10
====================================================================================================
[TASK 12/460] [PASS 1/10] generating...
[TASK 12/460] [PASS 2/10] generating...
[TASK 12/460] [PASS 3/10] generating...
[TASK 12/460] [PASS 4/10] generating...
[TASK 12/460] [PASS 5/10] generating...
[TASK 12/460] [PASS 6/10] generating...
[TASK 12/460] [PASS 7/10] generating...
[TASK 12/460] [PASS 8/10] generating...
[TASK 12/460] [PASS 9/10] generating...
[TASK 12/460] [PASS 10/10] generating...
[TASK RECORD]
single jsonl : outputs\pass10_full\python\62e6087ad76274f8a4026bf2_pass10.jsonl
python total : outputs\pass10_full\python_predictions_pass10.jsonl
java total   : outputs\pass10_full\java_predictions_pass10.jsonl
all total    : outputs\pass10_full\all_predictions_pass10.jsonl
artifact root: outputs\pass10_full\python\62e6087ad76274f8a4026bf2

====================================================================================================
[13/460] full pass-k running
lang    : python
task_id : 62e60879d76274f8a4026bec
pass_k  : 10
====================================================================================================
[TASK 13/460] [PASS 1/10] generating...
[TASK 13/460] [PASS 2/10] generating...
[TASK 13/460] [PASS 3/10] generating...
[TASK 13/460] [PASS 4/10] generating...
[TASK 13/460] [PASS 5/10] generating...
[TASK 13/460] [PASS 6/10] generating...
[TASK 13/460] [PASS 7/10] generating...
[TASK 13/460] [PASS 8/10] generating...
[TASK 13/460] [PASS 9/10] generating...
[TASK 13/460] [PASS 10/10] generating...
[TASK RECORD]
single jsonl : outputs\pass10_full\python\62e60879d76274f8a4026bec_pass10.jsonl
python total : outputs\pass10_full\python_predictions_pass10.jsonl
java total   : outputs\pass10_full\java_predictions_pass10.jsonl
all total    : outputs\pass10_full\all_predictions_pass10.jsonl
artifact root: outputs\pass10_full\python\62e60879d76274f8a4026bec

====================================================================================================
[14/460] full pass-k running
lang    : python
task_id : 62e60723d76274f8a4026b75
pass_k  : 10
====================================================================================================
[TASK 14/460] [PASS 1/10] generating...
[TASK 14/460] [PASS 2/10] generating...
[TASK 14/460] [PASS 3/10] generating...
[TASK 14/460] [PASS 4/10] generating...
[TASK 14/460] [PASS 5/10] generating...
[TASK 14/460] [PASS 6/10] generating...
[TASK 14/460] [PASS 7/10] generating...
[TASK 14/460] [PASS 8/10] generating...
[TASK 14/460] [PASS 9/10] generating...
[TASK 14/460] [PASS 10/10] generating...
[TASK RECORD]
single jsonl : outputs\pass10_full\python\62e60723d76274f8a4026b75_pass10.jsonl
python total : outputs\pass10_full\python_predictions_pass10.jsonl
java total   : outputs\pass10_full\java_predictions_pass10.jsonl
all total    : outputs\pass10_full\all_predictions_pass10.jsonl
artifact root: outputs\pass10_full\python\62e60723d76274f8a4026b75

====================================================================================================
[15/460] full pass-k running
lang    : python
task_id : 62e60707d76274f8a4026b69
pass_k  : 10
====================================================================================================
[TASK 15/460] [PASS 1/10] generating...
[TASK 15/460] [PASS 2/10] generating...
[TASK 15/460] [PASS 3/10] generating...
[TASK 15/460] [PASS 4/10] generating...
[TASK 15/460] [PASS 5/10] generating...
[TASK 15/460] [PASS 6/10] generating...
[TASK 15/460] [PASS 7/10] generating...
[TASK 15/460] [PASS 8/10] generating...
[TASK 15/460] [PASS 9/10] generating...
[TASK 15/460] [PASS 10/10] generating...
[TASK RECORD]
single jsonl : outputs\pass10_full\python\62e60707d76274f8a4026b69_pass10.jsonl
python total : outputs\pass10_full\python_predictions_pass10.jsonl
java total   : outputs\pass10_full\java_predictions_pass10.jsonl
all total    : outputs\pass10_full\all_predictions_pass10.jsonl
artifact root: outputs\pass10_full\python\62e60707d76274f8a4026b69

====================================================================================================
[16/460] full pass-k running
lang    : python
task_id : 62e5dc9ed76274f8a4026b5b
pass_k  : 10
====================================================================================================
[TASK 16/460] [PASS 1/10] generating...
[TASK 16/460] [PASS 2/10] generating...
[TASK 16/460] [PASS 3/10] generating...
[TASK 16/460] [PASS 4/10] generating...
[TASK 16/460] [PASS 5/10] generating...
[TASK 16/460] [PASS 6/10] generating...
[TASK 16/460] [PASS 7/10] generating...
[TASK 16/460] [PASS 8/10] generating...
[TASK 16/460] [PASS 9/10] generating...
[TASK 16/460] [PASS 10/10] generating...
[TASK RECORD]
single jsonl : outputs\pass10_full\python\62e5dc9ed76274f8a4026b5b_pass10.jsonl
python total : outputs\pass10_full\python_predictions_pass10.jsonl
java total   : outputs\pass10_full\java_predictions_pass10.jsonl
all total    : outputs\pass10_full\all_predictions_pass10.jsonl
artifact root: outputs\pass10_full\python\62e5dc9ed76274f8a4026b5b

====================================================================================================
[17/460] full pass-k running
lang    : python
task_id : 62e4fc3c85ea98643089041e
pass_k  : 10
====================================================================================================
[TASK 17/460] [PASS 1/10] generating...
[TASK 17/460] [PASS 2/10] generating...
[TASK 17/460] [PASS 3/10] generating...
[TASK 17/460] [PASS 4/10] generating...
[TASK 17/460] [PASS 5/10] generating...
[TASK 17/460] [PASS 6/10] generating...
[TASK 17/460] [PASS 7/10] generating...
[TASK 17/460] [PASS 8/10] generating...
[TASK 17/460] [PASS 9/10] generating...
[TASK 17/460] [PASS 10/10] generating...
[TASK RECORD]
single jsonl : outputs\pass10_full\python\62e4fc3c85ea98643089041e_pass10.jsonl
python total : outputs\pass10_full\python_predictions_pass10.jsonl
java total   : outputs\pass10_full\java_predictions_pass10.jsonl
all total    : outputs\pass10_full\all_predictions_pass10.jsonl
artifact root: outputs\pass10_full\python\62e4fc3c85ea98643089041e

====================================================================================================
[18/460] full pass-k running
lang    : python
task_id : 62e4fbda85ea986430890405
pass_k  : 10
====================================================================================================
[TASK 18/460] [PASS 1/10] generating...
[TASK 18/460] [PASS 2/10] generating...
[TASK 18/460] [PASS 3/10] generating...
[TASK 18/460] [PASS 4/10] generating...
[TASK 18/460] [PASS 5/10] generating...
[TASK 18/460] [PASS 6/10] generating...
[TASK 18/460] [PASS 7/10] generating...
[TASK 18/460] [PASS 8/10] generating...
[TASK 18/460] [PASS 9/10] generating...
[TASK 18/460] [PASS 10/10] generating...
[TASK RECORD]
single jsonl : outputs\pass10_full\python\62e4fbda85ea986430890405_pass10.jsonl
python total : outputs\pass10_full\python_predictions_pass10.jsonl
java total   : outputs\pass10_full\java_predictions_pass10.jsonl
all total    : outputs\pass10_full\all_predictions_pass10.jsonl
artifact root: outputs\pass10_full\python\62e4fbda85ea986430890405

====================================================================================================
[19/460] full pass-k running
lang    : python
task_id : 62e4fbda85ea986430890403
pass_k  : 10
====================================================================================================
[TASK 19/460] [PASS 1/10] generating...
[TASK 19/460] [PASS 2/10] generating...
[TASK 19/460] [PASS 3/10] generating...
[TASK 19/460] [PASS 4/10] generating...
[TASK 19/460] [PASS 5/10] generating...
[TASK 19/460] [PASS 6/10] generating...
[TASK 19/460] [PASS 7/10] generating...
[TASK 19/460] [PASS 8/10] generating...
[TASK 19/460] [PASS 9/10] generating...
[TASK 19/460] [PASS 10/10] generating...
[TASK RECORD]
single jsonl : outputs\pass10_full\python\62e4fbda85ea986430890403_pass10.jsonl
python total : outputs\pass10_full\python_predictions_pass10.jsonl
java total   : outputs\pass10_full\java_predictions_pass10.jsonl
all total    : outputs\pass10_full\all_predictions_pass10.jsonl
artifact root: outputs\pass10_full\python\62e4fbda85ea986430890403

====================================================================================================
[20/460] full pass-k running
lang    : python
task_id : 62e4fb6585ea98643089032b
pass_k  : 10
====================================================================================================
[TASK 20/460] [PASS 1/10] generating...
[TASK 20/460] [PASS 2/10] generating...
[TASK 20/460] [PASS 3/10] generating...
[TASK 20/460] [PASS 4/10] generating...
[TASK 20/460] [PASS 5/10] generating...
[TASK 20/460] [PASS 6/10] generating...
[TASK 20/460] [PASS 7/10] generating...
[TASK 20/460] [PASS 8/10] generating...
[TASK 20/460] [PASS 9/10] generating...
[TASK 20/460] [PASS 10/10] generating...
[TASK RECORD]
single jsonl : outputs\pass10_full\python\62e4fb6585ea98643089032b_pass10.jsonl
python total : outputs\pass10_full\python_predictions_pass10.jsonl
java total   : outputs\pass10_full\java_predictions_pass10.jsonl
all total    : outputs\pass10_full\all_predictions_pass10.jsonl
artifact root: outputs\pass10_full\python\62e4fb6585ea98643089032b

====================================================================================================
[21/460] full pass-k running
lang    : python
task_id : 62e4fb4d85ea9864308902e7
pass_k  : 10
====================================================================================================
[TASK 21/460] [PASS 1/10] generating...
[TASK 21/460] [PASS 2/10] generating...
[TASK 21/460] [PASS 3/10] generating...
[TASK 21/460] [PASS 4/10] generating...
[TASK 21/460] [PASS 5/10] generating...
[TASK 21/460] [PASS 6/10] generating...
[TASK 21/460] [PASS 7/10] generating...
[TASK 21/460] [PASS 8/10] generating...
[TASK 21/460] [PASS 9/10] generating...
[TASK 21/460] [PASS 10/10] generating...
[TASK RECORD]
single jsonl : outputs\pass10_full\python\62e4fb4d85ea9864308902e7_pass10.jsonl
python total : outputs\pass10_full\python_predictions_pass10.jsonl
java total   : outputs\pass10_full\java_predictions_pass10.jsonl
all total    : outputs\pass10_full\all_predictions_pass10.jsonl
artifact root: outputs\pass10_full\python\62e4fb4d85ea9864308902e7

====================================================================================================
[22/460] full pass-k running
lang    : python
task_id : 62b8d27a48ba5a41d1c3f4c6
pass_k  : 10
====================================================================================================
[TASK 22/460] [PASS 1/10] generating...
[TASK 22/460] [PASS 2/10] generating...
[TASK 22/460] [PASS 3/10] generating...
[TASK 22/460] [PASS 4/10] generating...
[TASK 22/460] [PASS 5/10] generating...
[TASK 22/460] [PASS 6/10] generating...
[TASK 22/460] [PASS 7/10] generating...
[TASK 22/460] [PASS 8/10] generating...
[TASK 22/460] [PASS 9/10] generating...
[TASK 22/460] [PASS 10/10] generating...
[TASK RECORD]
single jsonl : outputs\pass10_full\python\62b8d27a48ba5a41d1c3f4c6_pass10.jsonl
python total : outputs\pass10_full\python_predictions_pass10.jsonl
java total   : outputs\pass10_full\java_predictions_pass10.jsonl
all total    : outputs\pass10_full\all_predictions_pass10.jsonl
artifact root: outputs\pass10_full\python\62b8d27a48ba5a41d1c3f4c6

====================================================================================================
[23/460] full pass-k running
lang    : python
task_id : 62b8d24048ba5a41d1c3f49f
pass_k  : 10
====================================================================================================
[TASK 23/460] [PASS 1/10] generating...
[TASK 23/460] [PASS 2/10] generating...
[TASK 23/460] [PASS 3/10] generating...
[TASK 23/460] [PASS 4/10] generating...
[TASK 23/460] [PASS 5/10] generating...
[TASK 23/460] [PASS 6/10] generating...
[TASK 23/460] [PASS 7/10] generating...
[TASK 23/460] [PASS 8/10] generating...
[TASK 23/460] [PASS 9/10] generating...
[TASK 23/460] [PASS 10/10] generating...
[TASK RECORD]
single jsonl : outputs\pass10_full\python\62b8d24048ba5a41d1c3f49f_pass10.jsonl
python total : outputs\pass10_full\python_predictions_pass10.jsonl
java total   : outputs\pass10_full\java_predictions_pass10.jsonl
all total    : outputs\pass10_full\all_predictions_pass10.jsonl
artifact root: outputs\pass10_full\python\62b8d24048ba5a41d1c3f49f

====================================================================================================
[24/460] full pass-k running
lang    : python
task_id : 62b8d23b48ba5a41d1c3f49a
pass_k  : 10
====================================================================================================
[TASK 24/460] [PASS 1/10] generating...
[TASK 24/460] [PASS 2/10] generating...
[TASK 24/460] [PASS 3/10] generating...
[TASK 24/460] [PASS 4/10] generating...
[TASK 24/460] [PASS 5/10] generating...
[TASK 24/460] [PASS 6/10] generating...
[TASK 24/460] [PASS 7/10] generating...
[TASK 24/460] [PASS 8/10] generating...
[TASK 24/460] [PASS 9/10] generating...
[TASK 24/460] [PASS 10/10] generating...
[TASK RECORD]
single jsonl : outputs\pass10_full\python\62b8d23b48ba5a41d1c3f49a_pass10.jsonl
python total : outputs\pass10_full\python_predictions_pass10.jsonl
java total   : outputs\pass10_full\java_predictions_pass10.jsonl
all total    : outputs\pass10_full\all_predictions_pass10.jsonl
artifact root: outputs\pass10_full\python\62b8d23b48ba5a41d1c3f49a

====================================================================================================
[25/460] full pass-k running
lang    : python
task_id : 62b8d23948ba5a41d1c3f498
pass_k  : 10
====================================================================================================
[TASK 25/460] [PASS 1/10] generating...
[TASK 25/460] [PASS 2/10] generating...
[TASK 25/460] [PASS 3/10] generating...
[TASK 25/460] [PASS 4/10] generating...
[TASK 25/460] [PASS 5/10] generating...
[TASK 25/460] [PASS 6/10] generating...
[TASK 25/460] [PASS 7/10] generating...
[TASK 25/460] [PASS 8/10] generating...
[TASK 25/460] [PASS 9/10] generating...
[TASK 25/460] [PASS 10/10] generating...
[TASK RECORD]
single jsonl : outputs\pass10_full\python\62b8d23948ba5a41d1c3f498_pass10.jsonl
python total : outputs\pass10_full\python_predictions_pass10.jsonl
java total   : outputs\pass10_full\java_predictions_pass10.jsonl
all total    : outputs\pass10_full\all_predictions_pass10.jsonl
artifact root: outputs\pass10_full\python\62b8d23948ba5a41d1c3f498

====================================================================================================
[26/460] full pass-k running
lang    : python
task_id : 62b8d23748ba5a41d1c3f496
pass_k  : 10
====================================================================================================
[TASK 26/460] [PASS 1/10] generating...
[TASK 26/460] [PASS 2/10] generating...
[TASK 26/460] [PASS 3/10] generating...
[TASK 26/460] [PASS 4/10] generating...
[TASK 26/460] [PASS 5/10] generating...
[TASK 26/460] [PASS 6/10] generating...
[TASK 26/460] [PASS 7/10] generating...
[TASK 26/460] [PASS 8/10] generating...
[TASK 26/460] [PASS 9/10] generating...
[TASK 26/460] [PASS 10/10] generating...
[TASK RECORD]
single jsonl : outputs\pass10_full\python\62b8d23748ba5a41d1c3f496_pass10.jsonl
python total : outputs\pass10_full\python_predictions_pass10.jsonl
java total   : outputs\pass10_full\java_predictions_pass10.jsonl
all total    : outputs\pass10_full\all_predictions_pass10.jsonl
artifact root: outputs\pass10_full\python\62b8d23748ba5a41d1c3f496

====================================================================================================
[27/460] full pass-k running
lang    : python
task_id : 62b8d22f48ba5a41d1c3f488
pass_k  : 10
====================================================================================================
[TASK 27/460] [PASS 1/10] generating...
[TASK 27/460] [PASS 2/10] generating...
[TASK 27/460] [PASS 3/10] generating...
[TASK 27/460] [PASS 4/10] generating...
[TASK 27/460] [PASS 5/10] generating...
[TASK 27/460] [PASS 6/10] generating...
[TASK 27/460] [PASS 7/10] generating...
[TASK 27/460] [PASS 8/10] generating...
[TASK 27/460] [PASS 9/10] generating...
[TASK 27/460] [PASS 10/10] generating...
[TASK RECORD]
single jsonl : outputs\pass10_full\python\62b8d22f48ba5a41d1c3f488_pass10.jsonl
python total : outputs\pass10_full\python_predictions_pass10.jsonl
java total   : outputs\pass10_full\java_predictions_pass10.jsonl
all total    : outputs\pass10_full\all_predictions_pass10.jsonl
artifact root: outputs\pass10_full\python\62b8d22f48ba5a41d1c3f488

====================================================================================================
[28/460] full pass-k running
lang    : python
task_id : 62b8d22a48ba5a41d1c3f47e
pass_k  : 10
====================================================================================================
[TASK 28/460] [PASS 1/10] generating...
[TASK 28/460] [PASS 2/10] generating...
[TASK 28/460] [PASS 3/10] generating...
[TASK 28/460] [PASS 4/10] generating...
[TASK 28/460] [PASS 5/10] generating...
[TASK 28/460] [PASS 6/10] generating...
[TASK 28/460] [PASS 7/10] generating...
[TASK 28/460] [PASS 8/10] generating...
[TASK 28/460] [PASS 9/10] generating...
[TASK 28/460] [PASS 10/10] generating...
[TASK RECORD]
single jsonl : outputs\pass10_full\python\62b8d22a48ba5a41d1c3f47e_pass10.jsonl
python total : outputs\pass10_full\python_predictions_pass10.jsonl
java total   : outputs\pass10_full\java_predictions_pass10.jsonl
all total    : outputs\pass10_full\all_predictions_pass10.jsonl
artifact root: outputs\pass10_full\python\62b8d22a48ba5a41d1c3f47e

====================================================================================================
[29/460] full pass-k running
lang    : python
task_id : 62b8d22948ba5a41d1c3f47c
pass_k  : 10
====================================================================================================
[TASK 29/460] [PASS 1/10] generating...
[TASK 29/460] [PASS 2/10] generating...
[TASK 29/460] [PASS 3/10] generating...
[TASK 29/460] [PASS 4/10] generating...
[TASK 29/460] [PASS 5/10] generating...
[TASK 29/460] [PASS 6/10] generating...
[TASK 29/460] [PASS 7/10] generating...
[TASK 29/460] [PASS 8/10] generating...
[TASK 29/460] [PASS 9/10] generating...
[TASK 29/460] [PASS 10/10] generating...
[TASK RECORD]
single jsonl : outputs\pass10_full\python\62b8d22948ba5a41d1c3f47c_pass10.jsonl
python total : outputs\pass10_full\python_predictions_pass10.jsonl
java total   : outputs\pass10_full\java_predictions_pass10.jsonl
all total    : outputs\pass10_full\all_predictions_pass10.jsonl
artifact root: outputs\pass10_full\python\62b8d22948ba5a41d1c3f47c

====================================================================================================
[30/460] full pass-k running
lang    : python
task_id : 62b8d22548ba5a41d1c3f472
pass_k  : 10
====================================================================================================
[TASK 30/460] [PASS 1/10] generating...
[TASK 30/460] [PASS 2/10] generating...
[TASK 30/460] [PASS 3/10] generating...
[TASK 30/460] [PASS 4/10] generating...
[TASK 30/460] [PASS 5/10] generating...
[TASK 30/460] [PASS 6/10] generating...
[TASK 30/460] [PASS 7/10] generating...
[TASK 30/460] [PASS 8/10] generating...
[TASK 30/460] [PASS 9/10] generating...
[TASK 30/460] [PASS 10/10] generating...
[TASK RECORD]
single jsonl : outputs\pass10_full\python\62b8d22548ba5a41d1c3f472_pass10.jsonl
python total : outputs\pass10_full\python_predictions_pass10.jsonl
java total   : outputs\pass10_full\java_predictions_pass10.jsonl
all total    : outputs\pass10_full\all_predictions_pass10.jsonl
artifact root: outputs\pass10_full\python\62b8d22548ba5a41d1c3f472

====================================================================================================
[31/460] full pass-k running
lang    : python
task_id : 62b8c517e0d34b282c18122e
pass_k  : 10
====================================================================================================
[TASK 31/460] [PASS 1/10] generating...
[TASK ERROR]
lang      : python
task_id   : 62b8c517e0d34b282c18122e
error     : 'logging_init'
errors log: outputs\pass10_full\errors.jsonl

====================================================================================================
[32/460] full pass-k running
lang    : python
task_id : 62b8bbbfe0d34b282c181210
pass_k  : 10
====================================================================================================
[TASK 32/460] [PASS 1/10] generating...
[TASK ERROR]
lang      : python
task_id   : 62b8bbbfe0d34b282c181210
error     : 'is_path_exist'
errors log: outputs\pass10_full\errors.jsonl

====================================================================================================
[33/460] full pass-k running
lang    : python
task_id : 62b8bbbfe0d34b282c18120f
pass_k  : 10
====================================================================================================
[TASK 33/460] [PASS 1/10] generating...
[TASK ERROR]
lang      : python
task_id   : 62b8bbbfe0d34b282c18120f
error     : 'is_path_exist'
errors log: outputs\pass10_full\errors.jsonl

====================================================================================================
[34/460] full pass-k running
lang    : python
task_id : 62b8bbbce0d34b282c18120d
pass_k  : 10
====================================================================================================
[TASK 34/460] [PASS 1/10] generating...
[TASK ERROR]
lang      : python
task_id   : 62b8bbbce0d34b282c18120d
error     : 'is_path_exist'
errors log: outputs\pass10_full\errors.jsonl

====================================================================================================
[35/460] full pass-k running
lang    : python
task_id : 62b8b99de0d34b282c1811f8
pass_k  : 10
====================================================================================================
[TASK 35/460] [PASS 1/10] generating...
[TASK ERROR]
lang      : python
task_id   : 62b8b99de0d34b282c1811f8
error     : 'extostr'
errors log: outputs\pass10_full\errors.jsonl

====================================================================================================
[36/460] full pass-k running
lang    : python
task_id : 62b8b59feb7e40a82d2d1291
pass_k  : 10
====================================================================================================
[TASK 36/460] [PASS 1/10] generating...
[TASK 36/460] [PASS 2/10] generating...
[TASK 36/460] [PASS 3/10] generating...
[TASK 36/460] [PASS 4/10] generating...
[TASK 36/460] [PASS 5/10] generating...
[TASK 36/460] [PASS 6/10] generating...
[TASK 36/460] [PASS 7/10] generating...
[TASK 36/460] [PASS 8/10] generating...
[TASK 36/460] [PASS 9/10] generating...
[TASK 36/460] [PASS 10/10] generating...
[TASK RECORD]
single jsonl : outputs\pass10_full\python\62b8b59feb7e40a82d2d1291_pass10.jsonl
python total : outputs\pass10_full\python_predictions_pass10.jsonl
java total   : outputs\pass10_full\java_predictions_pass10.jsonl
all total    : outputs\pass10_full\all_predictions_pass10.jsonl
artifact root: outputs\pass10_full\python\62b8b59feb7e40a82d2d1291

====================================================================================================
[37/460] full pass-k running
lang    : python
task_id : 62b8b590eb7e40a82d2d1275
pass_k  : 10
====================================================================================================
[TASK 37/460] [PASS 1/10] generating...
[TASK 37/460] [PASS 2/10] generating...
[TASK 37/460] [PASS 3/10] generating...
[TASK 37/460] [PASS 4/10] generating...
[TASK 37/460] [PASS 5/10] generating...
[TASK 37/460] [PASS 6/10] generating...
[TASK 37/460] [PASS 7/10] generating...
[TASK 37/460] [PASS 8/10] generating...
[TASK 37/460] [PASS 9/10] generating...
[TASK 37/460] [PASS 10/10] generating...
[TASK RECORD]
single jsonl : outputs\pass10_full\python\62b8b590eb7e40a82d2d1275_pass10.jsonl
python total : outputs\pass10_full\python_predictions_pass10.jsonl
java total   : outputs\pass10_full\java_predictions_pass10.jsonl
all total    : outputs\pass10_full\all_predictions_pass10.jsonl
artifact root: outputs\pass10_full\python\62b8b590eb7e40a82d2d1275

====================================================================================================
[38/460] full pass-k running
lang    : python
task_id : 62b8b58deb7e40a82d2d1269
pass_k  : 10
====================================================================================================
[TASK 38/460] [PASS 1/10] generating...
[TASK ERROR]
lang      : python
task_id   : 62b8b58deb7e40a82d2d1269
error     : 'implementedBy'
errors log: outputs\pass10_full\errors.jsonl

====================================================================================================
[39/460] full pass-k running
lang    : python
task_id : 62b8b559eb7e40a82d2d11f8
pass_k  : 10
====================================================================================================
[TASK 39/460] [PASS 1/10] generating...
[TASK 39/460] [PASS 2/10] generating...
[TASK 39/460] [PASS 3/10] generating...
[TASK 39/460] [PASS 4/10] generating...
[TASK 39/460] [PASS 5/10] generating...
[TASK 39/460] [PASS 6/10] generating...
[TASK 39/460] [PASS 7/10] generating...
[TASK 39/460] [PASS 8/10] generating...
[TASK 39/460] [PASS 9/10] generating...
[TASK 39/460] [PASS 10/10] generating...
[TASK RECORD]
single jsonl : outputs\pass10_full\python\62b8b559eb7e40a82d2d11f8_pass10.jsonl
python total : outputs\pass10_full\python_predictions_pass10.jsonl
java total   : outputs\pass10_full\java_predictions_pass10.jsonl
all total    : outputs\pass10_full\all_predictions_pass10.jsonl
artifact root: outputs\pass10_full\python\62b8b559eb7e40a82d2d11f8

====================================================================================================
[40/460] full pass-k running
lang    : python
task_id : 62b8b4b9eb7e40a82d2d1134
pass_k  : 10
====================================================================================================
[TASK 40/460] [PASS 1/10] generating...
[TASK 40/460] [PASS 2/10] generating...
[TASK 40/460] [PASS 3/10] generating...
[TASK 40/460] [PASS 4/10] generating...
[TASK 40/460] [PASS 5/10] generating...
[TASK 40/460] [PASS 6/10] generating...
[TASK 40/460] [PASS 7/10] generating...
[TASK 40/460] [PASS 8/10] generating...
[TASK 40/460] [PASS 9/10] generating...
[TASK 40/460] [PASS 10/10] generating...
[TASK RECORD]
single jsonl : outputs\pass10_full\python\62b8b4b9eb7e40a82d2d1134_pass10.jsonl
python total : outputs\pass10_full\python_predictions_pass10.jsonl
java total   : outputs\pass10_full\java_predictions_pass10.jsonl
all total    : outputs\pass10_full\all_predictions_pass10.jsonl
artifact root: outputs\pass10_full\python\62b8b4b9eb7e40a82d2d1134

====================================================================================================
[41/460] full pass-k running
lang    : python
task_id : 62b8b416eb7e40a82d2d1129
pass_k  : 10
====================================================================================================
[TASK 41/460] [PASS 1/10] generating...
[TASK 41/460] [PASS 2/10] generating...
[TASK 41/460] [PASS 3/10] generating...
[TASK 41/460] [PASS 4/10] generating...
[TASK 41/460] [PASS 5/10] generating...
[TASK 41/460] [PASS 6/10] generating...
[TASK 41/460] [PASS 7/10] generating...
[TASK 41/460] [PASS 8/10] generating...
[TASK 41/460] [PASS 9/10] generating...
[TASK 41/460] [PASS 10/10] generating...
[TASK RECORD]
single jsonl : outputs\pass10_full\python\62b8b416eb7e40a82d2d1129_pass10.jsonl
python total : outputs\pass10_full\python_predictions_pass10.jsonl
java total   : outputs\pass10_full\java_predictions_pass10.jsonl
all total    : outputs\pass10_full\all_predictions_pass10.jsonl
artifact root: outputs\pass10_full\python\62b8b416eb7e40a82d2d1129

====================================================================================================
[42/460] full pass-k running
lang    : python
task_id : 62b8b3d6eb7e40a82d2d111c
pass_k  : 10
====================================================================================================
[TASK 42/460] [PASS 1/10] generating...
[TASK 42/460] [PASS 2/10] generating...
[TASK 42/460] [PASS 3/10] generating...
[TASK 42/460] [PASS 4/10] generating...
[TASK 42/460] [PASS 5/10] generating...
[TASK 42/460] [PASS 6/10] generating...
[TASK 42/460] [PASS 7/10] generating...
[TASK 42/460] [PASS 8/10] generating...
[TASK 42/460] [PASS 9/10] generating...
[TASK 42/460] [PASS 10/10] generating...
[TASK RECORD]
single jsonl : outputs\pass10_full\python\62b8b3d6eb7e40a82d2d111c_pass10.jsonl
python total : outputs\pass10_full\python_predictions_pass10.jsonl
java total   : outputs\pass10_full\java_predictions_pass10.jsonl
all total    : outputs\pass10_full\all_predictions_pass10.jsonl
artifact root: outputs\pass10_full\python\62b8b3d6eb7e40a82d2d111c

====================================================================================================
[43/460] full pass-k running
lang    : python
task_id : 62b8b3d5eb7e40a82d2d1110
pass_k  : 10
====================================================================================================
[TASK 43/460] [PASS 1/10] generating...
[TASK 43/460] [PASS 2/10] generating...
[TASK 43/460] [PASS 3/10] generating...
[TASK 43/460] [PASS 4/10] generating...
[TASK 43/460] [PASS 5/10] generating...
[TASK 43/460] [PASS 6/10] generating...
[TASK 43/460] [PASS 7/10] generating...
[TASK 43/460] [PASS 8/10] generating...
[TASK 43/460] [PASS 9/10] generating...
[TASK 43/460] [PASS 10/10] generating...
[TASK RECORD]
single jsonl : outputs\pass10_full\python\62b8b3d5eb7e40a82d2d1110_pass10.jsonl
python total : outputs\pass10_full\python_predictions_pass10.jsonl
java total   : outputs\pass10_full\java_predictions_pass10.jsonl
all total    : outputs\pass10_full\all_predictions_pass10.jsonl
artifact root: outputs\pass10_full\python\62b8b3d5eb7e40a82d2d1110

====================================================================================================
[44/460] full pass-k running
lang    : python
task_id : 62b8b3d4eb7e40a82d2d110f
pass_k  : 10
====================================================================================================
[TASK 44/460] [PASS 1/10] generating...
[TASK 44/460] [PASS 2/10] generating...
[TASK 44/460] [PASS 3/10] generating...
[TASK 44/460] [PASS 4/10] generating...
[TASK 44/460] [PASS 5/10] generating...
[TASK 44/460] [PASS 6/10] generating...
[TASK 44/460] [PASS 7/10] generating...
[TASK 44/460] [PASS 8/10] generating...
[TASK 44/460] [PASS 9/10] generating...
[TASK 44/460] [PASS 10/10] generating...
[TASK RECORD]
single jsonl : outputs\pass10_full\python\62b8b3d4eb7e40a82d2d110f_pass10.jsonl
python total : outputs\pass10_full\python_predictions_pass10.jsonl
java total   : outputs\pass10_full\java_predictions_pass10.jsonl
all total    : outputs\pass10_full\all_predictions_pass10.jsonl
artifact root: outputs\pass10_full\python\62b8b3d4eb7e40a82d2d110f

====================================================================================================
[45/460] full pass-k running
lang    : python
task_id : 62b8b3d4eb7e40a82d2d110e
pass_k  : 10
====================================================================================================
[TASK 45/460] [PASS 1/10] generating...
[TASK 45/460] [PASS 2/10] generating...
[TASK 45/460] [PASS 3/10] generating...
[TASK 45/460] [PASS 4/10] generating...
[TASK 45/460] [PASS 5/10] generating...
[TASK 45/460] [PASS 6/10] generating...
[TASK 45/460] [PASS 7/10] generating...
[TASK 45/460] [PASS 8/10] generating...
[TASK 45/460] [PASS 9/10] generating...
[TASK 45/460] [PASS 10/10] generating...
[TASK RECORD]
single jsonl : outputs\pass10_full\python\62b8b3d4eb7e40a82d2d110e_pass10.jsonl
python total : outputs\pass10_full\python_predictions_pass10.jsonl
java total   : outputs\pass10_full\java_predictions_pass10.jsonl
all total    : outputs\pass10_full\all_predictions_pass10.jsonl
artifact root: outputs\pass10_full\python\62b8b3d4eb7e40a82d2d110e

====================================================================================================
[46/460] full pass-k running
lang    : python
task_id : 62b8b3d4eb7e40a82d2d110d
pass_k  : 10
====================================================================================================
[TASK 46/460] [PASS 1/10] generating...
[TASK 46/460] [PASS 2/10] generating...
[TASK 46/460] [PASS 3/10] generating...
[TASK 46/460] [PASS 4/10] generating...
[TASK 46/460] [PASS 5/10] generating...
[TASK 46/460] [PASS 6/10] generating...
[TASK 46/460] [PASS 7/10] generating...
[TASK 46/460] [PASS 8/10] generating...
[TASK 46/460] [PASS 9/10] generating...
[TASK 46/460] [PASS 10/10] generating...
[TASK RECORD]
single jsonl : outputs\pass10_full\python\62b8b3d4eb7e40a82d2d110d_pass10.jsonl
python total : outputs\pass10_full\python_predictions_pass10.jsonl
java total   : outputs\pass10_full\java_predictions_pass10.jsonl
all total    : outputs\pass10_full\all_predictions_pass10.jsonl
artifact root: outputs\pass10_full\python\62b8b3d4eb7e40a82d2d110d

====================================================================================================
[47/460] full pass-k running
lang    : python
task_id : 62b87b989a0c4fa8b80b35ee
pass_k  : 10
====================================================================================================
[TASK 47/460] [PASS 1/10] generating...
[TASK 47/460] [PASS 2/10] generating...
[TASK 47/460] [PASS 3/10] generating...
[TASK 47/460] [PASS 4/10] generating...
[TASK 47/460] [PASS 5/10] generating...
[TASK 47/460] [PASS 6/10] generating...
[TASK 47/460] [PASS 7/10] generating...
[TASK 47/460] [PASS 8/10] generating...
[TASK 47/460] [PASS 9/10] generating...
[TASK 47/460] [PASS 10/10] generating...
[TASK RECORD]
single jsonl : outputs\pass10_full\python\62b87b989a0c4fa8b80b35ee_pass10.jsonl
python total : outputs\pass10_full\python_predictions_pass10.jsonl
java total   : outputs\pass10_full\java_predictions_pass10.jsonl
all total    : outputs\pass10_full\all_predictions_pass10.jsonl
artifact root: outputs\pass10_full\python\62b87b989a0c4fa8b80b35ee

====================================================================================================
[48/460] full pass-k running
lang    : python
task_id : 62b87b859a0c4fa8b80b35d7
pass_k  : 10
====================================================================================================
[TASK 48/460] [PASS 1/10] generating...
[TASK 48/460] [PASS 2/10] generating...
[TASK 48/460] [PASS 3/10] generating...
[TASK 48/460] [PASS 4/10] generating...
[TASK 48/460] [PASS 5/10] generating...
[TASK 48/460] [PASS 6/10] generating...
[TASK 48/460] [PASS 7/10] generating...
[TASK 48/460] [PASS 8/10] generating...
[TASK 48/460] [PASS 9/10] generating...
[TASK 48/460] [PASS 10/10] generating...
[TASK RECORD]
single jsonl : outputs\pass10_full\python\62b87b859a0c4fa8b80b35d7_pass10.jsonl
python total : outputs\pass10_full\python_predictions_pass10.jsonl
java total   : outputs\pass10_full\java_predictions_pass10.jsonl
all total    : outputs\pass10_full\all_predictions_pass10.jsonl
artifact root: outputs\pass10_full\python\62b87b859a0c4fa8b80b35d7

====================================================================================================
[49/460] full pass-k running
lang    : python
task_id : 62b87b839a0c4fa8b80b35cb
pass_k  : 10
====================================================================================================
[TASK 49/460] [PASS 1/10] generating...
[TASK 49/460] [PASS 2/10] generating...
[TASK 49/460] [PASS 3/10] generating...
[TASK 49/460] [PASS 4/10] generating...
[TASK 49/460] [PASS 5/10] generating...
[TASK 49/460] [PASS 6/10] generating...
[TASK 49/460] [PASS 7/10] generating...
[TASK 49/460] [PASS 8/10] generating...
[TASK 49/460] [PASS 9/10] generating...
[TASK 49/460] [PASS 10/10] generating...
[TASK RECORD]
single jsonl : outputs\pass10_full\python\62b87b839a0c4fa8b80b35cb_pass10.jsonl
python total : outputs\pass10_full\python_predictions_pass10.jsonl
java total   : outputs\pass10_full\java_predictions_pass10.jsonl
all total    : outputs\pass10_full\all_predictions_pass10.jsonl
artifact root: outputs\pass10_full\python\62b87b839a0c4fa8b80b35cb

====================================================================================================
[50/460] full pass-k running
lang    : python
task_id : 62b87b7e9a0c4fa8b80b35bc
pass_k  : 10
====================================================================================================
[TASK 50/460] [PASS 1/10] generating...
[TASK 50/460] [PASS 2/10] generating...
[TASK 50/460] [PASS 3/10] generating...
[TASK 50/460] [PASS 4/10] generating...
[TASK 50/460] [PASS 5/10] generating...
[TASK 50/460] [PASS 6/10] generating...
[TASK 50/460] [PASS 7/10] generating...
[TASK 50/460] [PASS 8/10] generating...
[TASK 50/460] [PASS 9/10] generating...
[TASK 50/460] [PASS 10/10] generating...
[TASK RECORD]
single jsonl : outputs\pass10_full\python\62b87b7e9a0c4fa8b80b35bc_pass10.jsonl
python total : outputs\pass10_full\python_predictions_pass10.jsonl
java total   : outputs\pass10_full\java_predictions_pass10.jsonl
all total    : outputs\pass10_full\all_predictions_pass10.jsonl
artifact root: outputs\pass10_full\python\62b87b7e9a0c4fa8b80b35bc

====================================================================================================
[51/460] full pass-k running
lang    : python
task_id : 62b87b4f9a0c4fa8b80b3580
pass_k  : 10
====================================================================================================
[TASK 51/460] [PASS 1/10] generating...
[TASK 51/460] [PASS 2/10] generating...
[TASK 51/460] [PASS 3/10] generating...
[TASK 51/460] [PASS 4/10] generating...
[TASK 51/460] [PASS 5/10] generating...
[TASK 51/460] [PASS 6/10] generating...
[TASK 51/460] [PASS 7/10] generating...
[TASK 51/460] [PASS 8/10] generating...
[TASK 51/460] [PASS 9/10] generating...
[TASK 51/460] [PASS 10/10] generating...
[TASK RECORD]
single jsonl : outputs\pass10_full\python\62b87b4f9a0c4fa8b80b3580_pass10.jsonl
python total : outputs\pass10_full\python_predictions_pass10.jsonl
java total   : outputs\pass10_full\java_predictions_pass10.jsonl
all total    : outputs\pass10_full\all_predictions_pass10.jsonl
artifact root: outputs\pass10_full\python\62b87b4f9a0c4fa8b80b3580

====================================================================================================
[52/460] full pass-k running
lang    : python
task_id : 62b87b199a0c4fa8b80b354e
pass_k  : 10
====================================================================================================
[TASK 52/460] [PASS 1/10] generating...
[TASK 52/460] [PASS 2/10] generating...
[TASK 52/460] [PASS 3/10] generating...
[TASK 52/460] [PASS 4/10] generating...
[TASK 52/460] [PASS 5/10] generating...
[TASK 52/460] [PASS 6/10] generating...
[TASK 52/460] [PASS 7/10] generating...
[TASK 52/460] [PASS 8/10] generating...
[TASK 52/460] [PASS 9/10] generating...
[TASK 52/460] [PASS 10/10] generating...
[TASK RECORD]
single jsonl : outputs\pass10_full\python\62b87b199a0c4fa8b80b354e_pass10.jsonl
python total : outputs\pass10_full\python_predictions_pass10.jsonl
java total   : outputs\pass10_full\java_predictions_pass10.jsonl
all total    : outputs\pass10_full\all_predictions_pass10.jsonl
artifact root: outputs\pass10_full\python\62b87b199a0c4fa8b80b354e

====================================================================================================
[53/460] full pass-k running
lang    : python
task_id : 62b87b099a0c4fa8b80b3538
pass_k  : 10
====================================================================================================
[TASK 53/460] [PASS 1/10] generating...
[TASK 53/460] [PASS 2/10] generating...
[TASK 53/460] [PASS 3/10] generating...
[TASK 53/460] [PASS 4/10] generating...
[TASK 53/460] [PASS 5/10] generating...
[TASK 53/460] [PASS 6/10] generating...
[TASK 53/460] [PASS 7/10] generating...
[TASK 53/460] [PASS 8/10] generating...
[TASK 53/460] [PASS 9/10] generating...
[TASK 53/460] [PASS 10/10] generating...
[TASK RECORD]
single jsonl : outputs\pass10_full\python\62b87b099a0c4fa8b80b3538_pass10.jsonl
python total : outputs\pass10_full\python_predictions_pass10.jsonl
java total   : outputs\pass10_full\java_predictions_pass10.jsonl
all total    : outputs\pass10_full\all_predictions_pass10.jsonl
artifact root: outputs\pass10_full\python\62b87b099a0c4fa8b80b3538

====================================================================================================
[54/460] full pass-k running
lang    : python
task_id : 62b87af99a0c4fa8b80b3524
pass_k  : 10
====================================================================================================
[TASK 54/460] [PASS 1/10] generating...
[TASK 54/460] [PASS 2/10] generating...
[TASK 54/460] [PASS 3/10] generating...
[TASK 54/460] [PASS 4/10] generating...
[TASK 54/460] [PASS 5/10] generating...
[TASK 54/460] [PASS 6/10] generating...
[TASK 54/460] [PASS 7/10] generating...
[TASK 54/460] [PASS 8/10] generating...
[TASK 54/460] [PASS 9/10] generating...
[TASK 54/460] [PASS 10/10] generating...
[TASK RECORD]
single jsonl : outputs\pass10_full\python\62b87af99a0c4fa8b80b3524_pass10.jsonl
python total : outputs\pass10_full\python_predictions_pass10.jsonl
java total   : outputs\pass10_full\java_predictions_pass10.jsonl
all total    : outputs\pass10_full\all_predictions_pass10.jsonl
artifact root: outputs\pass10_full\python\62b87af99a0c4fa8b80b3524

====================================================================================================
[55/460] full pass-k running
lang    : python
task_id : 62b87af69a0c4fa8b80b351a
pass_k  : 10
====================================================================================================
[TASK 55/460] [PASS 1/10] generating...
[TASK 55/460] [PASS 2/10] generating...
[TASK 55/460] [PASS 3/10] generating...
[TASK 55/460] [PASS 4/10] generating...
[TASK 55/460] [PASS 5/10] generating...
[TASK 55/460] [PASS 6/10] generating...
[TASK 55/460] [PASS 7/10] generating...
[TASK 55/460] [PASS 8/10] generating...
[TASK 55/460] [PASS 9/10] generating...
[TASK 55/460] [PASS 10/10] generating...
[TASK RECORD]
single jsonl : outputs\pass10_full\python\62b87af69a0c4fa8b80b351a_pass10.jsonl
python total : outputs\pass10_full\python_predictions_pass10.jsonl
java total   : outputs\pass10_full\java_predictions_pass10.jsonl
all total    : outputs\pass10_full\all_predictions_pass10.jsonl
artifact root: outputs\pass10_full\python\62b87af69a0c4fa8b80b351a

====================================================================================================
[56/460] full pass-k running
lang    : python
task_id : 62b87af19a0c4fa8b80b34f7
pass_k  : 10
====================================================================================================
[TASK 56/460] [PASS 1/10] generating...
[TASK 56/460] [PASS 2/10] generating...
[TASK 56/460] [PASS 3/10] generating...
[TASK 56/460] [PASS 4/10] generating...
[TASK 56/460] [PASS 5/10] generating...
[TASK 56/460] [PASS 6/10] generating...
[TASK 56/460] [PASS 7/10] generating...
[TASK 56/460] [PASS 8/10] generating...
[TASK 56/460] [PASS 9/10] generating...
[TASK 56/460] [PASS 10/10] generating...
[TASK RECORD]
single jsonl : outputs\pass10_full\python\62b87af19a0c4fa8b80b34f7_pass10.jsonl
python total : outputs\pass10_full\python_predictions_pass10.jsonl
java total   : outputs\pass10_full\java_predictions_pass10.jsonl
all total    : outputs\pass10_full\all_predictions_pass10.jsonl
artifact root: outputs\pass10_full\python\62b87af19a0c4fa8b80b34f7

====================================================================================================
[57/460] full pass-k running
lang    : python
task_id : 62b87af09a0c4fa8b80b34f1
pass_k  : 10
====================================================================================================
[TASK 57/460] [PASS 1/10] generating...
[TASK 57/460] [PASS 2/10] generating...
[TASK 57/460] [PASS 3/10] generating...
[TASK 57/460] [PASS 4/10] generating...
[TASK 57/460] [PASS 5/10] generating...
[TASK 57/460] [PASS 6/10] generating...
[TASK 57/460] [PASS 7/10] generating...
[TASK 57/460] [PASS 8/10] generating...
[TASK 57/460] [PASS 9/10] generating...
[TASK 57/460] [PASS 10/10] generating...
[TASK RECORD]
single jsonl : outputs\pass10_full\python\62b87af09a0c4fa8b80b34f1_pass10.jsonl
python total : outputs\pass10_full\python_predictions_pass10.jsonl
java total   : outputs\pass10_full\java_predictions_pass10.jsonl
all total    : outputs\pass10_full\all_predictions_pass10.jsonl
artifact root: outputs\pass10_full\python\62b87af09a0c4fa8b80b34f1

====================================================================================================
[58/460] full pass-k running
lang    : python
task_id : 62b86aa3b4d922cb0e688d36
pass_k  : 10
====================================================================================================
[TASK 58/460] [PASS 1/10] generating...
[TASK 58/460] [PASS 2/10] generating...
[TASK 58/460] [PASS 3/10] generating...
[TASK 58/460] [PASS 4/10] generating...
[TASK 58/460] [PASS 5/10] generating...
[TASK 58/460] [PASS 6/10] generating...
[TASK 58/460] [PASS 7/10] generating...
[TASK 58/460] [PASS 8/10] generating...
[TASK 58/460] [PASS 9/10] generating...
[TASK 58/460] [PASS 10/10] generating...
[TASK RECORD]
single jsonl : outputs\pass10_full\python\62b86aa3b4d922cb0e688d36_pass10.jsonl
python total : outputs\pass10_full\python_predictions_pass10.jsonl
java total   : outputs\pass10_full\java_predictions_pass10.jsonl
all total    : outputs\pass10_full\all_predictions_pass10.jsonl
artifact root: outputs\pass10_full\python\62b86aa3b4d922cb0e688d36

====================================================================================================
[59/460] full pass-k running
lang    : python
task_id : 62b86a9eb4d922cb0e688d25
pass_k  : 10
====================================================================================================
[TASK 59/460] [PASS 1/10] generating...
[TASK 59/460] [PASS 2/10] generating...
[TASK 59/460] [PASS 3/10] generating...
[TASK 59/460] [PASS 4/10] generating...
[TASK 59/460] [PASS 5/10] generating...
[TASK 59/460] [PASS 6/10] generating...
[TASK 59/460] [PASS 7/10] generating...
[TASK 59/460] [PASS 8/10] generating...
[TASK 59/460] [PASS 9/10] generating...
[TASK 59/460] [PASS 10/10] generating...
[TASK RECORD]
single jsonl : outputs\pass10_full\python\62b86a9eb4d922cb0e688d25_pass10.jsonl
python total : outputs\pass10_full\python_predictions_pass10.jsonl
java total   : outputs\pass10_full\java_predictions_pass10.jsonl
all total    : outputs\pass10_full\all_predictions_pass10.jsonl
artifact root: outputs\pass10_full\python\62b86a9eb4d922cb0e688d25

====================================================================================================
[60/460] full pass-k running
lang    : python
task_id : 62b86a4fb4d922cb0e688cf8
pass_k  : 10
====================================================================================================
[TASK 60/460] [PASS 1/10] generating...
[TASK ERROR]
lang      : python
task_id   : 62b86a4fb4d922cb0e688cf8
error     : '_get_labels_regex'
errors log: outputs\pass10_full\errors.jsonl

====================================================================================================
[61/460] full pass-k running
lang    : python
task_id : 62b86a4fb4d922cb0e688cf7
pass_k  : 10
====================================================================================================
[TASK 61/460] [PASS 1/10] generating...
[TASK ERROR]
lang      : python
task_id   : 62b86a4fb4d922cb0e688cf7
error     : '_get_labels_regex'
errors log: outputs\pass10_full\errors.jsonl

====================================================================================================
[62/460] full pass-k running
lang    : python
task_id : 62b86a01b4d922cb0e688ccc
pass_k  : 10
====================================================================================================
[TASK 62/460] [PASS 1/10] generating...
[TASK 62/460] [PASS 2/10] generating...
[TASK 62/460] [PASS 3/10] generating...
[TASK 62/460] [PASS 4/10] generating...
[TASK 62/460] [PASS 5/10] generating...
[TASK 62/460] [PASS 6/10] generating...
[TASK 62/460] [PASS 7/10] generating...
[TASK 62/460] [PASS 8/10] generating...
[TASK 62/460] [PASS 9/10] generating...
[TASK 62/460] [PASS 10/10] generating...
[TASK RECORD]
single jsonl : outputs\pass10_full\python\62b86a01b4d922cb0e688ccc_pass10.jsonl
python total : outputs\pass10_full\python_predictions_pass10.jsonl
java total   : outputs\pass10_full\java_predictions_pass10.jsonl
all total    : outputs\pass10_full\all_predictions_pass10.jsonl
artifact root: outputs\pass10_full\python\62b86a01b4d922cb0e688ccc

====================================================================================================
[63/460] full pass-k running
lang    : python
task_id : 62b869ebb4d922cb0e688cc6
pass_k  : 10
====================================================================================================
[TASK 63/460] [PASS 1/10] generating...
[TASK 63/460] [PASS 2/10] generating...
[TASK 63/460] [PASS 3/10] generating...
[TASK 63/460] [PASS 4/10] generating...
[TASK 63/460] [PASS 5/10] generating...
[TASK 63/460] [PASS 6/10] generating...
[TASK 63/460] [PASS 7/10] generating...
[TASK 63/460] [PASS 8/10] generating...
[TASK 63/460] [PASS 9/10] generating...
[TASK 63/460] [PASS 10/10] generating...
[TASK RECORD]
single jsonl : outputs\pass10_full\python\62b869ebb4d922cb0e688cc6_pass10.jsonl
python total : outputs\pass10_full\python_predictions_pass10.jsonl
java total   : outputs\pass10_full\java_predictions_pass10.jsonl
all total    : outputs\pass10_full\all_predictions_pass10.jsonl
artifact root: outputs\pass10_full\python\62b869ebb4d922cb0e688cc6

====================================================================================================
[64/460] full pass-k running
lang    : python
task_id : 62b869eab4d922cb0e688cc5
pass_k  : 10
====================================================================================================
[TASK 64/460] [PASS 1/10] generating...
[TASK 64/460] [PASS 2/10] generating...
[TASK 64/460] [PASS 3/10] generating...
[TASK 64/460] [PASS 4/10] generating...
[TASK 64/460] [PASS 5/10] generating...
[TASK 64/460] [PASS 6/10] generating...
[TASK 64/460] [PASS 7/10] generating...
[TASK 64/460] [PASS 8/10] generating...
[TASK 64/460] [PASS 9/10] generating...
[TASK 64/460] [PASS 10/10] generating...
[TASK RECORD]
single jsonl : outputs\pass10_full\python\62b869eab4d922cb0e688cc5_pass10.jsonl
python total : outputs\pass10_full\python_predictions_pass10.jsonl
java total   : outputs\pass10_full\java_predictions_pass10.jsonl
all total    : outputs\pass10_full\all_predictions_pass10.jsonl
artifact root: outputs\pass10_full\python\62b869eab4d922cb0e688cc5

====================================================================================================
[65/460] full pass-k running
lang    : python
task_id : 62b869eab4d922cb0e688cbf
pass_k  : 10
====================================================================================================
[TASK 65/460] [PASS 1/10] generating...
[TASK 65/460] [PASS 2/10] generating...
[TASK 65/460] [PASS 3/10] generating...
[TASK 65/460] [PASS 4/10] generating...
[TASK 65/460] [PASS 5/10] generating...
[TASK 65/460] [PASS 6/10] generating...
[TASK 65/460] [PASS 7/10] generating...
[TASK 65/460] [PASS 8/10] generating...
[TASK 65/460] [PASS 9/10] generating...
[TASK 65/460] [PASS 10/10] generating...
[TASK RECORD]
single jsonl : outputs\pass10_full\python\62b869eab4d922cb0e688cbf_pass10.jsonl
python total : outputs\pass10_full\python_predictions_pass10.jsonl
java total   : outputs\pass10_full\java_predictions_pass10.jsonl
all total    : outputs\pass10_full\all_predictions_pass10.jsonl
artifact root: outputs\pass10_full\python\62b869eab4d922cb0e688cbf

====================================================================================================
[66/460] full pass-k running
lang    : python
task_id : 62b43427903eeb48555d3ea5
pass_k  : 10
====================================================================================================
[TASK 66/460] [PASS 1/10] generating...
[TASK ERROR]
lang      : python
task_id   : 62b43427903eeb48555d3ea5
error     : 'formatmany'
errors log: outputs\pass10_full\errors.jsonl

====================================================================================================
[67/460] full pass-k running
lang    : python
task_id : 62b43428903eeb48555d3eaa
pass_k  : 10
====================================================================================================
[TASK 67/460] [PASS 1/10] generating...
[TASK ERROR]
lang      : python
task_id   : 62b43428903eeb48555d3eaa
error     : 'format'
errors log: outputs\pass10_full\errors.jsonl

====================================================================================================
[68/460] full pass-k running
lang    : python
task_id : 62b45df05108cfac7f2109ce
pass_k  : 10
====================================================================================================
[TASK 68/460] [PASS 1/10] generating...
[TASK 68/460] [PASS 2/10] generating...
[TASK 68/460] [PASS 3/10] generating...
[TASK 68/460] [PASS 4/10] generating...
[TASK 68/460] [PASS 5/10] generating...
[TASK 68/460] [PASS 6/10] generating...
[TASK 68/460] [PASS 7/10] generating...
[TASK 68/460] [PASS 8/10] generating...
[TASK 68/460] [PASS 9/10] generating...
[TASK 68/460] [PASS 10/10] generating...
[TASK RECORD]
single jsonl : outputs\pass10_full\python\62b45df05108cfac7f2109ce_pass10.jsonl
python total : outputs\pass10_full\python_predictions_pass10.jsonl
java total   : outputs\pass10_full\java_predictions_pass10.jsonl
all total    : outputs\pass10_full\all_predictions_pass10.jsonl
artifact root: outputs\pass10_full\python\62b45df05108cfac7f2109ce

====================================================================================================
[69/460] full pass-k running
lang    : python
task_id : 62b45df15108cfac7f2109dc
pass_k  : 10
====================================================================================================
[TASK 69/460] [PASS 1/10] generating...
[TASK 69/460] [PASS 2/10] generating...
[TASK 69/460] [PASS 3/10] generating...
[TASK 69/460] [PASS 4/10] generating...
[TASK 69/460] [PASS 5/10] generating...
[TASK 69/460] [PASS 6/10] generating...
[TASK 69/460] [PASS 7/10] generating...
[TASK 69/460] [PASS 8/10] generating...
[TASK 69/460] [PASS 9/10] generating...
[TASK 69/460] [PASS 10/10] generating...
[TASK RECORD]
single jsonl : outputs\pass10_full\python\62b45df15108cfac7f2109dc_pass10.jsonl
python total : outputs\pass10_full\python_predictions_pass10.jsonl
java total   : outputs\pass10_full\java_predictions_pass10.jsonl
all total    : outputs\pass10_full\all_predictions_pass10.jsonl
artifact root: outputs\pass10_full\python\62b45df15108cfac7f2109dc

====================================================================================================
[70/460] full pass-k running
lang    : python
task_id : 62b45df15108cfac7f2109dd
pass_k  : 10
====================================================================================================
[TASK 70/460] [PASS 1/10] generating...
[TASK 70/460] [PASS 2/10] generating...
[TASK 70/460] [PASS 3/10] generating...
[TASK 70/460] [PASS 4/10] generating...
[TASK 70/460] [PASS 5/10] generating...
[TASK 70/460] [PASS 6/10] generating...
[TASK 70/460] [PASS 7/10] generating...
[TASK 70/460] [PASS 8/10] generating...
[TASK 70/460] [PASS 9/10] generating...
[TASK 70/460] [PASS 10/10] generating...
[TASK RECORD]
single jsonl : outputs\pass10_full\python\62b45df15108cfac7f2109dd_pass10.jsonl
python total : outputs\pass10_full\python_predictions_pass10.jsonl
java total   : outputs\pass10_full\java_predictions_pass10.jsonl
all total    : outputs\pass10_full\all_predictions_pass10.jsonl
artifact root: outputs\pass10_full\python\62b45df15108cfac7f2109dd

====================================================================================================
[71/460] full pass-k running
lang    : python
task_id : 62b45e135108cfac7f2109f4
pass_k  : 10
====================================================================================================
[TASK 71/460] [PASS 1/10] generating...
[TASK 71/460] [PASS 2/10] generating...
[TASK 71/460] [PASS 3/10] generating...
[TASK 71/460] [PASS 4/10] generating...
[TASK 71/460] [PASS 5/10] generating...
[TASK 71/460] [PASS 6/10] generating...
[TASK 71/460] [PASS 7/10] generating...
[TASK 71/460] [PASS 8/10] generating...
[TASK 71/460] [PASS 9/10] generating...
[TASK 71/460] [PASS 10/10] generating...
[TASK RECORD]
single jsonl : outputs\pass10_full\python\62b45e135108cfac7f2109f4_pass10.jsonl
python total : outputs\pass10_full\python_predictions_pass10.jsonl
java total   : outputs\pass10_full\java_predictions_pass10.jsonl
all total    : outputs\pass10_full\all_predictions_pass10.jsonl
artifact root: outputs\pass10_full\python\62b45e135108cfac7f2109f4

====================================================================================================
[72/460] full pass-k running
lang    : python
task_id : 62b45e145108cfac7f210a07
pass_k  : 10
====================================================================================================
[TASK 72/460] [PASS 1/10] generating...
[TASK 72/460] [PASS 2/10] generating...
[TASK 72/460] [PASS 3/10] generating...
[TASK 72/460] [PASS 4/10] generating...
[TASK 72/460] [PASS 5/10] generating...
[TASK 72/460] [PASS 6/10] generating...
[TASK 72/460] [PASS 7/10] generating...
[TASK 72/460] [PASS 8/10] generating...
[TASK 72/460] [PASS 9/10] generating...
[TASK 72/460] [PASS 10/10] generating...
[TASK RECORD]
single jsonl : outputs\pass10_full\python\62b45e145108cfac7f210a07_pass10.jsonl
python total : outputs\pass10_full\python_predictions_pass10.jsonl
java total   : outputs\pass10_full\java_predictions_pass10.jsonl
all total    : outputs\pass10_full\all_predictions_pass10.jsonl
artifact root: outputs\pass10_full\python\62b45e145108cfac7f210a07

====================================================================================================
[73/460] full pass-k running
lang    : python
task_id : 62b45e145108cfac7f210a09
pass_k  : 10
====================================================================================================
[TASK 73/460] [PASS 1/10] generating...
[TASK 73/460] [PASS 2/10] generating...
[TASK 73/460] [PASS 3/10] generating...
[TASK 73/460] [PASS 4/10] generating...
[TASK 73/460] [PASS 5/10] generating...
[TASK 73/460] [PASS 6/10] generating...
[TASK 73/460] [PASS 7/10] generating...
[TASK 73/460] [PASS 8/10] generating...
[TASK 73/460] [PASS 9/10] generating...
[TASK 73/460] [PASS 10/10] generating...
[TASK RECORD]
single jsonl : outputs\pass10_full\python\62b45e145108cfac7f210a09_pass10.jsonl
python total : outputs\pass10_full\python_predictions_pass10.jsonl
java total   : outputs\pass10_full\java_predictions_pass10.jsonl
all total    : outputs\pass10_full\all_predictions_pass10.jsonl
artifact root: outputs\pass10_full\python\62b45e145108cfac7f210a09

====================================================================================================
[74/460] full pass-k running
lang    : python
task_id : 62b45e165108cfac7f210a16
pass_k  : 10
====================================================================================================
[TASK 74/460] [PASS 1/10] generating...
[TASK 74/460] [PASS 2/10] generating...
[TASK 74/460] [PASS 3/10] generating...
[TASK 74/460] [PASS 4/10] generating...
[TASK 74/460] [PASS 5/10] generating...
[TASK 74/460] [PASS 6/10] generating...
[TASK 74/460] [PASS 7/10] generating...
[TASK 74/460] [PASS 8/10] generating...
[TASK 74/460] [PASS 9/10] generating...
[TASK 74/460] [PASS 10/10] generating...
[TASK RECORD]
single jsonl : outputs\pass10_full\python\62b45e165108cfac7f210a16_pass10.jsonl
python total : outputs\pass10_full\python_predictions_pass10.jsonl
java total   : outputs\pass10_full\java_predictions_pass10.jsonl
all total    : outputs\pass10_full\all_predictions_pass10.jsonl
artifact root: outputs\pass10_full\python\62b45e165108cfac7f210a16

====================================================================================================
[75/460] full pass-k running
lang    : python
task_id : 62b45e165108cfac7f210a17
pass_k  : 10
====================================================================================================
[TASK 75/460] [PASS 1/10] generating...
[TASK 75/460] [PASS 2/10] generating...
[TASK 75/460] [PASS 3/10] generating...
[TASK 75/460] [PASS 4/10] generating...
[TASK 75/460] [PASS 5/10] generating...
[TASK 75/460] [PASS 6/10] generating...
[TASK 75/460] [PASS 7/10] generating...
[TASK 75/460] [PASS 8/10] generating...
[TASK 75/460] [PASS 9/10] generating...
[TASK 75/460] [PASS 10/10] generating...
[TASK RECORD]
single jsonl : outputs\pass10_full\python\62b45e165108cfac7f210a17_pass10.jsonl
python total : outputs\pass10_full\python_predictions_pass10.jsonl
java total   : outputs\pass10_full\java_predictions_pass10.jsonl
all total    : outputs\pass10_full\all_predictions_pass10.jsonl
artifact root: outputs\pass10_full\python\62b45e165108cfac7f210a17

====================================================================================================
[76/460] full pass-k running
lang    : python
task_id : 62b45e175108cfac7f210a19
pass_k  : 10
====================================================================================================
[TASK 76/460] [PASS 1/10] generating...
[TASK 76/460] [PASS 2/10] generating...
[TASK 76/460] [PASS 3/10] generating...
[TASK 76/460] [PASS 4/10] generating...
[TASK 76/460] [PASS 5/10] generating...
[TASK 76/460] [PASS 6/10] generating...
[TASK 76/460] [PASS 7/10] generating...
[TASK 76/460] [PASS 8/10] generating...
[TASK 76/460] [PASS 9/10] generating...
[TASK 76/460] [PASS 10/10] generating...
[TASK RECORD]
single jsonl : outputs\pass10_full\python\62b45e175108cfac7f210a19_pass10.jsonl
python total : outputs\pass10_full\python_predictions_pass10.jsonl
java total   : outputs\pass10_full\java_predictions_pass10.jsonl
all total    : outputs\pass10_full\all_predictions_pass10.jsonl
artifact root: outputs\pass10_full\python\62b45e175108cfac7f210a19

====================================================================================================
[77/460] full pass-k running
lang    : python
task_id : 62b463153879012d19481498
pass_k  : 10
====================================================================================================
[TASK 77/460] [PASS 1/10] generating...
[TASK 77/460] [PASS 2/10] generating...
[TASK 77/460] [PASS 3/10] generating...
[TASK 77/460] [PASS 4/10] generating...
[TASK 77/460] [PASS 5/10] generating...
[TASK 77/460] [PASS 6/10] generating...
[TASK 77/460] [PASS 7/10] generating...
[TASK 77/460] [PASS 8/10] generating...
[TASK 77/460] [PASS 9/10] generating...
[TASK 77/460] [PASS 10/10] generating...
[TASK RECORD]
single jsonl : outputs\pass10_full\python\62b463153879012d19481498_pass10.jsonl
python total : outputs\pass10_full\python_predictions_pass10.jsonl
java total   : outputs\pass10_full\java_predictions_pass10.jsonl
all total    : outputs\pass10_full\all_predictions_pass10.jsonl
artifact root: outputs\pass10_full\python\62b463153879012d19481498

====================================================================================================
[78/460] full pass-k running
lang    : python
task_id : 62b463153879012d1948149a
pass_k  : 10
====================================================================================================
[TASK 78/460] [PASS 1/10] generating...
[TASK 78/460] [PASS 2/10] generating...
[TASK 78/460] [PASS 3/10] generating...
[TASK 78/460] [PASS 4/10] generating...
[TASK 78/460] [PASS 5/10] generating...
[TASK 78/460] [PASS 6/10] generating...
[TASK 78/460] [PASS 7/10] generating...
[TASK 78/460] [PASS 8/10] generating...
[TASK 78/460] [PASS 9/10] generating...
[TASK 78/460] [PASS 10/10] generating...
[TASK RECORD]
single jsonl : outputs\pass10_full\python\62b463153879012d1948149a_pass10.jsonl
python total : outputs\pass10_full\python_predictions_pass10.jsonl
java total   : outputs\pass10_full\java_predictions_pass10.jsonl
all total    : outputs\pass10_full\all_predictions_pass10.jsonl
artifact root: outputs\pass10_full\python\62b463153879012d1948149a

====================================================================================================
[79/460] full pass-k running
lang    : python
task_id : 62b463153879012d1948149b
pass_k  : 10
====================================================================================================
[TASK 79/460] [PASS 1/10] generating...
[TASK 79/460] [PASS 2/10] generating...
[TASK 79/460] [PASS 3/10] generating...
[TASK 79/460] [PASS 4/10] generating...
[TASK 79/460] [PASS 5/10] generating...
[TASK 79/460] [PASS 6/10] generating...
[TASK 79/460] [PASS 7/10] generating...
[TASK 79/460] [PASS 8/10] generating...
[TASK 79/460] [PASS 9/10] generating...
[TASK 79/460] [PASS 10/10] generating...
[TASK RECORD]
single jsonl : outputs\pass10_full\python\62b463153879012d1948149b_pass10.jsonl
python total : outputs\pass10_full\python_predictions_pass10.jsonl
java total   : outputs\pass10_full\java_predictions_pass10.jsonl
all total    : outputs\pass10_full\all_predictions_pass10.jsonl
artifact root: outputs\pass10_full\python\62b463153879012d1948149b

====================================================================================================
[80/460] full pass-k running
lang    : python
task_id : 62b463153879012d1948149c
pass_k  : 10
====================================================================================================
[TASK 80/460] [PASS 1/10] generating...
[TASK 80/460] [PASS 2/10] generating...
[TASK 80/460] [PASS 3/10] generating...
[TASK 80/460] [PASS 4/10] generating...
[TASK 80/460] [PASS 5/10] generating...
[TASK 80/460] [PASS 6/10] generating...
[TASK 80/460] [PASS 7/10] generating...
[TASK 80/460] [PASS 8/10] generating...
[TASK 80/460] [PASS 9/10] generating...
[TASK 80/460] [PASS 10/10] generating...
[TASK RECORD]
single jsonl : outputs\pass10_full\python\62b463153879012d1948149c_pass10.jsonl
python total : outputs\pass10_full\python_predictions_pass10.jsonl
java total   : outputs\pass10_full\java_predictions_pass10.jsonl
all total    : outputs\pass10_full\all_predictions_pass10.jsonl
artifact root: outputs\pass10_full\python\62b463153879012d1948149c

====================================================================================================
[81/460] full pass-k running
lang    : python
task_id : 62b463153879012d1948149d
pass_k  : 10
====================================================================================================
[TASK 81/460] [PASS 1/10] generating...
[TASK 81/460] [PASS 2/10] generating...
[TASK 81/460] [PASS 3/10] generating...
[TASK 81/460] [PASS 4/10] generating...
[TASK 81/460] [PASS 5/10] generating...
[TASK 81/460] [PASS 6/10] generating...
[TASK 81/460] [PASS 7/10] generating...
[TASK 81/460] [PASS 8/10] generating...
[TASK 81/460] [PASS 9/10] generating...
[TASK 81/460] [PASS 10/10] generating...
[TASK RECORD]
single jsonl : outputs\pass10_full\python\62b463153879012d1948149d_pass10.jsonl
python total : outputs\pass10_full\python_predictions_pass10.jsonl
java total   : outputs\pass10_full\java_predictions_pass10.jsonl
all total    : outputs\pass10_full\all_predictions_pass10.jsonl
artifact root: outputs\pass10_full\python\62b463153879012d1948149d

====================================================================================================
[82/460] full pass-k running
lang    : python
task_id : 62b463153879012d1948149f
pass_k  : 10
====================================================================================================
[TASK 82/460] [PASS 1/10] generating...
[TASK 82/460] [PASS 2/10] generating...
[TASK 82/460] [PASS 3/10] generating...
[TASK 82/460] [PASS 4/10] generating...
[TASK 82/460] [PASS 5/10] generating...
[TASK 82/460] [PASS 6/10] generating...
[TASK 82/460] [PASS 7/10] generating...
[TASK 82/460] [PASS 8/10] generating...
[TASK 82/460] [PASS 9/10] generating...
[TASK 82/460] [PASS 10/10] generating...
[TASK RECORD]
single jsonl : outputs\pass10_full\python\62b463153879012d1948149f_pass10.jsonl
python total : outputs\pass10_full\python_predictions_pass10.jsonl
java total   : outputs\pass10_full\java_predictions_pass10.jsonl
all total    : outputs\pass10_full\all_predictions_pass10.jsonl
artifact root: outputs\pass10_full\python\62b463153879012d1948149f

====================================================================================================
[83/460] full pass-k running
lang    : python
task_id : 62b463153879012d194814a1
pass_k  : 10
====================================================================================================
[TASK 83/460] [PASS 1/10] generating...
[TASK 83/460] [PASS 2/10] generating...
[TASK 83/460] [PASS 3/10] generating...
[TASK 83/460] [PASS 4/10] generating...
[TASK 83/460] [PASS 5/10] generating...
[TASK 83/460] [PASS 6/10] generating...
[TASK 83/460] [PASS 7/10] generating...
[TASK 83/460] [PASS 8/10] generating...
[TASK 83/460] [PASS 9/10] generating...
[TASK 83/460] [PASS 10/10] generating...
[TASK RECORD]
single jsonl : outputs\pass10_full\python\62b463153879012d194814a1_pass10.jsonl
python total : outputs\pass10_full\python_predictions_pass10.jsonl
java total   : outputs\pass10_full\java_predictions_pass10.jsonl
all total    : outputs\pass10_full\all_predictions_pass10.jsonl
artifact root: outputs\pass10_full\python\62b463153879012d194814a1

====================================================================================================
[84/460] full pass-k running
lang    : python
task_id : 62b463163879012d194814a2
pass_k  : 10
====================================================================================================
[TASK 84/460] [PASS 1/10] generating...
[TASK 84/460] [PASS 2/10] generating...
[TASK 84/460] [PASS 3/10] generating...
[TASK 84/460] [PASS 4/10] generating...
[TASK 84/460] [PASS 5/10] generating...
[TASK 84/460] [PASS 6/10] generating...
[TASK 84/460] [PASS 7/10] generating...
[TASK 84/460] [PASS 8/10] generating...
[TASK 84/460] [PASS 9/10] generating...
[TASK 84/460] [PASS 10/10] generating...
[TASK RECORD]
single jsonl : outputs\pass10_full\python\62b463163879012d194814a2_pass10.jsonl
python total : outputs\pass10_full\python_predictions_pass10.jsonl
java total   : outputs\pass10_full\java_predictions_pass10.jsonl
all total    : outputs\pass10_full\all_predictions_pass10.jsonl
artifact root: outputs\pass10_full\python\62b463163879012d194814a2

====================================================================================================
[85/460] full pass-k running
lang    : python
task_id : 62b463163879012d194814a4
pass_k  : 10
====================================================================================================
[TASK 85/460] [PASS 1/10] generating...
[TASK 85/460] [PASS 2/10] generating...
[TASK 85/460] [PASS 3/10] generating...
[TASK 85/460] [PASS 4/10] generating...
[TASK 85/460] [PASS 5/10] generating...
[TASK 85/460] [PASS 6/10] generating...
[TASK 85/460] [PASS 7/10] generating...
[TASK 85/460] [PASS 8/10] generating...
[TASK 85/460] [PASS 9/10] generating...
[TASK 85/460] [PASS 10/10] generating...
[TASK RECORD]
single jsonl : outputs\pass10_full\python\62b463163879012d194814a4_pass10.jsonl
python total : outputs\pass10_full\python_predictions_pass10.jsonl
java total   : outputs\pass10_full\java_predictions_pass10.jsonl
all total    : outputs\pass10_full\all_predictions_pass10.jsonl
artifact root: outputs\pass10_full\python\62b463163879012d194814a4

====================================================================================================
[86/460] full pass-k running
lang    : python
task_id : 62b463163879012d194814a6
pass_k  : 10
====================================================================================================
[TASK 86/460] [PASS 1/10] generating...
[TASK 86/460] [PASS 2/10] generating...
[TASK 86/460] [PASS 3/10] generating...
[TASK 86/460] [PASS 4/10] generating...
[TASK 86/460] [PASS 5/10] generating...
[TASK 86/460] [PASS 6/10] generating...
[TASK 86/460] [PASS 7/10] generating...
[TASK 86/460] [PASS 8/10] generating...
[TASK 86/460] [PASS 9/10] generating...
[TASK 86/460] [PASS 10/10] generating...
[TASK RECORD]
single jsonl : outputs\pass10_full\python\62b463163879012d194814a6_pass10.jsonl
python total : outputs\pass10_full\python_predictions_pass10.jsonl
java total   : outputs\pass10_full\java_predictions_pass10.jsonl
all total    : outputs\pass10_full\all_predictions_pass10.jsonl
artifact root: outputs\pass10_full\python\62b463163879012d194814a6

====================================================================================================
[87/460] full pass-k running
lang    : python
task_id : 62b4631b3879012d194814dd
pass_k  : 10
====================================================================================================
[TASK 87/460] [PASS 1/10] generating...
[TASK 87/460] [PASS 2/10] generating...
[TASK 87/460] [PASS 3/10] generating...
[TASK 87/460] [PASS 4/10] generating...
[TASK 87/460] [PASS 5/10] generating...
[TASK 87/460] [PASS 6/10] generating...
[TASK 87/460] [PASS 7/10] generating...
[TASK 87/460] [PASS 8/10] generating...
[TASK 87/460] [PASS 9/10] generating...
[TASK 87/460] [PASS 10/10] generating...
[TASK RECORD]
single jsonl : outputs\pass10_full\python\62b4631b3879012d194814dd_pass10.jsonl
python total : outputs\pass10_full\python_predictions_pass10.jsonl
java total   : outputs\pass10_full\java_predictions_pass10.jsonl
all total    : outputs\pass10_full\all_predictions_pass10.jsonl
artifact root: outputs\pass10_full\python\62b4631b3879012d194814dd

====================================================================================================
[88/460] full pass-k running
lang    : python
task_id : 62b463283879012d1948153d
pass_k  : 10
====================================================================================================
[TASK 88/460] [PASS 1/10] generating...
[TASK 88/460] [PASS 2/10] generating...
[TASK 88/460] [PASS 3/10] generating...
[TASK 88/460] [PASS 4/10] generating...
[TASK 88/460] [PASS 5/10] generating...
[TASK 88/460] [PASS 6/10] generating...
[TASK 88/460] [PASS 7/10] generating...
[TASK 88/460] [PASS 8/10] generating...
[TASK 88/460] [PASS 9/10] generating...
[TASK 88/460] [PASS 10/10] generating...
[TASK RECORD]
single jsonl : outputs\pass10_full\python\62b463283879012d1948153d_pass10.jsonl
python total : outputs\pass10_full\python_predictions_pass10.jsonl
java total   : outputs\pass10_full\java_predictions_pass10.jsonl
all total    : outputs\pass10_full\all_predictions_pass10.jsonl
artifact root: outputs\pass10_full\python\62b463283879012d1948153d

====================================================================================================
[89/460] full pass-k running
lang    : python
task_id : 62b463303879012d19481579
pass_k  : 10
====================================================================================================
[TASK 89/460] [PASS 1/10] generating...
[TASK 89/460] [PASS 2/10] generating...
[TASK 89/460] [PASS 3/10] generating...
[TASK 89/460] [PASS 4/10] generating...
[TASK 89/460] [PASS 5/10] generating...
[TASK 89/460] [PASS 6/10] generating...
[TASK 89/460] [PASS 7/10] generating...
[TASK 89/460] [PASS 8/10] generating...
[TASK 89/460] [PASS 9/10] generating...
[TASK 89/460] [PASS 10/10] generating...
[TASK RECORD]
single jsonl : outputs\pass10_full\python\62b463303879012d19481579_pass10.jsonl
python total : outputs\pass10_full\python_predictions_pass10.jsonl
java total   : outputs\pass10_full\java_predictions_pass10.jsonl
all total    : outputs\pass10_full\all_predictions_pass10.jsonl
artifact root: outputs\pass10_full\python\62b463303879012d19481579

====================================================================================================
[90/460] full pass-k running
lang    : python
task_id : 62b46740d2f69a53b466171a
pass_k  : 10
====================================================================================================
[TASK 90/460] [PASS 1/10] generating...
[TASK 90/460] [PASS 2/10] generating...
[TASK 90/460] [PASS 3/10] generating...
[TASK 90/460] [PASS 4/10] generating...
[TASK 90/460] [PASS 5/10] generating...
[TASK 90/460] [PASS 6/10] generating...
[TASK 90/460] [PASS 7/10] generating...
[TASK 90/460] [PASS 8/10] generating...
[TASK 90/460] [PASS 9/10] generating...
[TASK 90/460] [PASS 10/10] generating...
[TASK RECORD]
single jsonl : outputs\pass10_full\python\62b46740d2f69a53b466171a_pass10.jsonl
python total : outputs\pass10_full\python_predictions_pass10.jsonl
java total   : outputs\pass10_full\java_predictions_pass10.jsonl
all total    : outputs\pass10_full\all_predictions_pass10.jsonl
artifact root: outputs\pass10_full\python\62b46740d2f69a53b466171a

====================================================================================================
[91/460] full pass-k running
lang    : python
task_id : 62b46746d2f69a53b4661722
pass_k  : 10
====================================================================================================
[TASK 91/460] [PASS 1/10] generating...
[TASK 91/460] [PASS 2/10] generating...
[TASK 91/460] [PASS 3/10] generating...
[TASK 91/460] [PASS 4/10] generating...
[TASK 91/460] [PASS 5/10] generating...
[TASK 91/460] [PASS 6/10] generating...
[TASK 91/460] [PASS 7/10] generating...
[TASK 91/460] [PASS 8/10] generating...
[TASK 91/460] [PASS 9/10] generating...
[TASK 91/460] [PASS 10/10] generating...
[TASK RECORD]
single jsonl : outputs\pass10_full\python\62b46746d2f69a53b4661722_pass10.jsonl
python total : outputs\pass10_full\python_predictions_pass10.jsonl
java total   : outputs\pass10_full\java_predictions_pass10.jsonl
all total    : outputs\pass10_full\all_predictions_pass10.jsonl
artifact root: outputs\pass10_full\python\62b46746d2f69a53b4661722

====================================================================================================
[92/460] full pass-k running
lang    : python
task_id : 62b86707b4d922cb0e688c2a
pass_k  : 10
====================================================================================================
[TASK 92/460] [PASS 1/10] generating...
[TASK 92/460] [PASS 2/10] generating...
[TASK 92/460] [PASS 3/10] generating...
[TASK 92/460] [PASS 4/10] generating...
[TASK 92/460] [PASS 5/10] generating...
[TASK 92/460] [PASS 6/10] generating...
[TASK 92/460] [PASS 7/10] generating...
[TASK 92/460] [PASS 8/10] generating...
[TASK 92/460] [PASS 9/10] generating...
[TASK 92/460] [PASS 10/10] generating...
[TASK RECORD]
single jsonl : outputs\pass10_full\python\62b86707b4d922cb0e688c2a_pass10.jsonl
python total : outputs\pass10_full\python_predictions_pass10.jsonl
java total   : outputs\pass10_full\java_predictions_pass10.jsonl
all total    : outputs\pass10_full\all_predictions_pass10.jsonl
artifact root: outputs\pass10_full\python\62b86707b4d922cb0e688c2a

====================================================================================================
[93/460] full pass-k running
lang    : python
task_id : 62b86729b4d922cb0e688c2f
pass_k  : 10
====================================================================================================
[TASK 93/460] [PASS 1/10] generating...
[TASK 93/460] [PASS 2/10] generating...
[TASK 93/460] [PASS 3/10] generating...
[TASK 93/460] [PASS 4/10] generating...
[TASK 93/460] [PASS 5/10] generating...
[TASK 93/460] [PASS 6/10] generating...
[TASK 93/460] [PASS 7/10] generating...
[TASK 93/460] [PASS 8/10] generating...
[TASK 93/460] [PASS 9/10] generating...
[TASK 93/460] [PASS 10/10] generating...
[TASK RECORD]
single jsonl : outputs\pass10_full\python\62b86729b4d922cb0e688c2f_pass10.jsonl
python total : outputs\pass10_full\python_predictions_pass10.jsonl
java total   : outputs\pass10_full\java_predictions_pass10.jsonl
all total    : outputs\pass10_full\all_predictions_pass10.jsonl
artifact root: outputs\pass10_full\python\62b86729b4d922cb0e688c2f

====================================================================================================
[94/460] full pass-k running
lang    : python
task_id : 62b8a4a4755ee91dce50a3d2
pass_k  : 10
====================================================================================================
[TASK 94/460] [PASS 1/10] generating...
[TASK 94/460] [PASS 2/10] generating...
[TASK 94/460] [PASS 3/10] generating...
[TASK 94/460] [PASS 4/10] generating...
[TASK 94/460] [PASS 5/10] generating...
[TASK 94/460] [PASS 6/10] generating...
[TASK 94/460] [PASS 7/10] generating...
[TASK 94/460] [PASS 8/10] generating...
[TASK 94/460] [PASS 9/10] generating...
[TASK 94/460] [PASS 10/10] generating...
[TASK RECORD]
single jsonl : outputs\pass10_full\python\62b8a4a4755ee91dce50a3d2_pass10.jsonl
python total : outputs\pass10_full\python_predictions_pass10.jsonl
java total   : outputs\pass10_full\java_predictions_pass10.jsonl
all total    : outputs\pass10_full\all_predictions_pass10.jsonl
artifact root: outputs\pass10_full\python\62b8a4a4755ee91dce50a3d2

====================================================================================================
[95/460] full pass-k running
lang    : python
task_id : 62b8982f755ee91dce50a241
pass_k  : 10
====================================================================================================
[TASK 95/460] [PASS 1/10] generating...
[TASK 95/460] [PASS 2/10] generating...
[TASK 95/460] [PASS 3/10] generating...
[TASK 95/460] [PASS 4/10] generating...
[TASK 95/460] [PASS 5/10] generating...
[TASK 95/460] [PASS 6/10] generating...
[TASK 95/460] [PASS 7/10] generating...
[TASK 95/460] [PASS 8/10] generating...
[TASK 95/460] [PASS 9/10] generating...
[TASK 95/460] [PASS 10/10] generating...
[TASK RECORD]
single jsonl : outputs\pass10_full\python\62b8982f755ee91dce50a241_pass10.jsonl
python total : outputs\pass10_full\python_predictions_pass10.jsonl
java total   : outputs\pass10_full\java_predictions_pass10.jsonl
all total    : outputs\pass10_full\all_predictions_pass10.jsonl
artifact root: outputs\pass10_full\python\62b8982f755ee91dce50a241

====================================================================================================
[96/460] full pass-k running
lang    : python
task_id : 62b89640755ee91dce50a114
pass_k  : 10
====================================================================================================
[TASK 96/460] [PASS 1/10] generating...
[TASK 96/460] [PASS 2/10] generating...
[TASK 96/460] [PASS 3/10] generating...
[TASK 96/460] [PASS 4/10] generating...
[TASK 96/460] [PASS 5/10] generating...
[TASK 96/460] [PASS 6/10] generating...
[TASK 96/460] [PASS 7/10] generating...
[TASK 96/460] [PASS 8/10] generating...
[TASK 96/460] [PASS 9/10] generating...
[TASK 96/460] [PASS 10/10] generating...
[TASK RECORD]
single jsonl : outputs\pass10_full\python\62b89640755ee91dce50a114_pass10.jsonl
python total : outputs\pass10_full\python_predictions_pass10.jsonl
java total   : outputs\pass10_full\java_predictions_pass10.jsonl
all total    : outputs\pass10_full\all_predictions_pass10.jsonl
artifact root: outputs\pass10_full\python\62b89640755ee91dce50a114

====================================================================================================
[97/460] full pass-k running
lang    : python
task_id : 62b87d24d292efb640a55670
pass_k  : 10
====================================================================================================
[TASK 97/460] [PASS 1/10] generating...
[TASK 97/460] [PASS 2/10] generating...
[TASK 97/460] [PASS 3/10] generating...
[TASK 97/460] [PASS 4/10] generating...
[TASK 97/460] [PASS 5/10] generating...
[TASK 97/460] [PASS 6/10] generating...
[TASK 97/460] [PASS 7/10] generating...
[TASK 97/460] [PASS 8/10] generating...
[TASK 97/460] [PASS 9/10] generating...
[TASK 97/460] [PASS 10/10] generating...
[TASK RECORD]
single jsonl : outputs\pass10_full\python\62b87d24d292efb640a55670_pass10.jsonl
python total : outputs\pass10_full\python_predictions_pass10.jsonl
java total   : outputs\pass10_full\java_predictions_pass10.jsonl
all total    : outputs\pass10_full\all_predictions_pass10.jsonl
artifact root: outputs\pass10_full\python\62b87d24d292efb640a55670

====================================================================================================
[98/460] full pass-k running
lang    : python
task_id : 62b87d24d292efb640a5566f
pass_k  : 10
====================================================================================================
[TASK 98/460] [PASS 1/10] generating...
[TASK 98/460] [PASS 2/10] generating...
[TASK 98/460] [PASS 3/10] generating...
[TASK 98/460] [PASS 4/10] generating...
[TASK 98/460] [PASS 5/10] generating...
[TASK 98/460] [PASS 6/10] generating...
[TASK 98/460] [PASS 7/10] generating...
[TASK 98/460] [PASS 8/10] generating...
[TASK 98/460] [PASS 9/10] generating...
[TASK 98/460] [PASS 10/10] generating...
[TASK RECORD]
single jsonl : outputs\pass10_full\python\62b87d24d292efb640a5566f_pass10.jsonl
python total : outputs\pass10_full\python_predictions_pass10.jsonl
java total   : outputs\pass10_full\java_predictions_pass10.jsonl
all total    : outputs\pass10_full\all_predictions_pass10.jsonl
artifact root: outputs\pass10_full\python\62b87d24d292efb640a5566f

====================================================================================================
[99/460] full pass-k running
lang    : python
task_id : 62b87d24d292efb640a5566d
pass_k  : 10
====================================================================================================
[TASK 99/460] [PASS 1/10] generating...
[TASK 99/460] [PASS 2/10] generating...
[TASK 99/460] [PASS 3/10] generating...
[TASK 99/460] [PASS 4/10] generating...
[TASK 99/460] [PASS 5/10] generating...
[TASK 99/460] [PASS 6/10] generating...
[TASK 99/460] [PASS 7/10] generating...
[TASK 99/460] [PASS 8/10] generating...
[TASK 99/460] [PASS 9/10] generating...
[TASK 99/460] [PASS 10/10] generating...
[TASK RECORD]
single jsonl : outputs\pass10_full\python\62b87d24d292efb640a5566d_pass10.jsonl
python total : outputs\pass10_full\python_predictions_pass10.jsonl
java total   : outputs\pass10_full\java_predictions_pass10.jsonl
all total    : outputs\pass10_full\all_predictions_pass10.jsonl
artifact root: outputs\pass10_full\python\62b87d24d292efb640a5566d

====================================================================================================
[100/460] full pass-k running
lang    : python
task_id : 62b87d23d292efb640a5566b
pass_k  : 10
====================================================================================================
[TASK 100/460] [PASS 1/10] generating...
[TASK 100/460] [PASS 2/10] generating...
[TASK 100/460] [PASS 3/10] generating...
[TASK 100/460] [PASS 4/10] generating...
[TASK 100/460] [PASS 5/10] generating...
[TASK 100/460] [PASS 6/10] generating...
[TASK 100/460] [PASS 7/10] generating...
[TASK 100/460] [PASS 8/10] generating...
[TASK 100/460] [PASS 9/10] generating...
[TASK 100/460] [PASS 10/10] generating...
[TASK RECORD]
single jsonl : outputs\pass10_full\python\62b87d23d292efb640a5566b_pass10.jsonl
python total : outputs\pass10_full\python_predictions_pass10.jsonl
java total   : outputs\pass10_full\java_predictions_pass10.jsonl
all total    : outputs\pass10_full\all_predictions_pass10.jsonl
artifact root: outputs\pass10_full\python\62b87d23d292efb640a5566b

====================================================================================================
[101/460] full pass-k running
lang    : python
task_id : 62b87d23d292efb640a55668
pass_k  : 10
====================================================================================================
[TASK 101/460] [PASS 1/10] generating...
[TASK 101/460] [PASS 2/10] generating...
[TASK 101/460] [PASS 3/10] generating...
[TASK 101/460] [PASS 4/10] generating...
[TASK 101/460] [PASS 5/10] generating...
[TASK 101/460] [PASS 6/10] generating...
[TASK 101/460] [PASS 7/10] generating...
[TASK 101/460] [PASS 8/10] generating...
[TASK 101/460] [PASS 9/10] generating...
[TASK 101/460] [PASS 10/10] generating...
[TASK RECORD]
single jsonl : outputs\pass10_full\python\62b87d23d292efb640a55668_pass10.jsonl
python total : outputs\pass10_full\python_predictions_pass10.jsonl
java total   : outputs\pass10_full\java_predictions_pass10.jsonl
all total    : outputs\pass10_full\all_predictions_pass10.jsonl
artifact root: outputs\pass10_full\python\62b87d23d292efb640a55668

====================================================================================================
[102/460] full pass-k running
lang    : python
task_id : 62b87d23d292efb640a55667
pass_k  : 10
====================================================================================================
[TASK 102/460] [PASS 1/10] generating...
[TASK 102/460] [PASS 2/10] generating...
[TASK 102/460] [PASS 3/10] generating...
[TASK 102/460] [PASS 4/10] generating...
[TASK 102/460] [PASS 5/10] generating...
[TASK 102/460] [PASS 6/10] generating...
[TASK 102/460] [PASS 7/10] generating...
[TASK 102/460] [PASS 8/10] generating...
[TASK 102/460] [PASS 9/10] generating...
[TASK 102/460] [PASS 10/10] generating...
[TASK RECORD]
single jsonl : outputs\pass10_full\python\62b87d23d292efb640a55667_pass10.jsonl
python total : outputs\pass10_full\python_predictions_pass10.jsonl
java total   : outputs\pass10_full\java_predictions_pass10.jsonl
all total    : outputs\pass10_full\all_predictions_pass10.jsonl
artifact root: outputs\pass10_full\python\62b87d23d292efb640a55667

====================================================================================================
[103/460] full pass-k running
lang    : python
task_id : 62b45e945108cfac7f210a4a
pass_k  : 10
====================================================================================================
[TASK 103/460] [PASS 1/10] generating...
[TASK 103/460] [PASS 2/10] generating...
[TASK 103/460] [PASS 3/10] generating...
[TASK 103/460] [PASS 4/10] generating...
[TASK 103/460] [PASS 5/10] generating...
[TASK 103/460] [PASS 6/10] generating...
[TASK 103/460] [PASS 7/10] generating...
[TASK 103/460] [PASS 8/10] generating...
[TASK 103/460] [PASS 9/10] generating...
[TASK 103/460] [PASS 10/10] generating...
[TASK RECORD]
single jsonl : outputs\pass10_full\python\62b45e945108cfac7f210a4a_pass10.jsonl
python total : outputs\pass10_full\python_predictions_pass10.jsonl
java total   : outputs\pass10_full\java_predictions_pass10.jsonl
all total    : outputs\pass10_full\all_predictions_pass10.jsonl
artifact root: outputs\pass10_full\python\62b45e945108cfac7f210a4a

====================================================================================================
[104/460] full pass-k running
lang    : python
task_id : 62b45e515108cfac7f210a3c
pass_k  : 10
====================================================================================================
[TASK 104/460] [PASS 1/10] generating...
[TASK 104/460] [PASS 2/10] generating...
[TASK 104/460] [PASS 3/10] generating...
[TASK 104/460] [PASS 4/10] generating...
[TASK 104/460] [PASS 5/10] generating...
[TASK 104/460] [PASS 6/10] generating...
[TASK 104/460] [PASS 7/10] generating...
[TASK 104/460] [PASS 8/10] generating...
[TASK 104/460] [PASS 9/10] generating...
[TASK 104/460] [PASS 10/10] generating...
[TASK RECORD]
single jsonl : outputs\pass10_full\python\62b45e515108cfac7f210a3c_pass10.jsonl
python total : outputs\pass10_full\python_predictions_pass10.jsonl
java total   : outputs\pass10_full\java_predictions_pass10.jsonl
all total    : outputs\pass10_full\all_predictions_pass10.jsonl
artifact root: outputs\pass10_full\python\62b45e515108cfac7f210a3c

====================================================================================================
[105/460] full pass-k running
lang    : python
task_id : 62b45e2eb89c9fd354170232
pass_k  : 10
====================================================================================================
[TASK 105/460] [PASS 1/10] generating...
[TASK 105/460] [PASS 2/10] generating...
[TASK 105/460] [PASS 3/10] generating...
[TASK 105/460] [PASS 4/10] generating...
[TASK 105/460] [PASS 5/10] generating...
[TASK 105/460] [PASS 6/10] generating...
[TASK 105/460] [PASS 7/10] generating...
[TASK 105/460] [PASS 8/10] generating...
[TASK 105/460] [PASS 9/10] generating...
[TASK 105/460] [PASS 10/10] generating...
[TASK RECORD]
single jsonl : outputs\pass10_full\python\62b45e2eb89c9fd354170232_pass10.jsonl
python total : outputs\pass10_full\python_predictions_pass10.jsonl
java total   : outputs\pass10_full\java_predictions_pass10.jsonl
all total    : outputs\pass10_full\all_predictions_pass10.jsonl
artifact root: outputs\pass10_full\python\62b45e2eb89c9fd354170232

====================================================================================================
[106/460] full pass-k running
lang    : python
task_id : 62b45e23e0d4551b0392c90a
pass_k  : 10
====================================================================================================
[TASK 106/460] [PASS 1/10] generating...
[TASK 106/460] [PASS 2/10] generating...
[TASK 106/460] [PASS 3/10] generating...
[TASK 106/460] [PASS 4/10] generating...
[TASK 106/460] [PASS 5/10] generating...
[TASK 106/460] [PASS 6/10] generating...
[TASK 106/460] [PASS 7/10] generating...
[TASK 106/460] [PASS 8/10] generating...
[TASK 106/460] [PASS 9/10] generating...
[TASK 106/460] [PASS 10/10] generating...
[TASK RECORD]
single jsonl : outputs\pass10_full\python\62b45e23e0d4551b0392c90a_pass10.jsonl
python total : outputs\pass10_full\python_predictions_pass10.jsonl
java total   : outputs\pass10_full\java_predictions_pass10.jsonl
all total    : outputs\pass10_full\all_predictions_pass10.jsonl
artifact root: outputs\pass10_full\python\62b45e23e0d4551b0392c90a

====================================================================================================
[107/460] full pass-k running
lang    : python
task_id : 62b45e21e0d4551b0392c8ed
pass_k  : 10
====================================================================================================
[TASK 107/460] [PASS 1/10] generating...
[TASK 107/460] [PASS 2/10] generating...
[TASK 107/460] [PASS 3/10] generating...
[TASK 107/460] [PASS 4/10] generating...
[TASK 107/460] [PASS 5/10] generating...
[TASK 107/460] [PASS 6/10] generating...
[TASK 107/460] [PASS 7/10] generating...
[TASK 107/460] [PASS 8/10] generating...
[TASK 107/460] [PASS 9/10] generating...
[TASK 107/460] [PASS 10/10] generating...
[TASK RECORD]
single jsonl : outputs\pass10_full\python\62b45e21e0d4551b0392c8ed_pass10.jsonl
python total : outputs\pass10_full\python_predictions_pass10.jsonl
java total   : outputs\pass10_full\java_predictions_pass10.jsonl
all total    : outputs\pass10_full\all_predictions_pass10.jsonl
artifact root: outputs\pass10_full\python\62b45e21e0d4551b0392c8ed

====================================================================================================
[108/460] full pass-k running
lang    : python
task_id : 62b45b396decaeff903e1001
pass_k  : 10
====================================================================================================
[TASK 108/460] [PASS 1/10] generating...
[TASK 108/460] [PASS 2/10] generating...
[TASK 108/460] [PASS 3/10] generating...
[TASK 108/460] [PASS 4/10] generating...
[TASK 108/460] [PASS 5/10] generating...
[TASK 108/460] [PASS 6/10] generating...
[TASK 108/460] [PASS 7/10] generating...
[TASK 108/460] [PASS 8/10] generating...
[TASK 108/460] [PASS 9/10] generating...
[TASK 108/460] [PASS 10/10] generating...
[TASK RECORD]
single jsonl : outputs\pass10_full\python\62b45b396decaeff903e1001_pass10.jsonl
python total : outputs\pass10_full\python_predictions_pass10.jsonl
java total   : outputs\pass10_full\java_predictions_pass10.jsonl
all total    : outputs\pass10_full\all_predictions_pass10.jsonl
artifact root: outputs\pass10_full\python\62b45b396decaeff903e1001

====================================================================================================
[109/460] full pass-k running
lang    : python
task_id : 62b4567ed7d32e5b55cc83d9
pass_k  : 10
====================================================================================================
[TASK 109/460] [PASS 1/10] generating...
[TASK 109/460] [PASS 2/10] generating...
[TASK 109/460] [PASS 3/10] generating...
[TASK 109/460] [PASS 4/10] generating...
[TASK 109/460] [PASS 5/10] generating...
[TASK 109/460] [PASS 6/10] generating...
[TASK 109/460] [PASS 7/10] generating...
[TASK 109/460] [PASS 8/10] generating...
[TASK 109/460] [PASS 9/10] generating...
[TASK 109/460] [PASS 10/10] generating...
[TASK RECORD]
single jsonl : outputs\pass10_full\python\62b4567ed7d32e5b55cc83d9_pass10.jsonl
python total : outputs\pass10_full\python_predictions_pass10.jsonl
java total   : outputs\pass10_full\java_predictions_pass10.jsonl
all total    : outputs\pass10_full\all_predictions_pass10.jsonl
artifact root: outputs\pass10_full\python\62b4567ed7d32e5b55cc83d9

====================================================================================================
[110/460] full pass-k running
lang    : python
task_id : 62b4567ad7d32e5b55cc83af
pass_k  : 10
====================================================================================================
[TASK 110/460] [PASS 1/10] generating...
[TASK 110/460] [PASS 2/10] generating...
[TASK 110/460] [PASS 3/10] generating...
[TASK 110/460] [PASS 4/10] generating...
[TASK 110/460] [PASS 5/10] generating...
[TASK 110/460] [PASS 6/10] generating...
[TASK 110/460] [PASS 7/10] generating...
[TASK 110/460] [PASS 8/10] generating...
[TASK 110/460] [PASS 9/10] generating...
[TASK 110/460] [PASS 10/10] generating...
[TASK RECORD]
single jsonl : outputs\pass10_full\python\62b4567ad7d32e5b55cc83af_pass10.jsonl
python total : outputs\pass10_full\python_predictions_pass10.jsonl
java total   : outputs\pass10_full\java_predictions_pass10.jsonl
all total    : outputs\pass10_full\all_predictions_pass10.jsonl
artifact root: outputs\pass10_full\python\62b4567ad7d32e5b55cc83af

====================================================================================================
[111/460] full pass-k running
lang    : python
task_id : 62b45679d7d32e5b55cc83a9
pass_k  : 10
====================================================================================================
[TASK 111/460] [PASS 1/10] generating...
[TASK 111/460] [PASS 2/10] generating...
[TASK 111/460] [PASS 3/10] generating...
[TASK 111/460] [PASS 4/10] generating...
[TASK 111/460] [PASS 5/10] generating...
[TASK 111/460] [PASS 6/10] generating...
[TASK 111/460] [PASS 7/10] generating...
[TASK 111/460] [PASS 8/10] generating...
[TASK 111/460] [PASS 9/10] generating...
[TASK 111/460] [PASS 10/10] generating...
[TASK RECORD]
single jsonl : outputs\pass10_full\python\62b45679d7d32e5b55cc83a9_pass10.jsonl
python total : outputs\pass10_full\python_predictions_pass10.jsonl
java total   : outputs\pass10_full\java_predictions_pass10.jsonl
all total    : outputs\pass10_full\all_predictions_pass10.jsonl
artifact root: outputs\pass10_full\python\62b45679d7d32e5b55cc83a9

====================================================================================================
[112/460] full pass-k running
lang    : python
task_id : 62b45665d7d32e5b55cc8365
pass_k  : 10
====================================================================================================
[TASK 112/460] [PASS 1/10] generating...
[TASK 112/460] [PASS 2/10] generating...
[TASK 112/460] [PASS 3/10] generating...
[TASK 112/460] [PASS 4/10] generating...
[TASK 112/460] [PASS 5/10] generating...
[TASK 112/460] [PASS 6/10] generating...
[TASK 112/460] [PASS 7/10] generating...
[TASK 112/460] [PASS 8/10] generating...
[TASK 112/460] [PASS 9/10] generating...
[TASK 112/460] [PASS 10/10] generating...
[TASK RECORD]
single jsonl : outputs\pass10_full\python\62b45665d7d32e5b55cc8365_pass10.jsonl
python total : outputs\pass10_full\python_predictions_pass10.jsonl
java total   : outputs\pass10_full\java_predictions_pass10.jsonl
all total    : outputs\pass10_full\all_predictions_pass10.jsonl
artifact root: outputs\pass10_full\python\62b45665d7d32e5b55cc8365

====================================================================================================
[113/460] full pass-k running
lang    : python
task_id : 62b45665d7d32e5b55cc8364
pass_k  : 10
====================================================================================================
[TASK 113/460] [PASS 1/10] generating...
[TASK ERROR]
lang      : python
task_id   : 62b45665d7d32e5b55cc8364
error     : 'make_parsers'
errors log: outputs\pass10_full\errors.jsonl

====================================================================================================
[114/460] full pass-k running
lang    : python
task_id : 62b45665d7d32e5b55cc8363
pass_k  : 10
====================================================================================================
[TASK 114/460] [PASS 1/10] generating...
[TASK 114/460] [PASS 2/10] generating...
[TASK 114/460] [PASS 3/10] generating...
[TASK 114/460] [PASS 4/10] generating...
[TASK 114/460] [PASS 5/10] generating...
[TASK 114/460] [PASS 6/10] generating...
[TASK 114/460] [PASS 7/10] generating...
[TASK 114/460] [PASS 8/10] generating...
[TASK 114/460] [PASS 9/10] generating...
[TASK 114/460] [PASS 10/10] generating...
[TASK RECORD]
single jsonl : outputs\pass10_full\python\62b45665d7d32e5b55cc8363_pass10.jsonl
python total : outputs\pass10_full\python_predictions_pass10.jsonl
java total   : outputs\pass10_full\java_predictions_pass10.jsonl
all total    : outputs\pass10_full\all_predictions_pass10.jsonl
artifact root: outputs\pass10_full\python\62b45665d7d32e5b55cc8363

====================================================================================================
[115/460] full pass-k running
lang    : python
task_id : 62b438ba66fea644fe22cca2
pass_k  : 10
====================================================================================================
[TASK 115/460] [PASS 1/10] generating...
[TASK 115/460] [PASS 2/10] generating...
[TASK 115/460] [PASS 3/10] generating...
[TASK 115/460] [PASS 4/10] generating...
[TASK 115/460] [PASS 5/10] generating...
[TASK 115/460] [PASS 6/10] generating...
[TASK 115/460] [PASS 7/10] generating...
[TASK 115/460] [PASS 8/10] generating...
[TASK 115/460] [PASS 9/10] generating...
[TASK 115/460] [PASS 10/10] generating...
[TASK RECORD]
single jsonl : outputs\pass10_full\python\62b438ba66fea644fe22cca2_pass10.jsonl
python total : outputs\pass10_full\python_predictions_pass10.jsonl
java total   : outputs\pass10_full\java_predictions_pass10.jsonl
all total    : outputs\pass10_full\all_predictions_pass10.jsonl
artifact root: outputs\pass10_full\python\62b438ba66fea644fe22cca2

====================================================================================================
[116/460] full pass-k running
lang    : python
task_id : 62b438b666fea644fe22cc78
pass_k  : 10
====================================================================================================
[TASK 116/460] [PASS 1/10] generating...
[TASK 116/460] [PASS 2/10] generating...
[TASK 116/460] [PASS 3/10] generating...
[TASK 116/460] [PASS 4/10] generating...
[TASK 116/460] [PASS 5/10] generating...
[TASK 116/460] [PASS 6/10] generating...
[TASK 116/460] [PASS 7/10] generating...
[TASK 116/460] [PASS 8/10] generating...
[TASK 116/460] [PASS 9/10] generating...
[TASK 116/460] [PASS 10/10] generating...
[TASK RECORD]
single jsonl : outputs\pass10_full\python\62b438b666fea644fe22cc78_pass10.jsonl
python total : outputs\pass10_full\python_predictions_pass10.jsonl
java total   : outputs\pass10_full\java_predictions_pass10.jsonl
all total    : outputs\pass10_full\all_predictions_pass10.jsonl
artifact root: outputs\pass10_full\python\62b438b666fea644fe22cc78

====================================================================================================
[117/460] full pass-k running
lang    : python
task_id : 62b438b666fea644fe22cc72
pass_k  : 10
====================================================================================================
[TASK 117/460] [PASS 1/10] generating...
[TASK 117/460] [PASS 2/10] generating...
[TASK 117/460] [PASS 3/10] generating...
[TASK 117/460] [PASS 4/10] generating...
[TASK 117/460] [PASS 5/10] generating...
[TASK 117/460] [PASS 6/10] generating...
[TASK 117/460] [PASS 7/10] generating...
[TASK 117/460] [PASS 8/10] generating...
[TASK 117/460] [PASS 9/10] generating...
[TASK 117/460] [PASS 10/10] generating...
[TASK RECORD]
single jsonl : outputs\pass10_full\python\62b438b666fea644fe22cc72_pass10.jsonl
python total : outputs\pass10_full\python_predictions_pass10.jsonl
java total   : outputs\pass10_full\java_predictions_pass10.jsonl
all total    : outputs\pass10_full\all_predictions_pass10.jsonl
artifact root: outputs\pass10_full\python\62b438b666fea644fe22cc72

====================================================================================================
[118/460] full pass-k running
lang    : python
task_id : 62b438b566fea644fe22cc70
pass_k  : 10
====================================================================================================
[TASK 118/460] [PASS 1/10] generating...
[TASK 118/460] [PASS 2/10] generating...
[TASK 118/460] [PASS 3/10] generating...
[TASK 118/460] [PASS 4/10] generating...
[TASK 118/460] [PASS 5/10] generating...
[TASK 118/460] [PASS 6/10] generating...
[TASK 118/460] [PASS 7/10] generating...
[TASK 118/460] [PASS 8/10] generating...
[TASK 118/460] [PASS 9/10] generating...
[TASK 118/460] [PASS 10/10] generating...
[TASK RECORD]
single jsonl : outputs\pass10_full\python\62b438b566fea644fe22cc70_pass10.jsonl
python total : outputs\pass10_full\python_predictions_pass10.jsonl
java total   : outputs\pass10_full\java_predictions_pass10.jsonl
all total    : outputs\pass10_full\all_predictions_pass10.jsonl
artifact root: outputs\pass10_full\python\62b438b566fea644fe22cc70

====================================================================================================
[119/460] full pass-k running
lang    : python
task_id : 62b438a266fea644fe22cc2e
pass_k  : 10
====================================================================================================
[TASK 119/460] [PASS 1/10] generating...
[TASK 119/460] [PASS 2/10] generating...
[TASK 119/460] [PASS 3/10] generating...
[TASK 119/460] [PASS 4/10] generating...
[TASK 119/460] [PASS 5/10] generating...
[TASK 119/460] [PASS 6/10] generating...
[TASK 119/460] [PASS 7/10] generating...
[TASK 119/460] [PASS 8/10] generating...
[TASK 119/460] [PASS 9/10] generating...
[TASK 119/460] [PASS 10/10] generating...
[TASK RECORD]
single jsonl : outputs\pass10_full\python\62b438a266fea644fe22cc2e_pass10.jsonl
python total : outputs\pass10_full\python_predictions_pass10.jsonl
java total   : outputs\pass10_full\java_predictions_pass10.jsonl
all total    : outputs\pass10_full\all_predictions_pass10.jsonl
artifact root: outputs\pass10_full\python\62b438a266fea644fe22cc2e

====================================================================================================
[120/460] full pass-k running
lang    : python
task_id : 62b438a266fea644fe22cc2d
pass_k  : 10
====================================================================================================
[TASK 120/460] [PASS 1/10] generating...
[TASK ERROR]
lang      : python
task_id   : 62b438a266fea644fe22cc2d
error     : 'make_parsers'
errors log: outputs\pass10_full\errors.jsonl

====================================================================================================
[121/460] full pass-k running
lang    : python
task_id : 62b438a266fea644fe22cc2c
pass_k  : 10
====================================================================================================
[TASK 121/460] [PASS 1/10] generating...
[TASK 121/460] [PASS 2/10] generating...
[TASK 121/460] [PASS 3/10] generating...
[TASK 121/460] [PASS 4/10] generating...
[TASK 121/460] [PASS 5/10] generating...
[TASK 121/460] [PASS 6/10] generating...
[TASK 121/460] [PASS 7/10] generating...
[TASK 121/460] [PASS 8/10] generating...
[TASK 121/460] [PASS 9/10] generating...
[TASK 121/460] [PASS 10/10] generating...
[TASK RECORD]
single jsonl : outputs\pass10_full\python\62b438a266fea644fe22cc2c_pass10.jsonl
python total : outputs\pass10_full\python_predictions_pass10.jsonl
java total   : outputs\pass10_full\java_predictions_pass10.jsonl
all total    : outputs\pass10_full\all_predictions_pass10.jsonl
artifact root: outputs\pass10_full\python\62b438a266fea644fe22cc2c

====================================================================================================
[122/460] full pass-k running
lang    : python
task_id : 62ece4982e6aefcf4aabbd5f
pass_k  : 10
====================================================================================================
[TASK 122/460] [PASS 1/10] generating...
[TASK 122/460] [PASS 2/10] generating...
[TASK 122/460] [PASS 3/10] generating...
[TASK 122/460] [PASS 4/10] generating...
[TASK 122/460] [PASS 5/10] generating...
[TASK 122/460] [PASS 6/10] generating...
[TASK 122/460] [PASS 7/10] generating...
[TASK 122/460] [PASS 8/10] generating...
[TASK 122/460] [PASS 9/10] generating...
[TASK 122/460] [PASS 10/10] generating...
[TASK RECORD]
single jsonl : outputs\pass10_full\python\62ece4982e6aefcf4aabbd5f_pass10.jsonl
python total : outputs\pass10_full\python_predictions_pass10.jsonl
java total   : outputs\pass10_full\java_predictions_pass10.jsonl
all total    : outputs\pass10_full\all_predictions_pass10.jsonl
artifact root: outputs\pass10_full\python\62ece4982e6aefcf4aabbd5f

====================================================================================================
[123/460] full pass-k running
lang    : python
task_id : 62ece4982e6aefcf4aabbd60
pass_k  : 10
====================================================================================================
[TASK 123/460] [PASS 1/10] generating...
[TASK 123/460] [PASS 2/10] generating...
[TASK 123/460] [PASS 3/10] generating...
[TASK 123/460] [PASS 4/10] generating...
[TASK 123/460] [PASS 5/10] generating...
[TASK 123/460] [PASS 6/10] generating...
[TASK 123/460] [PASS 7/10] generating...
[TASK 123/460] [PASS 8/10] generating...
[TASK 123/460] [PASS 9/10] generating...
[TASK 123/460] [PASS 10/10] generating...
[TASK RECORD]
single jsonl : outputs\pass10_full\python\62ece4982e6aefcf4aabbd60_pass10.jsonl
python total : outputs\pass10_full\python_predictions_pass10.jsonl
java total   : outputs\pass10_full\java_predictions_pass10.jsonl
all total    : outputs\pass10_full\all_predictions_pass10.jsonl
artifact root: outputs\pass10_full\python\62ece4982e6aefcf4aabbd60

====================================================================================================
[124/460] full pass-k running
lang    : python
task_id : 62ece4982e6aefcf4aabbd61
pass_k  : 10
====================================================================================================
[TASK 124/460] [PASS 1/10] generating...
[TASK 124/460] [PASS 2/10] generating...
[TASK 124/460] [PASS 3/10] generating...
[TASK 124/460] [PASS 4/10] generating...
[TASK 124/460] [PASS 5/10] generating...
[TASK 124/460] [PASS 6/10] generating...
[TASK 124/460] [PASS 7/10] generating...
[TASK 124/460] [PASS 8/10] generating...
[TASK 124/460] [PASS 9/10] generating...
[TASK 124/460] [PASS 10/10] generating...
[TASK RECORD]
single jsonl : outputs\pass10_full\python\62ece4982e6aefcf4aabbd61_pass10.jsonl
python total : outputs\pass10_full\python_predictions_pass10.jsonl
java total   : outputs\pass10_full\java_predictions_pass10.jsonl
all total    : outputs\pass10_full\all_predictions_pass10.jsonl
artifact root: outputs\pass10_full\python\62ece4982e6aefcf4aabbd61

====================================================================================================
[125/460] full pass-k running
lang    : python
task_id : 62ece4982e6aefcf4aabbd62
pass_k  : 10
====================================================================================================
[TASK 125/460] [PASS 1/10] generating...
[TASK 125/460] [PASS 2/10] generating...
[TASK 125/460] [PASS 3/10] generating...
[TASK 125/460] [PASS 4/10] generating...
[TASK 125/460] [PASS 5/10] generating...
[TASK 125/460] [PASS 6/10] generating...
[TASK 125/460] [PASS 7/10] generating...
[TASK 125/460] [PASS 8/10] generating...
[TASK 125/460] [PASS 9/10] generating...
[TASK 125/460] [PASS 10/10] generating...
[TASK RECORD]
single jsonl : outputs\pass10_full\python\62ece4982e6aefcf4aabbd62_pass10.jsonl
python total : outputs\pass10_full\python_predictions_pass10.jsonl
java total   : outputs\pass10_full\java_predictions_pass10.jsonl
all total    : outputs\pass10_full\all_predictions_pass10.jsonl
artifact root: outputs\pass10_full\python\62ece4982e6aefcf4aabbd62

====================================================================================================
[126/460] full pass-k running
lang    : python
task_id : 62ece4982e6aefcf4aabbd63
pass_k  : 10
====================================================================================================
[TASK 126/460] [PASS 1/10] generating...
[TASK 126/460] [PASS 2/10] generating...
[TASK 126/460] [PASS 3/10] generating...
[TASK 126/460] [PASS 4/10] generating...
[TASK 126/460] [PASS 5/10] generating...
[TASK 126/460] [PASS 6/10] generating...
[TASK 126/460] [PASS 7/10] generating...
[TASK 126/460] [PASS 8/10] generating...
[TASK 126/460] [PASS 9/10] generating...
[TASK 126/460] [PASS 10/10] generating...
[TASK RECORD]
single jsonl : outputs\pass10_full\python\62ece4982e6aefcf4aabbd63_pass10.jsonl
python total : outputs\pass10_full\python_predictions_pass10.jsonl
java total   : outputs\pass10_full\java_predictions_pass10.jsonl
all total    : outputs\pass10_full\all_predictions_pass10.jsonl
artifact root: outputs\pass10_full\python\62ece4982e6aefcf4aabbd63

====================================================================================================
[127/460] full pass-k running
lang    : python
task_id : 62ece4982e6aefcf4aabbd65
pass_k  : 10
====================================================================================================
[TASK 127/460] [PASS 1/10] generating...
[TASK 127/460] [PASS 2/10] generating...
[TASK 127/460] [PASS 3/10] generating...
[TASK 127/460] [PASS 4/10] generating...
[TASK 127/460] [PASS 5/10] generating...
[TASK 127/460] [PASS 6/10] generating...
[TASK 127/460] [PASS 7/10] generating...
[TASK 127/460] [PASS 8/10] generating...
[TASK 127/460] [PASS 9/10] generating...
[TASK 127/460] [PASS 10/10] generating...
[TASK RECORD]
single jsonl : outputs\pass10_full\python\62ece4982e6aefcf4aabbd65_pass10.jsonl
python total : outputs\pass10_full\python_predictions_pass10.jsonl
java total   : outputs\pass10_full\java_predictions_pass10.jsonl
all total    : outputs\pass10_full\all_predictions_pass10.jsonl
artifact root: outputs\pass10_full\python\62ece4982e6aefcf4aabbd65

====================================================================================================
[128/460] full pass-k running
lang    : python
task_id : 62ece4982e6aefcf4aabbd66
pass_k  : 10
====================================================================================================
[TASK 128/460] [PASS 1/10] generating...
[TASK 128/460] [PASS 2/10] generating...
[TASK 128/460] [PASS 3/10] generating...
[TASK 128/460] [PASS 4/10] generating...
[TASK 128/460] [PASS 5/10] generating...
[TASK 128/460] [PASS 6/10] generating...
[TASK 128/460] [PASS 7/10] generating...
[TASK 128/460] [PASS 8/10] generating...
[TASK 128/460] [PASS 9/10] generating...
[TASK 128/460] [PASS 10/10] generating...
[TASK RECORD]
single jsonl : outputs\pass10_full\python\62ece4982e6aefcf4aabbd66_pass10.jsonl
python total : outputs\pass10_full\python_predictions_pass10.jsonl
java total   : outputs\pass10_full\java_predictions_pass10.jsonl
all total    : outputs\pass10_full\all_predictions_pass10.jsonl
artifact root: outputs\pass10_full\python\62ece4982e6aefcf4aabbd66

====================================================================================================
[129/460] full pass-k running
lang    : python
task_id : 62ece4982e6aefcf4aabbd67
pass_k  : 10
====================================================================================================
[TASK 129/460] [PASS 1/10] generating...
[TASK 129/460] [PASS 2/10] generating...
[TASK 129/460] [PASS 3/10] generating...
[TASK 129/460] [PASS 4/10] generating...
[TASK 129/460] [PASS 5/10] generating...
[TASK 129/460] [PASS 6/10] generating...
[TASK 129/460] [PASS 7/10] generating...
[TASK 129/460] [PASS 8/10] generating...
[TASK 129/460] [PASS 9/10] generating...
[TASK 129/460] [PASS 10/10] generating...
[TASK RECORD]
single jsonl : outputs\pass10_full\python\62ece4982e6aefcf4aabbd67_pass10.jsonl
python total : outputs\pass10_full\python_predictions_pass10.jsonl
java total   : outputs\pass10_full\java_predictions_pass10.jsonl
all total    : outputs\pass10_full\all_predictions_pass10.jsonl
artifact root: outputs\pass10_full\python\62ece4982e6aefcf4aabbd67

====================================================================================================
[130/460] full pass-k running
lang    : python
task_id : 62ece4982e6aefcf4aabbd68
pass_k  : 10
====================================================================================================
[TASK 130/460] [PASS 1/10] generating...
[TASK 130/460] [PASS 2/10] generating...
[TASK 130/460] [PASS 3/10] generating...
[TASK 130/460] [PASS 4/10] generating...
[TASK 130/460] [PASS 5/10] generating...
[TASK 130/460] [PASS 6/10] generating...
[TASK 130/460] [PASS 7/10] generating...
[TASK 130/460] [PASS 8/10] generating...
[TASK 130/460] [PASS 9/10] generating...
[TASK 130/460] [PASS 10/10] generating...
[TASK RECORD]
single jsonl : outputs\pass10_full\python\62ece4982e6aefcf4aabbd68_pass10.jsonl
python total : outputs\pass10_full\python_predictions_pass10.jsonl
java total   : outputs\pass10_full\java_predictions_pass10.jsonl
all total    : outputs\pass10_full\all_predictions_pass10.jsonl
artifact root: outputs\pass10_full\python\62ece4982e6aefcf4aabbd68

====================================================================================================
[131/460] full pass-k running
lang    : python
task_id : 62ece4982e6aefcf4aabbd69
pass_k  : 10
====================================================================================================
[TASK 131/460] [PASS 1/10] generating...
[TASK 131/460] [PASS 2/10] generating...
[TASK 131/460] [PASS 3/10] generating...
[TASK 131/460] [PASS 4/10] generating...
[TASK 131/460] [PASS 5/10] generating...
[TASK 131/460] [PASS 6/10] generating...
[TASK 131/460] [PASS 7/10] generating...
[TASK 131/460] [PASS 8/10] generating...
[TASK 131/460] [PASS 9/10] generating...
[TASK 131/460] [PASS 10/10] generating...
[TASK RECORD]
single jsonl : outputs\pass10_full\python\62ece4982e6aefcf4aabbd69_pass10.jsonl
python total : outputs\pass10_full\python_predictions_pass10.jsonl
java total   : outputs\pass10_full\java_predictions_pass10.jsonl
all total    : outputs\pass10_full\all_predictions_pass10.jsonl
artifact root: outputs\pass10_full\python\62ece4982e6aefcf4aabbd69

====================================================================================================
[132/460] full pass-k running
lang    : python
task_id : 62ece4982e6aefcf4aabbd6a
pass_k  : 10
====================================================================================================
[TASK 132/460] [PASS 1/10] generating...
[TASK 132/460] [PASS 2/10] generating...
[TASK 132/460] [PASS 3/10] generating...
[TASK 132/460] [PASS 4/10] generating...
[TASK 132/460] [PASS 5/10] generating...
[TASK 132/460] [PASS 6/10] generating...
[TASK 132/460] [PASS 7/10] generating...
[TASK 132/460] [PASS 8/10] generating...
[TASK 132/460] [PASS 9/10] generating...
[TASK 132/460] [PASS 10/10] generating...
[TASK RECORD]
single jsonl : outputs\pass10_full\python\62ece4982e6aefcf4aabbd6a_pass10.jsonl
python total : outputs\pass10_full\python_predictions_pass10.jsonl
java total   : outputs\pass10_full\java_predictions_pass10.jsonl
all total    : outputs\pass10_full\all_predictions_pass10.jsonl
artifact root: outputs\pass10_full\python\62ece4982e6aefcf4aabbd6a

====================================================================================================
[133/460] full pass-k running
lang    : python
task_id : 62ece4982e6aefcf4aabbd6b
pass_k  : 10
====================================================================================================
[TASK 133/460] [PASS 1/10] generating...
[TASK 133/460] [PASS 2/10] generating...
[TASK 133/460] [PASS 3/10] generating...
[TASK 133/460] [PASS 4/10] generating...
[TASK 133/460] [PASS 5/10] generating...
[TASK 133/460] [PASS 6/10] generating...
[TASK 133/460] [PASS 7/10] generating...
[TASK 133/460] [PASS 8/10] generating...
[TASK 133/460] [PASS 9/10] generating...
[TASK 133/460] [PASS 10/10] generating...
[TASK RECORD]
single jsonl : outputs\pass10_full\python\62ece4982e6aefcf4aabbd6b_pass10.jsonl
python total : outputs\pass10_full\python_predictions_pass10.jsonl
java total   : outputs\pass10_full\java_predictions_pass10.jsonl
all total    : outputs\pass10_full\all_predictions_pass10.jsonl
artifact root: outputs\pass10_full\python\62ece4982e6aefcf4aabbd6b

====================================================================================================
[134/460] full pass-k running
lang    : python
task_id : 62ece4982e6aefcf4aabbd6d
pass_k  : 10
====================================================================================================
[TASK 134/460] [PASS 1/10] generating...
[TASK 134/460] [PASS 2/10] generating...
[TASK 134/460] [PASS 3/10] generating...
[TASK 134/460] [PASS 4/10] generating...
[TASK 134/460] [PASS 5/10] generating...
[TASK 134/460] [PASS 6/10] generating...
[TASK 134/460] [PASS 7/10] generating...
[TASK 134/460] [PASS 8/10] generating...
[TASK 134/460] [PASS 9/10] generating...
[TASK 134/460] [PASS 10/10] generating...
[TASK RECORD]
single jsonl : outputs\pass10_full\python\62ece4982e6aefcf4aabbd6d_pass10.jsonl
python total : outputs\pass10_full\python_predictions_pass10.jsonl
java total   : outputs\pass10_full\java_predictions_pass10.jsonl
all total    : outputs\pass10_full\all_predictions_pass10.jsonl
artifact root: outputs\pass10_full\python\62ece4982e6aefcf4aabbd6d

====================================================================================================
[135/460] full pass-k running
lang    : python
task_id : 62ece4982e6aefcf4aabbd6f
pass_k  : 10
====================================================================================================
[TASK 135/460] [PASS 1/10] generating...
[TASK 135/460] [PASS 2/10] generating...
[TASK 135/460] [PASS 3/10] generating...
[TASK 135/460] [PASS 4/10] generating...
[TASK 135/460] [PASS 5/10] generating...
[TASK 135/460] [PASS 6/10] generating...
[TASK 135/460] [PASS 7/10] generating...
[TASK 135/460] [PASS 8/10] generating...
[TASK 135/460] [PASS 9/10] generating...
[TASK 135/460] [PASS 10/10] generating...
[TASK RECORD]
single jsonl : outputs\pass10_full\python\62ece4982e6aefcf4aabbd6f_pass10.jsonl
python total : outputs\pass10_full\python_predictions_pass10.jsonl
java total   : outputs\pass10_full\java_predictions_pass10.jsonl
all total    : outputs\pass10_full\all_predictions_pass10.jsonl
artifact root: outputs\pass10_full\python\62ece4982e6aefcf4aabbd6f

====================================================================================================
[136/460] full pass-k running
lang    : python
task_id : 62ece4982e6aefcf4aabbd70
pass_k  : 10
====================================================================================================
[TASK 136/460] [PASS 1/10] generating...
[TASK 136/460] [PASS 2/10] generating...
[TASK 136/460] [PASS 3/10] generating...
[TASK 136/460] [PASS 4/10] generating...
[TASK 136/460] [PASS 5/10] generating...
[TASK 136/460] [PASS 6/10] generating...
[TASK 136/460] [PASS 7/10] generating...
[TASK 136/460] [PASS 8/10] generating...
[TASK 136/460] [PASS 9/10] generating...
[TASK 136/460] [PASS 10/10] generating...
[TASK RECORD]
single jsonl : outputs\pass10_full\python\62ece4982e6aefcf4aabbd70_pass10.jsonl
python total : outputs\pass10_full\python_predictions_pass10.jsonl
java total   : outputs\pass10_full\java_predictions_pass10.jsonl
all total    : outputs\pass10_full\all_predictions_pass10.jsonl
artifact root: outputs\pass10_full\python\62ece4982e6aefcf4aabbd70

====================================================================================================
[137/460] full pass-k running
lang    : python
task_id : 62ece4982e6aefcf4aabbd71
pass_k  : 10
====================================================================================================
[TASK 137/460] [PASS 1/10] generating...
[TASK 137/460] [PASS 2/10] generating...
[TASK 137/460] [PASS 3/10] generating...
[TASK 137/460] [PASS 4/10] generating...
[TASK 137/460] [PASS 5/10] generating...
[TASK 137/460] [PASS 6/10] generating...
[TASK 137/460] [PASS 7/10] generating...
[TASK 137/460] [PASS 8/10] generating...
[TASK 137/460] [PASS 9/10] generating...
[TASK 137/460] [PASS 10/10] generating...
[TASK RECORD]
single jsonl : outputs\pass10_full\python\62ece4982e6aefcf4aabbd71_pass10.jsonl
python total : outputs\pass10_full\python_predictions_pass10.jsonl
java total   : outputs\pass10_full\java_predictions_pass10.jsonl
all total    : outputs\pass10_full\all_predictions_pass10.jsonl
artifact root: outputs\pass10_full\python\62ece4982e6aefcf4aabbd71

====================================================================================================
[138/460] full pass-k running
lang    : python
task_id : 62ece4982e6aefcf4aabbd72
pass_k  : 10
====================================================================================================
[TASK 138/460] [PASS 1/10] generating...
[TASK 138/460] [PASS 2/10] generating...
[TASK 138/460] [PASS 3/10] generating...
[TASK 138/460] [PASS 4/10] generating...
[TASK 138/460] [PASS 5/10] generating...
[TASK 138/460] [PASS 6/10] generating...
[TASK 138/460] [PASS 7/10] generating...
[TASK 138/460] [PASS 8/10] generating...
[TASK 138/460] [PASS 9/10] generating...
[TASK 138/460] [PASS 10/10] generating...
[TASK RECORD]
single jsonl : outputs\pass10_full\python\62ece4982e6aefcf4aabbd72_pass10.jsonl
python total : outputs\pass10_full\python_predictions_pass10.jsonl
java total   : outputs\pass10_full\java_predictions_pass10.jsonl
all total    : outputs\pass10_full\all_predictions_pass10.jsonl
artifact root: outputs\pass10_full\python\62ece4982e6aefcf4aabbd72

====================================================================================================
[139/460] full pass-k running
lang    : python
task_id : 62ece4982e6aefcf4aabbd73
pass_k  : 10
====================================================================================================
[TASK 139/460] [PASS 1/10] generating...
[TASK 139/460] [PASS 2/10] generating...
[TASK 139/460] [PASS 3/10] generating...
[TASK 139/460] [PASS 4/10] generating...
[TASK 139/460] [PASS 5/10] generating...
[TASK 139/460] [PASS 6/10] generating...
[TASK 139/460] [PASS 7/10] generating...
[TASK 139/460] [PASS 8/10] generating...
[TASK 139/460] [PASS 9/10] generating...
[TASK 139/460] [PASS 10/10] generating...
[TASK RECORD]
single jsonl : outputs\pass10_full\python\62ece4982e6aefcf4aabbd73_pass10.jsonl
python total : outputs\pass10_full\python_predictions_pass10.jsonl
java total   : outputs\pass10_full\java_predictions_pass10.jsonl
all total    : outputs\pass10_full\all_predictions_pass10.jsonl
artifact root: outputs\pass10_full\python\62ece4982e6aefcf4aabbd73

====================================================================================================
[140/460] full pass-k running
lang    : python
task_id : 62ece4982e6aefcf4aabbd74
pass_k  : 10
====================================================================================================
[TASK 140/460] [PASS 1/10] generating...
[TASK 140/460] [PASS 2/10] generating...
[TASK 140/460] [PASS 3/10] generating...
[TASK 140/460] [PASS 4/10] generating...
[TASK 140/460] [PASS 5/10] generating...
[TASK 140/460] [PASS 6/10] generating...
[TASK 140/460] [PASS 7/10] generating...
[TASK 140/460] [PASS 8/10] generating...
[TASK 140/460] [PASS 9/10] generating...
[TASK 140/460] [PASS 10/10] generating...
[TASK RECORD]
single jsonl : outputs\pass10_full\python\62ece4982e6aefcf4aabbd74_pass10.jsonl
python total : outputs\pass10_full\python_predictions_pass10.jsonl
java total   : outputs\pass10_full\java_predictions_pass10.jsonl
all total    : outputs\pass10_full\all_predictions_pass10.jsonl
artifact root: outputs\pass10_full\python\62ece4982e6aefcf4aabbd74

====================================================================================================
[141/460] full pass-k running
lang    : python
task_id : 62ece4982e6aefcf4aabbd75
pass_k  : 10
====================================================================================================
[TASK 141/460] [PASS 1/10] generating...
[TASK 141/460] [PASS 2/10] generating...
[TASK 141/460] [PASS 3/10] generating...
[TASK 141/460] [PASS 4/10] generating...
[TASK 141/460] [PASS 5/10] generating...
[TASK 141/460] [PASS 6/10] generating...
[TASK 141/460] [PASS 7/10] generating...
[TASK 141/460] [PASS 8/10] generating...
[TASK 141/460] [PASS 9/10] generating...
[TASK 141/460] [PASS 10/10] generating...
[TASK RECORD]
single jsonl : outputs\pass10_full\python\62ece4982e6aefcf4aabbd75_pass10.jsonl
python total : outputs\pass10_full\python_predictions_pass10.jsonl
java total   : outputs\pass10_full\java_predictions_pass10.jsonl
all total    : outputs\pass10_full\all_predictions_pass10.jsonl
artifact root: outputs\pass10_full\python\62ece4982e6aefcf4aabbd75

====================================================================================================
[142/460] full pass-k running
lang    : python
task_id : 62ece4982e6aefcf4aabbd76
pass_k  : 10
====================================================================================================
[TASK 142/460] [PASS 1/10] generating...
[TASK 142/460] [PASS 2/10] generating...
[TASK 142/460] [PASS 3/10] generating...
[TASK 142/460] [PASS 4/10] generating...
[TASK 142/460] [PASS 5/10] generating...
[TASK 142/460] [PASS 6/10] generating...
[TASK 142/460] [PASS 7/10] generating...
[TASK 142/460] [PASS 8/10] generating...
[TASK 142/460] [PASS 9/10] generating...
[TASK 142/460] [PASS 10/10] generating...
[TASK RECORD]
single jsonl : outputs\pass10_full\python\62ece4982e6aefcf4aabbd76_pass10.jsonl
python total : outputs\pass10_full\python_predictions_pass10.jsonl
java total   : outputs\pass10_full\java_predictions_pass10.jsonl
all total    : outputs\pass10_full\all_predictions_pass10.jsonl
artifact root: outputs\pass10_full\python\62ece4982e6aefcf4aabbd76

====================================================================================================
[143/460] full pass-k running
lang    : python
task_id : 62ece4982e6aefcf4aabbd77
pass_k  : 10
====================================================================================================
[TASK 143/460] [PASS 1/10] generating...
[TASK 143/460] [PASS 2/10] generating...
[TASK 143/460] [PASS 3/10] generating...
[TASK 143/460] [PASS 4/10] generating...
[TASK 143/460] [PASS 5/10] generating...
[TASK 143/460] [PASS 6/10] generating...
[TASK 143/460] [PASS 7/10] generating...
[TASK 143/460] [PASS 8/10] generating...
[TASK 143/460] [PASS 9/10] generating...
[TASK 143/460] [PASS 10/10] generating...
[TASK RECORD]
single jsonl : outputs\pass10_full\python\62ece4982e6aefcf4aabbd77_pass10.jsonl
python total : outputs\pass10_full\python_predictions_pass10.jsonl
java total   : outputs\pass10_full\java_predictions_pass10.jsonl
all total    : outputs\pass10_full\all_predictions_pass10.jsonl
artifact root: outputs\pass10_full\python\62ece4982e6aefcf4aabbd77

====================================================================================================
[144/460] full pass-k running
lang    : python
task_id : 62ece4992e6aefcf4aabbd78
pass_k  : 10
====================================================================================================
[TASK 144/460] [PASS 1/10] generating...
[TASK 144/460] [PASS 2/10] generating...
[TASK 144/460] [PASS 3/10] generating...
[TASK 144/460] [PASS 4/10] generating...
[TASK 144/460] [PASS 5/10] generating...
[TASK 144/460] [PASS 6/10] generating...
[TASK 144/460] [PASS 7/10] generating...
[TASK 144/460] [PASS 8/10] generating...
[TASK 144/460] [PASS 9/10] generating...
[TASK 144/460] [PASS 10/10] generating...
[TASK RECORD]
single jsonl : outputs\pass10_full\python\62ece4992e6aefcf4aabbd78_pass10.jsonl
python total : outputs\pass10_full\python_predictions_pass10.jsonl
java total   : outputs\pass10_full\java_predictions_pass10.jsonl
all total    : outputs\pass10_full\all_predictions_pass10.jsonl
artifact root: outputs\pass10_full\python\62ece4992e6aefcf4aabbd78

====================================================================================================
[145/460] full pass-k running
lang    : python
task_id : 62ece4992e6aefcf4aabbd79
pass_k  : 10
====================================================================================================
[TASK 145/460] [PASS 1/10] generating...
[TASK 145/460] [PASS 2/10] generating...
[TASK 145/460] [PASS 3/10] generating...
[TASK 145/460] [PASS 4/10] generating...
[TASK 145/460] [PASS 5/10] generating...
[TASK 145/460] [PASS 6/10] generating...
[TASK 145/460] [PASS 7/10] generating...
[TASK 145/460] [PASS 8/10] generating...
[TASK 145/460] [PASS 9/10] generating...
[TASK 145/460] [PASS 10/10] generating...
[TASK RECORD]
single jsonl : outputs\pass10_full\python\62ece4992e6aefcf4aabbd79_pass10.jsonl
python total : outputs\pass10_full\python_predictions_pass10.jsonl
java total   : outputs\pass10_full\java_predictions_pass10.jsonl
all total    : outputs\pass10_full\all_predictions_pass10.jsonl
artifact root: outputs\pass10_full\python\62ece4992e6aefcf4aabbd79

====================================================================================================
[146/460] full pass-k running
lang    : python
task_id : 62ece4992e6aefcf4aabbd7a
pass_k  : 10
====================================================================================================
[TASK 146/460] [PASS 1/10] generating...
[TASK 146/460] [PASS 2/10] generating...
[TASK 146/460] [PASS 3/10] generating...
[TASK 146/460] [PASS 4/10] generating...
[TASK 146/460] [PASS 5/10] generating...
[TASK 146/460] [PASS 6/10] generating...
[TASK 146/460] [PASS 7/10] generating...
[TASK 146/460] [PASS 8/10] generating...
[TASK 146/460] [PASS 9/10] generating...
[TASK 146/460] [PASS 10/10] generating...
[TASK RECORD]
single jsonl : outputs\pass10_full\python\62ece4992e6aefcf4aabbd7a_pass10.jsonl
python total : outputs\pass10_full\python_predictions_pass10.jsonl
java total   : outputs\pass10_full\java_predictions_pass10.jsonl
all total    : outputs\pass10_full\all_predictions_pass10.jsonl
artifact root: outputs\pass10_full\python\62ece4992e6aefcf4aabbd7a

====================================================================================================
[147/460] full pass-k running
lang    : python
task_id : 62ece4992e6aefcf4aabbd7b
pass_k  : 10
====================================================================================================
[TASK 147/460] [PASS 1/10] generating...
[TASK 147/460] [PASS 2/10] generating...
[TASK 147/460] [PASS 3/10] generating...
[TASK 147/460] [PASS 4/10] generating...
[TASK 147/460] [PASS 5/10] generating...
[TASK 147/460] [PASS 6/10] generating...
[TASK 147/460] [PASS 7/10] generating...
[TASK 147/460] [PASS 8/10] generating...
[TASK 147/460] [PASS 9/10] generating...
[TASK 147/460] [PASS 10/10] generating...
[TASK RECORD]
single jsonl : outputs\pass10_full\python\62ece4992e6aefcf4aabbd7b_pass10.jsonl
python total : outputs\pass10_full\python_predictions_pass10.jsonl
java total   : outputs\pass10_full\java_predictions_pass10.jsonl
all total    : outputs\pass10_full\all_predictions_pass10.jsonl
artifact root: outputs\pass10_full\python\62ece4992e6aefcf4aabbd7b

====================================================================================================
[148/460] full pass-k running
lang    : python
task_id : 62ece4992e6aefcf4aabbd7c
pass_k  : 10
====================================================================================================
[TASK 148/460] [PASS 1/10] generating...
[TASK 148/460] [PASS 2/10] generating...
[TASK 148/460] [PASS 3/10] generating...
[TASK 148/460] [PASS 4/10] generating...
[TASK 148/460] [PASS 5/10] generating...
[TASK 148/460] [PASS 6/10] generating...
[TASK 148/460] [PASS 7/10] generating...
[TASK 148/460] [PASS 8/10] generating...
[TASK 148/460] [PASS 9/10] generating...
[TASK 148/460] [PASS 10/10] generating...
[TASK RECORD]
single jsonl : outputs\pass10_full\python\62ece4992e6aefcf4aabbd7c_pass10.jsonl
python total : outputs\pass10_full\python_predictions_pass10.jsonl
java total   : outputs\pass10_full\java_predictions_pass10.jsonl
all total    : outputs\pass10_full\all_predictions_pass10.jsonl
artifact root: outputs\pass10_full\python\62ece4992e6aefcf4aabbd7c

====================================================================================================
[149/460] full pass-k running
lang    : python
task_id : 62ece4992e6aefcf4aabbd7d
pass_k  : 10
====================================================================================================
[TASK 149/460] [PASS 1/10] generating...
[TASK 149/460] [PASS 2/10] generating...
[TASK 149/460] [PASS 3/10] generating...
[TASK 149/460] [PASS 4/10] generating...
[TASK 149/460] [PASS 5/10] generating...
[TASK 149/460] [PASS 6/10] generating...
[TASK 149/460] [PASS 7/10] generating...
[TASK 149/460] [PASS 8/10] generating...
[TASK 149/460] [PASS 9/10] generating...
[TASK 149/460] [PASS 10/10] generating...
[TASK RECORD]
single jsonl : outputs\pass10_full\python\62ece4992e6aefcf4aabbd7d_pass10.jsonl
python total : outputs\pass10_full\python_predictions_pass10.jsonl
java total   : outputs\pass10_full\java_predictions_pass10.jsonl
all total    : outputs\pass10_full\all_predictions_pass10.jsonl
artifact root: outputs\pass10_full\python\62ece4992e6aefcf4aabbd7d

====================================================================================================
[150/460] full pass-k running
lang    : python
task_id : 62ece4992e6aefcf4aabbd7e
pass_k  : 10
====================================================================================================
[TASK 150/460] [PASS 1/10] generating...
[TASK 150/460] [PASS 2/10] generating...
[TASK 150/460] [PASS 3/10] generating...
[TASK 150/460] [PASS 4/10] generating...
[TASK 150/460] [PASS 5/10] generating...
[TASK 150/460] [PASS 6/10] generating...
[TASK 150/460] [PASS 7/10] generating...
[TASK 150/460] [PASS 8/10] generating...
[TASK 150/460] [PASS 9/10] generating...
[TASK 150/460] [PASS 10/10] generating...
[TASK RECORD]
single jsonl : outputs\pass10_full\python\62ece4992e6aefcf4aabbd7e_pass10.jsonl
python total : outputs\pass10_full\python_predictions_pass10.jsonl
java total   : outputs\pass10_full\java_predictions_pass10.jsonl
all total    : outputs\pass10_full\all_predictions_pass10.jsonl
artifact root: outputs\pass10_full\python\62ece4992e6aefcf4aabbd7e

====================================================================================================
[151/460] full pass-k running
lang    : python
task_id : 62ece4992e6aefcf4aabbd7f
pass_k  : 10
====================================================================================================
[TASK 151/460] [PASS 1/10] generating...
[TASK 151/460] [PASS 2/10] generating...
[TASK 151/460] [PASS 3/10] generating...
[TASK 151/460] [PASS 4/10] generating...
[TASK 151/460] [PASS 5/10] generating...
[TASK 151/460] [PASS 6/10] generating...
[TASK 151/460] [PASS 7/10] generating...
[TASK 151/460] [PASS 8/10] generating...
[TASK 151/460] [PASS 9/10] generating...
[TASK 151/460] [PASS 10/10] generating...
[TASK RECORD]
single jsonl : outputs\pass10_full\python\62ece4992e6aefcf4aabbd7f_pass10.jsonl
python total : outputs\pass10_full\python_predictions_pass10.jsonl
java total   : outputs\pass10_full\java_predictions_pass10.jsonl
all total    : outputs\pass10_full\all_predictions_pass10.jsonl
artifact root: outputs\pass10_full\python\62ece4992e6aefcf4aabbd7f

====================================================================================================
[152/460] full pass-k running
lang    : python
task_id : 62ece4992e6aefcf4aabbd80
pass_k  : 10
====================================================================================================
[TASK 152/460] [PASS 1/10] generating...
[TASK 152/460] [PASS 2/10] generating...
[TASK 152/460] [PASS 3/10] generating...
[TASK 152/460] [PASS 4/10] generating...
[TASK 152/460] [PASS 5/10] generating...
[TASK 152/460] [PASS 6/10] generating...
[TASK 152/460] [PASS 7/10] generating...
[TASK 152/460] [PASS 8/10] generating...
[TASK 152/460] [PASS 9/10] generating...
[TASK 152/460] [PASS 10/10] generating...
[TASK RECORD]
single jsonl : outputs\pass10_full\python\62ece4992e6aefcf4aabbd80_pass10.jsonl
python total : outputs\pass10_full\python_predictions_pass10.jsonl
java total   : outputs\pass10_full\java_predictions_pass10.jsonl
all total    : outputs\pass10_full\all_predictions_pass10.jsonl
artifact root: outputs\pass10_full\python\62ece4992e6aefcf4aabbd80

====================================================================================================
[153/460] full pass-k running
lang    : python
task_id : 62ece4992e6aefcf4aabbd82
pass_k  : 10
====================================================================================================
[TASK 153/460] [PASS 1/10] generating...
[TASK 153/460] [PASS 2/10] generating...
[TASK 153/460] [PASS 3/10] generating...
[TASK 153/460] [PASS 4/10] generating...
[TASK 153/460] [PASS 5/10] generating...
[TASK 153/460] [PASS 6/10] generating...
[TASK 153/460] [PASS 7/10] generating...
[TASK 153/460] [PASS 8/10] generating...
[TASK 153/460] [PASS 9/10] generating...
[TASK 153/460] [PASS 10/10] generating...
[TASK RECORD]
single jsonl : outputs\pass10_full\python\62ece4992e6aefcf4aabbd82_pass10.jsonl
python total : outputs\pass10_full\python_predictions_pass10.jsonl
java total   : outputs\pass10_full\java_predictions_pass10.jsonl
all total    : outputs\pass10_full\all_predictions_pass10.jsonl
artifact root: outputs\pass10_full\python\62ece4992e6aefcf4aabbd82

====================================================================================================
[154/460] full pass-k running
lang    : python
task_id : 62ece4992e6aefcf4aabbd83
pass_k  : 10
====================================================================================================
[TASK 154/460] [PASS 1/10] generating...
[TASK 154/460] [PASS 2/10] generating...
[TASK 154/460] [PASS 3/10] generating...
[TASK 154/460] [PASS 4/10] generating...
[TASK 154/460] [PASS 5/10] generating...
[TASK 154/460] [PASS 6/10] generating...
[TASK 154/460] [PASS 7/10] generating...
[TASK 154/460] [PASS 8/10] generating...
[TASK 154/460] [PASS 9/10] generating...
[TASK 154/460] [PASS 10/10] generating...
[TASK RECORD]
single jsonl : outputs\pass10_full\python\62ece4992e6aefcf4aabbd83_pass10.jsonl
python total : outputs\pass10_full\python_predictions_pass10.jsonl
java total   : outputs\pass10_full\java_predictions_pass10.jsonl
all total    : outputs\pass10_full\all_predictions_pass10.jsonl
artifact root: outputs\pass10_full\python\62ece4992e6aefcf4aabbd83

====================================================================================================
[155/460] full pass-k running
lang    : python
task_id : 62ece4992e6aefcf4aabbd84
pass_k  : 10
====================================================================================================
[TASK 155/460] [PASS 1/10] generating...
[TASK 155/460] [PASS 2/10] generating...
[TASK 155/460] [PASS 3/10] generating...
[TASK 155/460] [PASS 4/10] generating...
[TASK 155/460] [PASS 5/10] generating...
[TASK 155/460] [PASS 6/10] generating...
[TASK 155/460] [PASS 7/10] generating...
[TASK 155/460] [PASS 8/10] generating...
[TASK 155/460] [PASS 9/10] generating...
[TASK 155/460] [PASS 10/10] generating...
[TASK RECORD]
single jsonl : outputs\pass10_full\python\62ece4992e6aefcf4aabbd84_pass10.jsonl
python total : outputs\pass10_full\python_predictions_pass10.jsonl
java total   : outputs\pass10_full\java_predictions_pass10.jsonl
all total    : outputs\pass10_full\all_predictions_pass10.jsonl
artifact root: outputs\pass10_full\python\62ece4992e6aefcf4aabbd84

====================================================================================================
[156/460] full pass-k running
lang    : python
task_id : 62ece4992e6aefcf4aabbd85
pass_k  : 10
====================================================================================================
[TASK 156/460] [PASS 1/10] generating...
[TASK 156/460] [PASS 2/10] generating...
[TASK 156/460] [PASS 3/10] generating...
[TASK 156/460] [PASS 4/10] generating...
[TASK 156/460] [PASS 5/10] generating...
[TASK 156/460] [PASS 6/10] generating...
[TASK 156/460] [PASS 7/10] generating...
[TASK 156/460] [PASS 8/10] generating...
[TASK 156/460] [PASS 9/10] generating...
[TASK 156/460] [PASS 10/10] generating...
[TASK RECORD]
single jsonl : outputs\pass10_full\python\62ece4992e6aefcf4aabbd85_pass10.jsonl
python total : outputs\pass10_full\python_predictions_pass10.jsonl
java total   : outputs\pass10_full\java_predictions_pass10.jsonl
all total    : outputs\pass10_full\all_predictions_pass10.jsonl
artifact root: outputs\pass10_full\python\62ece4992e6aefcf4aabbd85

====================================================================================================
[157/460] full pass-k running
lang    : python
task_id : 62ece4992e6aefcf4aabbd86
pass_k  : 10
====================================================================================================
[TASK 157/460] [PASS 1/10] generating...
[TASK 157/460] [PASS 2/10] generating...
[TASK 157/460] [PASS 3/10] generating...
[TASK 157/460] [PASS 4/10] generating...
[TASK 157/460] [PASS 5/10] generating...
[TASK 157/460] [PASS 6/10] generating...
[TASK 157/460] [PASS 7/10] generating...
[TASK 157/460] [PASS 8/10] generating...
[TASK 157/460] [PASS 9/10] generating...
[TASK 157/460] [PASS 10/10] generating...
[TASK RECORD]
single jsonl : outputs\pass10_full\python\62ece4992e6aefcf4aabbd86_pass10.jsonl
python total : outputs\pass10_full\python_predictions_pass10.jsonl
java total   : outputs\pass10_full\java_predictions_pass10.jsonl
all total    : outputs\pass10_full\all_predictions_pass10.jsonl
artifact root: outputs\pass10_full\python\62ece4992e6aefcf4aabbd86

====================================================================================================
[158/460] full pass-k running
lang    : python
task_id : 62ece4992e6aefcf4aabbd87
pass_k  : 10
====================================================================================================
[TASK 158/460] [PASS 1/10] generating...
[TASK 158/460] [PASS 2/10] generating...
[TASK 158/460] [PASS 3/10] generating...
[TASK 158/460] [PASS 4/10] generating...
[TASK 158/460] [PASS 5/10] generating...
[TASK 158/460] [PASS 6/10] generating...
[TASK 158/460] [PASS 7/10] generating...
[TASK 158/460] [PASS 8/10] generating...
[TASK 158/460] [PASS 9/10] generating...
[TASK 158/460] [PASS 10/10] generating...
[TASK RECORD]
single jsonl : outputs\pass10_full\python\62ece4992e6aefcf4aabbd87_pass10.jsonl
python total : outputs\pass10_full\python_predictions_pass10.jsonl
java total   : outputs\pass10_full\java_predictions_pass10.jsonl
all total    : outputs\pass10_full\all_predictions_pass10.jsonl
artifact root: outputs\pass10_full\python\62ece4992e6aefcf4aabbd87

====================================================================================================
[159/460] full pass-k running
lang    : python
task_id : 62ece4992e6aefcf4aabbd88
pass_k  : 10
====================================================================================================
[TASK 159/460] [PASS 1/10] generating...
[TASK 159/460] [PASS 2/10] generating...
[TASK 159/460] [PASS 3/10] generating...
[TASK 159/460] [PASS 4/10] generating...
[TASK 159/460] [PASS 5/10] generating...
[TASK 159/460] [PASS 6/10] generating...
[TASK 159/460] [PASS 7/10] generating...
[TASK 159/460] [PASS 8/10] generating...
[TASK 159/460] [PASS 9/10] generating...
[TASK 159/460] [PASS 10/10] generating...
[TASK RECORD]
single jsonl : outputs\pass10_full\python\62ece4992e6aefcf4aabbd88_pass10.jsonl
python total : outputs\pass10_full\python_predictions_pass10.jsonl
java total   : outputs\pass10_full\java_predictions_pass10.jsonl
all total    : outputs\pass10_full\all_predictions_pass10.jsonl
artifact root: outputs\pass10_full\python\62ece4992e6aefcf4aabbd88

====================================================================================================
[160/460] full pass-k running
lang    : python
task_id : 62ece4992e6aefcf4aabbd89
pass_k  : 10
====================================================================================================
[TASK 160/460] [PASS 1/10] generating...
[TASK 160/460] [PASS 2/10] generating...
[TASK 160/460] [PASS 3/10] generating...
[TASK 160/460] [PASS 4/10] generating...
[TASK 160/460] [PASS 5/10] generating...
[TASK 160/460] [PASS 6/10] generating...
[TASK 160/460] [PASS 7/10] generating...
[TASK 160/460] [PASS 8/10] generating...
[TASK 160/460] [PASS 9/10] generating...
[TASK 160/460] [PASS 10/10] generating...
[TASK RECORD]
single jsonl : outputs\pass10_full\python\62ece4992e6aefcf4aabbd89_pass10.jsonl
python total : outputs\pass10_full\python_predictions_pass10.jsonl
java total   : outputs\pass10_full\java_predictions_pass10.jsonl
all total    : outputs\pass10_full\all_predictions_pass10.jsonl
artifact root: outputs\pass10_full\python\62ece4992e6aefcf4aabbd89

====================================================================================================
[161/460] full pass-k running
lang    : python
task_id : 62ece4992e6aefcf4aabbd8a
pass_k  : 10
====================================================================================================
[TASK 161/460] [PASS 1/10] generating...
[TASK 161/460] [PASS 2/10] generating...
[TASK 161/460] [PASS 3/10] generating...
[TASK 161/460] [PASS 4/10] generating...
[TASK 161/460] [PASS 5/10] generating...
[TASK 161/460] [PASS 6/10] generating...
[TASK 161/460] [PASS 7/10] generating...
[TASK 161/460] [PASS 8/10] generating...
[TASK 161/460] [PASS 9/10] generating...
[TASK 161/460] [PASS 10/10] generating...
[TASK RECORD]
single jsonl : outputs\pass10_full\python\62ece4992e6aefcf4aabbd8a_pass10.jsonl
python total : outputs\pass10_full\python_predictions_pass10.jsonl
java total   : outputs\pass10_full\java_predictions_pass10.jsonl
all total    : outputs\pass10_full\all_predictions_pass10.jsonl
artifact root: outputs\pass10_full\python\62ece4992e6aefcf4aabbd8a

====================================================================================================
[162/460] full pass-k running
lang    : python
task_id : 62ece4992e6aefcf4aabbd8b
pass_k  : 10
====================================================================================================
[TASK 162/460] [PASS 1/10] generating...
[TASK 162/460] [PASS 2/10] generating...
[TASK 162/460] [PASS 3/10] generating...
[TASK 162/460] [PASS 4/10] generating...
[TASK 162/460] [PASS 5/10] generating...
[TASK 162/460] [PASS 6/10] generating...
[TASK 162/460] [PASS 7/10] generating...
[TASK 162/460] [PASS 8/10] generating...
[TASK 162/460] [PASS 9/10] generating...
[TASK 162/460] [PASS 10/10] generating...
[TASK RECORD]
single jsonl : outputs\pass10_full\python\62ece4992e6aefcf4aabbd8b_pass10.jsonl
python total : outputs\pass10_full\python_predictions_pass10.jsonl
java total   : outputs\pass10_full\java_predictions_pass10.jsonl
all total    : outputs\pass10_full\all_predictions_pass10.jsonl
artifact root: outputs\pass10_full\python\62ece4992e6aefcf4aabbd8b

====================================================================================================
[163/460] full pass-k running
lang    : python
task_id : 62e60723d76274f8a4026b76
pass_k  : 10
====================================================================================================
[TASK 163/460] [PASS 1/10] generating...
[TASK ERROR]
lang      : python
task_id   : 62e60723d76274f8a4026b76
error     : '__add__'
errors log: outputs\pass10_full\errors.jsonl

====================================================================================================
[164/460] full pass-k running
lang    : python
task_id : 62e60873d76274f8a4026bd8
pass_k  : 10
====================================================================================================
[TASK 164/460] [PASS 1/10] generating...
[TASK 164/460] [PASS 2/10] generating...
[TASK 164/460] [PASS 3/10] generating...
[TASK 164/460] [PASS 4/10] generating...
[TASK 164/460] [PASS 5/10] generating...
[TASK 164/460] [PASS 6/10] generating...
[TASK 164/460] [PASS 7/10] generating...
[TASK 164/460] [PASS 8/10] generating...
[TASK 164/460] [PASS 9/10] generating...
[TASK 164/460] [PASS 10/10] generating...
[TASK RECORD]
single jsonl : outputs\pass10_full\python\62e60873d76274f8a4026bd8_pass10.jsonl
python total : outputs\pass10_full\python_predictions_pass10.jsonl
java total   : outputs\pass10_full\java_predictions_pass10.jsonl
all total    : outputs\pass10_full\all_predictions_pass10.jsonl
artifact root: outputs\pass10_full\python\62e60873d76274f8a4026bd8

====================================================================================================
[165/460] full pass-k running
lang    : python
task_id : 62e60e3bd76274f8a4026d1a
pass_k  : 10
====================================================================================================
[TASK 165/460] [PASS 1/10] generating...
[TASK 165/460] [PASS 2/10] generating...
[TASK 165/460] [PASS 3/10] generating...
[TASK 165/460] [PASS 4/10] generating...
[TASK 165/460] [PASS 5/10] generating...
[TASK 165/460] [PASS 6/10] generating...
[TASK 165/460] [PASS 7/10] generating...
[TASK 165/460] [PASS 8/10] generating...
[TASK 165/460] [PASS 9/10] generating...
[TASK 165/460] [PASS 10/10] generating...
[TASK RECORD]
single jsonl : outputs\pass10_full\python\62e60e3bd76274f8a4026d1a_pass10.jsonl
python total : outputs\pass10_full\python_predictions_pass10.jsonl
java total   : outputs\pass10_full\java_predictions_pass10.jsonl
all total    : outputs\pass10_full\all_predictions_pass10.jsonl
artifact root: outputs\pass10_full\python\62e60e3bd76274f8a4026d1a

====================================================================================================
[166/460] full pass-k running
lang    : python
task_id : 62b87b199a0c4fa8b80b354c
pass_k  : 10
====================================================================================================
[TASK 166/460] [PASS 1/10] generating...
[TASK 166/460] [PASS 2/10] generating...
[TASK 166/460] [PASS 3/10] generating...
[TASK 166/460] [PASS 4/10] generating...
[TASK 166/460] [PASS 5/10] generating...
[TASK 166/460] [PASS 6/10] generating...
[TASK 166/460] [PASS 7/10] generating...
[TASK 166/460] [PASS 8/10] generating...
[TASK 166/460] [PASS 9/10] generating...
[TASK 166/460] [PASS 10/10] generating...
[TASK RECORD]
single jsonl : outputs\pass10_full\python\62b87b199a0c4fa8b80b354c_pass10.jsonl
python total : outputs\pass10_full\python_predictions_pass10.jsonl
java total   : outputs\pass10_full\java_predictions_pass10.jsonl
all total    : outputs\pass10_full\all_predictions_pass10.jsonl
artifact root: outputs\pass10_full\python\62b87b199a0c4fa8b80b354c

====================================================================================================
[167/460] full pass-k running
lang    : python
task_id : 62b87b4f9a0c4fa8b80b3581
pass_k  : 10
====================================================================================================
[TASK 167/460] [PASS 1/10] generating...
[TASK 167/460] [PASS 2/10] generating...
[TASK 167/460] [PASS 3/10] generating...
[TASK 167/460] [PASS 4/10] generating...
[TASK 167/460] [PASS 5/10] generating...
[TASK 167/460] [PASS 6/10] generating...
[TASK 167/460] [PASS 7/10] generating...
[TASK 167/460] [PASS 8/10] generating...
[TASK 167/460] [PASS 9/10] generating...
[TASK 167/460] [PASS 10/10] generating...
[TASK RECORD]
single jsonl : outputs\pass10_full\python\62b87b4f9a0c4fa8b80b3581_pass10.jsonl
python total : outputs\pass10_full\python_predictions_pass10.jsonl
java total   : outputs\pass10_full\java_predictions_pass10.jsonl
all total    : outputs\pass10_full\all_predictions_pass10.jsonl
artifact root: outputs\pass10_full\python\62b87b4f9a0c4fa8b80b3581

====================================================================================================
[168/460] full pass-k running
lang    : python
task_id : 62b87b519a0c4fa8b80b3583
pass_k  : 10
====================================================================================================
[TASK 168/460] [PASS 1/10] generating...
[TASK 168/460] [PASS 2/10] generating...
[TASK 168/460] [PASS 3/10] generating...
[TASK 168/460] [PASS 4/10] generating...
[TASK 168/460] [PASS 5/10] generating...
[TASK 168/460] [PASS 6/10] generating...
[TASK 168/460] [PASS 7/10] generating...
[TASK 168/460] [PASS 8/10] generating...
[TASK 168/460] [PASS 9/10] generating...
[TASK 168/460] [PASS 10/10] generating...
[TASK RECORD]
single jsonl : outputs\pass10_full\python\62b87b519a0c4fa8b80b3583_pass10.jsonl
python total : outputs\pass10_full\python_predictions_pass10.jsonl
java total   : outputs\pass10_full\java_predictions_pass10.jsonl
all total    : outputs\pass10_full\all_predictions_pass10.jsonl
artifact root: outputs\pass10_full\python\62b87b519a0c4fa8b80b3583

====================================================================================================
[169/460] full pass-k running
lang    : python
task_id : 62b87b869a0c4fa8b80b35e1
pass_k  : 10
====================================================================================================
[TASK 169/460] [PASS 1/10] generating...
[TASK 169/460] [PASS 2/10] generating...
[TASK 169/460] [PASS 3/10] generating...
[TASK 169/460] [PASS 4/10] generating...
[TASK 169/460] [PASS 5/10] generating...
[TASK 169/460] [PASS 6/10] generating...
[TASK 169/460] [PASS 7/10] generating...
[TASK 169/460] [PASS 8/10] generating...
[TASK 169/460] [PASS 9/10] generating...
[TASK 169/460] [PASS 10/10] generating...
[TASK RECORD]
single jsonl : outputs\pass10_full\python\62b87b869a0c4fa8b80b35e1_pass10.jsonl
python total : outputs\pass10_full\python_predictions_pass10.jsonl
java total   : outputs\pass10_full\java_predictions_pass10.jsonl
all total    : outputs\pass10_full\all_predictions_pass10.jsonl
artifact root: outputs\pass10_full\python\62b87b869a0c4fa8b80b35e1

====================================================================================================
[170/460] full pass-k running
lang    : python
task_id : 62b8b4baeb7e40a82d2d1136
pass_k  : 10
====================================================================================================
[TASK 170/460] [PASS 1/10] generating...
[TASK 170/460] [PASS 2/10] generating...
[TASK 170/460] [PASS 3/10] generating...
[TASK 170/460] [PASS 4/10] generating...
[TASK 170/460] [PASS 5/10] generating...
[TASK 170/460] [PASS 6/10] generating...
[TASK 170/460] [PASS 7/10] generating...
[TASK 170/460] [PASS 8/10] generating...
[TASK 170/460] [PASS 9/10] generating...
[TASK 170/460] [PASS 10/10] generating...
[TASK RECORD]
single jsonl : outputs\pass10_full\python\62b8b4baeb7e40a82d2d1136_pass10.jsonl
python total : outputs\pass10_full\python_predictions_pass10.jsonl
java total   : outputs\pass10_full\java_predictions_pass10.jsonl
all total    : outputs\pass10_full\all_predictions_pass10.jsonl
artifact root: outputs\pass10_full\python\62b8b4baeb7e40a82d2d1136

====================================================================================================
[171/460] full pass-k running
lang    : python
task_id : 62b8b4baeb7e40a82d2d1137
pass_k  : 10
====================================================================================================
[TASK 171/460] [PASS 1/10] generating...
[TASK 171/460] [PASS 2/10] generating...
[TASK 171/460] [PASS 3/10] generating...
[TASK 171/460] [PASS 4/10] generating...
[TASK 171/460] [PASS 5/10] generating...
[TASK 171/460] [PASS 6/10] generating...
[TASK 171/460] [PASS 7/10] generating...
[TASK 171/460] [PASS 8/10] generating...
[TASK 171/460] [PASS 9/10] generating...
[TASK 171/460] [PASS 10/10] generating...
[TASK RECORD]
single jsonl : outputs\pass10_full\python\62b8b4baeb7e40a82d2d1137_pass10.jsonl
python total : outputs\pass10_full\python_predictions_pass10.jsonl
java total   : outputs\pass10_full\java_predictions_pass10.jsonl
all total    : outputs\pass10_full\all_predictions_pass10.jsonl
artifact root: outputs\pass10_full\python\62b8b4baeb7e40a82d2d1137

====================================================================================================
[172/460] full pass-k running
lang    : python
task_id : 62b8b4c1eb7e40a82d2d1139
pass_k  : 10
====================================================================================================
[TASK 172/460] [PASS 1/10] generating...
[TASK 172/460] [PASS 2/10] generating...
[TASK 172/460] [PASS 3/10] generating...
[TASK 172/460] [PASS 4/10] generating...
[TASK 172/460] [PASS 5/10] generating...
[TASK 172/460] [PASS 6/10] generating...
[TASK 172/460] [PASS 7/10] generating...
[TASK 172/460] [PASS 8/10] generating...
[TASK 172/460] [PASS 9/10] generating...
[TASK 172/460] [PASS 10/10] generating...
[TASK RECORD]
single jsonl : outputs\pass10_full\python\62b8b4c1eb7e40a82d2d1139_pass10.jsonl
python total : outputs\pass10_full\python_predictions_pass10.jsonl
java total   : outputs\pass10_full\java_predictions_pass10.jsonl
all total    : outputs\pass10_full\all_predictions_pass10.jsonl
artifact root: outputs\pass10_full\python\62b8b4c1eb7e40a82d2d1139

====================================================================================================
[173/460] full pass-k running
lang    : python
task_id : 62b8b559eb7e40a82d2d11f6
pass_k  : 10
====================================================================================================
[TASK 173/460] [PASS 1/10] generating...
[TASK 173/460] [PASS 2/10] generating...
[TASK 173/460] [PASS 3/10] generating...
[TASK 173/460] [PASS 4/10] generating...
[TASK 173/460] [PASS 5/10] generating...
[TASK 173/460] [PASS 6/10] generating...
[TASK 173/460] [PASS 7/10] generating...
[TASK 173/460] [PASS 8/10] generating...
[TASK 173/460] [PASS 9/10] generating...
[TASK 173/460] [PASS 10/10] generating...
[TASK RECORD]
single jsonl : outputs\pass10_full\python\62b8b559eb7e40a82d2d11f6_pass10.jsonl
python total : outputs\pass10_full\python_predictions_pass10.jsonl
java total   : outputs\pass10_full\java_predictions_pass10.jsonl
all total    : outputs\pass10_full\all_predictions_pass10.jsonl
artifact root: outputs\pass10_full\python\62b8b559eb7e40a82d2d11f6

====================================================================================================
[174/460] full pass-k running
lang    : python
task_id : 62b8d22a48ba5a41d1c3f47d
pass_k  : 10
====================================================================================================
[TASK 174/460] [PASS 1/10] generating...
[TASK 174/460] [PASS 2/10] generating...
[TASK 174/460] [PASS 3/10] generating...
[TASK 174/460] [PASS 4/10] generating...
[TASK 174/460] [PASS 5/10] generating...
[TASK 174/460] [PASS 6/10] generating...
[TASK 174/460] [PASS 7/10] generating...
[TASK 174/460] [PASS 8/10] generating...
[TASK 174/460] [PASS 9/10] generating...
[TASK 174/460] [PASS 10/10] generating...
[TASK RECORD]
single jsonl : outputs\pass10_full\python\62b8d22a48ba5a41d1c3f47d_pass10.jsonl
python total : outputs\pass10_full\python_predictions_pass10.jsonl
java total   : outputs\pass10_full\java_predictions_pass10.jsonl
all total    : outputs\pass10_full\all_predictions_pass10.jsonl
artifact root: outputs\pass10_full\python\62b8d22a48ba5a41d1c3f47d

====================================================================================================
[175/460] full pass-k running
lang    : python
task_id : 62b8d23748ba5a41d1c3f497
pass_k  : 10
====================================================================================================
[TASK 175/460] [PASS 1/10] generating...
[TASK 175/460] [PASS 2/10] generating...
[TASK 175/460] [PASS 3/10] generating...
[TASK 175/460] [PASS 4/10] generating...
[TASK 175/460] [PASS 5/10] generating...
[TASK 175/460] [PASS 6/10] generating...
[TASK 175/460] [PASS 7/10] generating...
[TASK 175/460] [PASS 8/10] generating...
[TASK 175/460] [PASS 9/10] generating...
[TASK 175/460] [PASS 10/10] generating...
[TASK RECORD]
single jsonl : outputs\pass10_full\python\62b8d23748ba5a41d1c3f497_pass10.jsonl
python total : outputs\pass10_full\python_predictions_pass10.jsonl
java total   : outputs\pass10_full\java_predictions_pass10.jsonl
all total    : outputs\pass10_full\all_predictions_pass10.jsonl
artifact root: outputs\pass10_full\python\62b8d23748ba5a41d1c3f497

====================================================================================================
[176/460] full pass-k running
lang    : python
task_id : 62b8d23a48ba5a41d1c3f499
pass_k  : 10
====================================================================================================
[TASK 176/460] [PASS 1/10] generating...
[TASK 176/460] [PASS 2/10] generating...
[TASK 176/460] [PASS 3/10] generating...
[TASK 176/460] [PASS 4/10] generating...
[TASK 176/460] [PASS 5/10] generating...
[TASK 176/460] [PASS 6/10] generating...
[TASK 176/460] [PASS 7/10] generating...
[TASK 176/460] [PASS 8/10] generating...
[TASK 176/460] [PASS 9/10] generating...
[TASK 176/460] [PASS 10/10] generating...
[TASK RECORD]
single jsonl : outputs\pass10_full\python\62b8d23a48ba5a41d1c3f499_pass10.jsonl
python total : outputs\pass10_full\python_predictions_pass10.jsonl
java total   : outputs\pass10_full\java_predictions_pass10.jsonl
all total    : outputs\pass10_full\all_predictions_pass10.jsonl
artifact root: outputs\pass10_full\python\62b8d23a48ba5a41d1c3f499

====================================================================================================
[177/460] full pass-k running
lang    : python
task_id : 62b8d23c48ba5a41d1c3f49b
pass_k  : 10
====================================================================================================
[TASK 177/460] [PASS 1/10] generating...
[TASK 177/460] [PASS 2/10] generating...
[TASK 177/460] [PASS 3/10] generating...
[TASK 177/460] [PASS 4/10] generating...
[TASK 177/460] [PASS 5/10] generating...
[TASK 177/460] [PASS 6/10] generating...
[TASK 177/460] [PASS 7/10] generating...
[TASK 177/460] [PASS 8/10] generating...
[TASK 177/460] [PASS 9/10] generating...
[TASK 177/460] [PASS 10/10] generating...
[TASK RECORD]
single jsonl : outputs\pass10_full\python\62b8d23c48ba5a41d1c3f49b_pass10.jsonl
python total : outputs\pass10_full\python_predictions_pass10.jsonl
java total   : outputs\pass10_full\java_predictions_pass10.jsonl
all total    : outputs\pass10_full\all_predictions_pass10.jsonl
artifact root: outputs\pass10_full\python\62b8d23c48ba5a41d1c3f49b

====================================================================================================
[178/460] full pass-k running
lang    : python
task_id : 62b8d23e48ba5a41d1c3f49e
pass_k  : 10
====================================================================================================
[TASK 178/460] [PASS 1/10] generating...
[TASK 178/460] [PASS 2/10] generating...
[TASK 178/460] [PASS 3/10] generating...
[TASK 178/460] [PASS 4/10] generating...
[TASK 178/460] [PASS 5/10] generating...
[TASK 178/460] [PASS 6/10] generating...
[TASK 178/460] [PASS 7/10] generating...
[TASK 178/460] [PASS 8/10] generating...
[TASK 178/460] [PASS 9/10] generating...
[TASK 178/460] [PASS 10/10] generating...
[TASK RECORD]
single jsonl : outputs\pass10_full\python\62b8d23e48ba5a41d1c3f49e_pass10.jsonl
python total : outputs\pass10_full\python_predictions_pass10.jsonl
java total   : outputs\pass10_full\java_predictions_pass10.jsonl
all total    : outputs\pass10_full\all_predictions_pass10.jsonl
artifact root: outputs\pass10_full\python\62b8d23e48ba5a41d1c3f49e

====================================================================================================
[179/460] full pass-k running
lang    : python
task_id : 62b43425903eeb48555d3ea1
pass_k  : 10
====================================================================================================
[TASK 179/460] [PASS 1/10] generating...
[TASK 179/460] [PASS 2/10] generating...
[TASK 179/460] [PASS 3/10] generating...
[TASK 179/460] [PASS 4/10] generating...
[TASK 179/460] [PASS 5/10] generating...
[TASK 179/460] [PASS 6/10] generating...
[TASK 179/460] [PASS 7/10] generating...
[TASK 179/460] [PASS 8/10] generating...
[TASK 179/460] [PASS 9/10] generating...
[TASK 179/460] [PASS 10/10] generating...
[TASK RECORD]
single jsonl : outputs\pass10_full\python\62b43425903eeb48555d3ea1_pass10.jsonl
python total : outputs\pass10_full\python_predictions_pass10.jsonl
java total   : outputs\pass10_full\java_predictions_pass10.jsonl
all total    : outputs\pass10_full\all_predictions_pass10.jsonl
artifact root: outputs\pass10_full\python\62b43425903eeb48555d3ea1

====================================================================================================
[180/460] full pass-k running
lang    : python
task_id : 62b43426903eeb48555d3ea2
pass_k  : 10
====================================================================================================
[TASK 180/460] [PASS 1/10] generating...
[TASK 180/460] [PASS 2/10] generating...
[TASK 180/460] [PASS 3/10] generating...
[TASK 180/460] [PASS 4/10] generating...
[TASK 180/460] [PASS 5/10] generating...
[TASK 180/460] [PASS 6/10] generating...
[TASK 180/460] [PASS 7/10] generating...
[TASK 180/460] [PASS 8/10] generating...
[TASK 180/460] [PASS 9/10] generating...
[TASK 180/460] [PASS 10/10] generating...
[TASK RECORD]
single jsonl : outputs\pass10_full\python\62b43426903eeb48555d3ea2_pass10.jsonl
python total : outputs\pass10_full\python_predictions_pass10.jsonl
java total   : outputs\pass10_full\java_predictions_pass10.jsonl
all total    : outputs\pass10_full\all_predictions_pass10.jsonl
artifact root: outputs\pass10_full\python\62b43426903eeb48555d3ea2

====================================================================================================
[181/460] full pass-k running
lang    : python
task_id : 62b8966c755ee91dce50a154
pass_k  : 10
====================================================================================================
[TASK 181/460] [PASS 1/10] generating...
[TASK 181/460] [PASS 2/10] generating...
[TASK 181/460] [PASS 3/10] generating...
[TASK 181/460] [PASS 4/10] generating...
[TASK 181/460] [PASS 5/10] generating...
[TASK 181/460] [PASS 6/10] generating...
[TASK 181/460] [PASS 7/10] generating...
[TASK 181/460] [PASS 8/10] generating...
[TASK 181/460] [PASS 9/10] generating...
[TASK 181/460] [PASS 10/10] generating...
[TASK RECORD]
single jsonl : outputs\pass10_full\python\62b8966c755ee91dce50a154_pass10.jsonl
python total : outputs\pass10_full\python_predictions_pass10.jsonl
java total   : outputs\pass10_full\java_predictions_pass10.jsonl
all total    : outputs\pass10_full\all_predictions_pass10.jsonl
artifact root: outputs\pass10_full\python\62b8966c755ee91dce50a154

====================================================================================================
[182/460] full pass-k running
lang    : python
task_id : 62b896de755ee91dce50a183
pass_k  : 10
====================================================================================================
[TASK 182/460] [PASS 1/10] generating...
[TASK ERROR]
lang      : python
task_id   : 62b896de755ee91dce50a183
error     : LLM chat failed after retries: Error code: 400 - {'error': {'message': "This endpoint's maximum context length is 262144 tokens. However, you requested about 505847 tokens (501751 of text input, 4096 in the output). Please reduce the length of either one, or use the context-compression plugin to compress your prompt automatically.", 'code': 400, 'metadata': {'provider_name': None}}}
errors log: outputs\pass10_full\errors.jsonl

====================================================================================================
[183/460] full pass-k running
lang    : python
task_id : 62b8a4a4755ee91dce50a3d3
pass_k  : 10
====================================================================================================
[TASK 183/460] [PASS 1/10] generating...
[TASK 183/460] [PASS 2/10] generating...
[TASK 183/460] [PASS 3/10] generating...
[TASK 183/460] [PASS 4/10] generating...
[TASK 183/460] [PASS 5/10] generating...
[TASK 183/460] [PASS 6/10] generating...
[TASK 183/460] [PASS 7/10] generating...
[TASK 183/460] [PASS 8/10] generating...
[TASK 183/460] [PASS 9/10] generating...
[TASK 183/460] [PASS 10/10] generating...
[TASK RECORD]
single jsonl : outputs\pass10_full\python\62b8a4a4755ee91dce50a3d3_pass10.jsonl
python total : outputs\pass10_full\python_predictions_pass10.jsonl
java total   : outputs\pass10_full\java_predictions_pass10.jsonl
all total    : outputs\pass10_full\all_predictions_pass10.jsonl
artifact root: outputs\pass10_full\python\62b8a4a4755ee91dce50a3d3

====================================================================================================
[184/460] full pass-k running
lang    : python
task_id : 62b8a7b2755ee91dce50a4a7
pass_k  : 10
====================================================================================================
[TASK 184/460] [PASS 1/10] generating...
[TASK 184/460] [PASS 2/10] generating...
[TASK 184/460] [PASS 3/10] generating...
[TASK 184/460] [PASS 4/10] generating...
[TASK 184/460] [PASS 5/10] generating...
[TASK 184/460] [PASS 6/10] generating...
[TASK 184/460] [PASS 7/10] generating...
[TASK 184/460] [PASS 8/10] generating...
[TASK 184/460] [PASS 9/10] generating...
[TASK 184/460] [PASS 10/10] generating...
[TASK RECORD]
single jsonl : outputs\pass10_full\python\62b8a7b2755ee91dce50a4a7_pass10.jsonl
python total : outputs\pass10_full\python_predictions_pass10.jsonl
java total   : outputs\pass10_full\java_predictions_pass10.jsonl
all total    : outputs\pass10_full\all_predictions_pass10.jsonl
artifact root: outputs\pass10_full\python\62b8a7b2755ee91dce50a4a7

====================================================================================================
[185/460] full pass-k running
lang    : python
task_id : 6305f9991d275c6667163c50
pass_k  : 10
====================================================================================================
[TASK 185/460] [PASS 1/10] generating...
[TASK 185/460] [PASS 2/10] generating...
[TASK 185/460] [PASS 3/10] generating...
[TASK 185/460] [PASS 4/10] generating...
[TASK 185/460] [PASS 5/10] generating...
[TASK 185/460] [PASS 6/10] generating...
[TASK 185/460] [PASS 7/10] generating...
[TASK 185/460] [PASS 8/10] generating...
[TASK 185/460] [PASS 9/10] generating...
[TASK 185/460] [PASS 10/10] generating...
[TASK RECORD]
single jsonl : outputs\pass10_full\python\6305f9991d275c6667163c50_pass10.jsonl
python total : outputs\pass10_full\python_predictions_pass10.jsonl
java total   : outputs\pass10_full\java_predictions_pass10.jsonl
all total    : outputs\pass10_full\all_predictions_pass10.jsonl
artifact root: outputs\pass10_full\python\6305f9991d275c6667163c50

====================================================================================================
[186/460] full pass-k running
lang    : python
task_id : 6306292052e177c0ba469f09
pass_k  : 10
====================================================================================================
[TASK 186/460] [PASS 1/10] generating...
[TASK 186/460] [PASS 2/10] generating...
[TASK 186/460] [PASS 3/10] generating...
[TASK 186/460] [PASS 4/10] generating...
[TASK 186/460] [PASS 5/10] generating...
[TASK 186/460] [PASS 6/10] generating...
[TASK 186/460] [PASS 7/10] generating...
[TASK 186/460] [PASS 8/10] generating...
[TASK 186/460] [PASS 9/10] generating...
[TASK 186/460] [PASS 10/10] generating...
[TASK RECORD]
single jsonl : outputs\pass10_full\python\6306292052e177c0ba469f09_pass10.jsonl
python total : outputs\pass10_full\python_predictions_pass10.jsonl
java total   : outputs\pass10_full\java_predictions_pass10.jsonl
all total    : outputs\pass10_full\all_predictions_pass10.jsonl
artifact root: outputs\pass10_full\python\6306292052e177c0ba469f09

====================================================================================================
[187/460] full pass-k running
lang    : python
task_id : 6306292152e177c0ba469f0d
pass_k  : 10
====================================================================================================
[TASK 187/460] [PASS 1/10] generating...
[TASK 187/460] [PASS 2/10] generating...
[TASK 187/460] [PASS 3/10] generating...
[TASK 187/460] [PASS 4/10] generating...
[TASK 187/460] [PASS 5/10] generating...
[TASK 187/460] [PASS 6/10] generating...
[TASK 187/460] [PASS 7/10] generating...
[TASK 187/460] [PASS 8/10] generating...
[TASK 187/460] [PASS 9/10] generating...
[TASK 187/460] [PASS 10/10] generating...
[TASK RECORD]
single jsonl : outputs\pass10_full\python\6306292152e177c0ba469f0d_pass10.jsonl
python total : outputs\pass10_full\python_predictions_pass10.jsonl
java total   : outputs\pass10_full\java_predictions_pass10.jsonl
all total    : outputs\pass10_full\all_predictions_pass10.jsonl
artifact root: outputs\pass10_full\python\6306292152e177c0ba469f0d

====================================================================================================
[188/460] full pass-k running
lang    : python
task_id : 6306292252e177c0ba469f11
pass_k  : 10
====================================================================================================
[TASK 188/460] [PASS 1/10] generating...
[TASK 188/460] [PASS 2/10] generating...
[TASK 188/460] [PASS 3/10] generating...
[TASK 188/460] [PASS 4/10] generating...
[TASK 188/460] [PASS 5/10] generating...
[TASK 188/460] [PASS 6/10] generating...
[TASK 188/460] [PASS 7/10] generating...
[TASK 188/460] [PASS 8/10] generating...
[TASK 188/460] [PASS 9/10] generating...
[TASK 188/460] [PASS 10/10] generating...
[TASK RECORD]
single jsonl : outputs\pass10_full\python\6306292252e177c0ba469f11_pass10.jsonl
python total : outputs\pass10_full\python_predictions_pass10.jsonl
java total   : outputs\pass10_full\java_predictions_pass10.jsonl
all total    : outputs\pass10_full\all_predictions_pass10.jsonl
artifact root: outputs\pass10_full\python\6306292252e177c0ba469f11

====================================================================================================
[189/460] full pass-k running
lang    : python
task_id : 6306292352e177c0ba469f1d
pass_k  : 10
====================================================================================================
[TASK 189/460] [PASS 1/10] generating...
[TASK 189/460] [PASS 2/10] generating...
[TASK 189/460] [PASS 3/10] generating...
[TASK 189/460] [PASS 4/10] generating...
[TASK 189/460] [PASS 5/10] generating...
[TASK 189/460] [PASS 6/10] generating...
[TASK 189/460] [PASS 7/10] generating...
[TASK 189/460] [PASS 8/10] generating...
[TASK 189/460] [PASS 9/10] generating...
[TASK 189/460] [PASS 10/10] generating...
[TASK RECORD]
single jsonl : outputs\pass10_full\python\6306292352e177c0ba469f1d_pass10.jsonl
python total : outputs\pass10_full\python_predictions_pass10.jsonl
java total   : outputs\pass10_full\java_predictions_pass10.jsonl
all total    : outputs\pass10_full\all_predictions_pass10.jsonl
artifact root: outputs\pass10_full\python\6306292352e177c0ba469f1d

====================================================================================================
[190/460] full pass-k running
lang    : python
task_id : 6306292352e177c0ba469f1e
pass_k  : 10
====================================================================================================
[TASK 190/460] [PASS 1/10] generating...
[TASK 190/460] [PASS 2/10] generating...
[TASK 190/460] [PASS 3/10] generating...
[TASK 190/460] [PASS 4/10] generating...
[TASK 190/460] [PASS 5/10] generating...
[TASK 190/460] [PASS 6/10] generating...
[TASK 190/460] [PASS 7/10] generating...
[TASK 190/460] [PASS 8/10] generating...
[TASK 190/460] [PASS 9/10] generating...
[TASK 190/460] [PASS 10/10] generating...
[TASK RECORD]
single jsonl : outputs\pass10_full\python\6306292352e177c0ba469f1e_pass10.jsonl
python total : outputs\pass10_full\python_predictions_pass10.jsonl
java total   : outputs\pass10_full\java_predictions_pass10.jsonl
all total    : outputs\pass10_full\all_predictions_pass10.jsonl
artifact root: outputs\pass10_full\python\6306292352e177c0ba469f1e

====================================================================================================
[191/460] full pass-k running
lang    : python
task_id : 6306292652e177c0ba469f34
pass_k  : 10
====================================================================================================
[TASK 191/460] [PASS 1/10] generating...
[TASK ERROR]
lang      : python
task_id   : 6306292652e177c0ba469f34
error     : 'fetch_document'
errors log: outputs\pass10_full\errors.jsonl

====================================================================================================
[192/460] full pass-k running
lang    : python
task_id : 6306292a52e177c0ba469f41
pass_k  : 10
====================================================================================================
[TASK 192/460] [PASS 1/10] generating...
[TASK 192/460] [PASS 2/10] generating...
[TASK 192/460] [PASS 3/10] generating...
[TASK 192/460] [PASS 4/10] generating...
[TASK 192/460] [PASS 5/10] generating...
[TASK 192/460] [PASS 6/10] generating...
[TASK 192/460] [PASS 7/10] generating...
[TASK 192/460] [PASS 8/10] generating...
[TASK 192/460] [PASS 9/10] generating...
[TASK 192/460] [PASS 10/10] generating...
[TASK RECORD]
single jsonl : outputs\pass10_full\python\6306292a52e177c0ba469f41_pass10.jsonl
python total : outputs\pass10_full\python_predictions_pass10.jsonl
java total   : outputs\pass10_full\java_predictions_pass10.jsonl
all total    : outputs\pass10_full\all_predictions_pass10.jsonl
artifact root: outputs\pass10_full\python\6306292a52e177c0ba469f41

====================================================================================================
[193/460] full pass-k running
lang    : python
task_id : 6306298b52e177c0ba469fdc
pass_k  : 10
====================================================================================================
[TASK 193/460] [PASS 1/10] generating...
[TASK 193/460] [PASS 2/10] generating...
[TASK 193/460] [PASS 3/10] generating...
[TASK 193/460] [PASS 4/10] generating...
[TASK 193/460] [PASS 5/10] generating...
[TASK 193/460] [PASS 6/10] generating...
[TASK 193/460] [PASS 7/10] generating...
[TASK 193/460] [PASS 8/10] generating...
[TASK 193/460] [PASS 9/10] generating...
[TASK 193/460] [PASS 10/10] generating...
[TASK RECORD]
single jsonl : outputs\pass10_full\python\6306298b52e177c0ba469fdc_pass10.jsonl
python total : outputs\pass10_full\python_predictions_pass10.jsonl
java total   : outputs\pass10_full\java_predictions_pass10.jsonl
all total    : outputs\pass10_full\all_predictions_pass10.jsonl
artifact root: outputs\pass10_full\python\6306298b52e177c0ba469fdc

====================================================================================================
[194/460] full pass-k running
lang    : python
task_id : 6306299052e177c0ba469fe8
pass_k  : 10
====================================================================================================
[TASK 194/460] [PASS 1/10] generating...
[TASK ERROR]
lang      : python
task_id   : 6306299052e177c0ba469fe8
error     : 'element_to_objects'
errors log: outputs\pass10_full\errors.jsonl

====================================================================================================
[195/460] full pass-k running
lang    : python
task_id : 630629b952e177c0ba46a043
pass_k  : 10
====================================================================================================
[TASK 195/460] [PASS 1/10] generating...
[TASK 195/460] [PASS 2/10] generating...
[TASK 195/460] [PASS 3/10] generating...
[TASK 195/460] [PASS 4/10] generating...
[TASK 195/460] [PASS 5/10] generating...
[TASK 195/460] [PASS 6/10] generating...
[TASK 195/460] [PASS 7/10] generating...
[TASK 195/460] [PASS 8/10] generating...
[TASK 195/460] [PASS 9/10] generating...
[TASK 195/460] [PASS 10/10] generating...
[TASK RECORD]
single jsonl : outputs\pass10_full\python\630629b952e177c0ba46a043_pass10.jsonl
python total : outputs\pass10_full\python_predictions_pass10.jsonl
java total   : outputs\pass10_full\java_predictions_pass10.jsonl
all total    : outputs\pass10_full\all_predictions_pass10.jsonl
artifact root: outputs\pass10_full\python\630629b952e177c0ba46a043

====================================================================================================
[196/460] full pass-k running
lang    : python
task_id : 630629d052e177c0ba46a0a1
pass_k  : 10
====================================================================================================
[TASK 196/460] [PASS 1/10] generating...
[TASK 196/460] [PASS 2/10] generating...
[TASK 196/460] [PASS 3/10] generating...
[TASK 196/460] [PASS 4/10] generating...
[TASK 196/460] [PASS 5/10] generating...
[TASK 196/460] [PASS 6/10] generating...
[TASK 196/460] [PASS 7/10] generating...
[TASK 196/460] [PASS 8/10] generating...
[TASK 196/460] [PASS 9/10] generating...
[TASK 196/460] [PASS 10/10] generating...
[TASK RECORD]
single jsonl : outputs\pass10_full\python\630629d052e177c0ba46a0a1_pass10.jsonl
python total : outputs\pass10_full\python_predictions_pass10.jsonl
java total   : outputs\pass10_full\java_predictions_pass10.jsonl
all total    : outputs\pass10_full\all_predictions_pass10.jsonl
artifact root: outputs\pass10_full\python\630629d052e177c0ba46a0a1

====================================================================================================
[197/460] full pass-k running
lang    : python
task_id : 630629e052e177c0ba46a0c4
pass_k  : 10
====================================================================================================
[TASK 197/460] [PASS 1/10] generating...
[TASK ERROR]
lang      : python
task_id   : 630629e052e177c0ba46a0c4
error     : 'retrieve_and_parse_content'
errors log: outputs\pass10_full\errors.jsonl

====================================================================================================
[198/460] full pass-k running
lang    : python
task_id : 630629e152e177c0ba46a0d1
pass_k  : 10
====================================================================================================
[TASK 198/460] [PASS 1/10] generating...
[TASK ERROR]
lang      : python
task_id   : 630629e152e177c0ba46a0d1
error     : 'fetch_content_type'
errors log: outputs\pass10_full\errors.jsonl

====================================================================================================
[199/460] full pass-k running
lang    : python
task_id : 630629e152e177c0ba46a0d2
pass_k  : 10
====================================================================================================
[TASK 199/460] [PASS 1/10] generating...
[TASK 199/460] [PASS 2/10] generating...
[TASK 199/460] [PASS 3/10] generating...
[TASK 199/460] [PASS 4/10] generating...
[TASK 199/460] [PASS 5/10] generating...
[TASK 199/460] [PASS 6/10] generating...
[TASK 199/460] [PASS 7/10] generating...
[TASK 199/460] [PASS 8/10] generating...
[TASK 199/460] [PASS 9/10] generating...
[TASK 199/460] [PASS 10/10] generating...
[TASK RECORD]
single jsonl : outputs\pass10_full\python\630629e152e177c0ba46a0d2_pass10.jsonl
python total : outputs\pass10_full\python_predictions_pass10.jsonl
java total   : outputs\pass10_full\java_predictions_pass10.jsonl
all total    : outputs\pass10_full\all_predictions_pass10.jsonl
artifact root: outputs\pass10_full\python\630629e152e177c0ba46a0d2

====================================================================================================
[200/460] full pass-k running
lang    : python
task_id : 630629e252e177c0ba46a0d6
pass_k  : 10
====================================================================================================
[TASK 200/460] [PASS 1/10] generating...
[TASK 200/460] [PASS 2/10] generating...
[TASK 200/460] [PASS 3/10] generating...
[TASK 200/460] [PASS 4/10] generating...
[TASK 200/460] [PASS 5/10] generating...
[TASK 200/460] [PASS 6/10] generating...
[TASK 200/460] [PASS 7/10] generating...
[TASK 200/460] [PASS 8/10] generating...
[TASK 200/460] [PASS 9/10] generating...
[TASK 200/460] [PASS 10/10] generating...
[TASK RECORD]
single jsonl : outputs\pass10_full\python\630629e252e177c0ba46a0d6_pass10.jsonl
python total : outputs\pass10_full\python_predictions_pass10.jsonl
java total   : outputs\pass10_full\java_predictions_pass10.jsonl
all total    : outputs\pass10_full\all_predictions_pass10.jsonl
artifact root: outputs\pass10_full\python\630629e252e177c0ba46a0d6

====================================================================================================
[201/460] full pass-k running
lang    : python
task_id : 630629e752e177c0ba46a0fb
pass_k  : 10
====================================================================================================
[TASK 201/460] [PASS 1/10] generating...
[TASK ERROR]
lang      : python
task_id   : 630629e752e177c0ba46a0fb
error     : 'fetch_content_type'
errors log: outputs\pass10_full\errors.jsonl

====================================================================================================
[202/460] full pass-k running
lang    : python
task_id : 6306091073426c38ae68acac
pass_k  : 10
====================================================================================================
[TASK 202/460] [PASS 1/10] generating...
[TASK 202/460] [PASS 2/10] generating...
[TASK 202/460] [PASS 3/10] generating...
[TASK 202/460] [PASS 4/10] generating...
[TASK 202/460] [PASS 5/10] generating...
[TASK 202/460] [PASS 6/10] generating...
[TASK 202/460] [PASS 7/10] generating...
[TASK 202/460] [PASS 8/10] generating...
[TASK 202/460] [PASS 9/10] generating...
[TASK 202/460] [PASS 10/10] generating...
[TASK RECORD]
single jsonl : outputs\pass10_full\python\6306091073426c38ae68acac_pass10.jsonl
python total : outputs\pass10_full\python_predictions_pass10.jsonl
java total   : outputs\pass10_full\java_predictions_pass10.jsonl
all total    : outputs\pass10_full\all_predictions_pass10.jsonl
artifact root: outputs\pass10_full\python\6306091073426c38ae68acac

====================================================================================================
[203/460] full pass-k running
lang    : python
task_id : 6306091a73426c38ae68acc8
pass_k  : 10
====================================================================================================
[TASK 203/460] [PASS 1/10] generating...
[TASK 203/460] [PASS 2/10] generating...
[TASK 203/460] [PASS 3/10] generating...
[TASK 203/460] [PASS 4/10] generating...
[TASK 203/460] [PASS 5/10] generating...
[TASK 203/460] [PASS 6/10] generating...
[TASK 203/460] [PASS 7/10] generating...
[TASK 203/460] [PASS 8/10] generating...
[TASK 203/460] [PASS 9/10] generating...
[TASK 203/460] [PASS 10/10] generating...
[TASK RECORD]
single jsonl : outputs\pass10_full\python\6306091a73426c38ae68acc8_pass10.jsonl
python total : outputs\pass10_full\python_predictions_pass10.jsonl
java total   : outputs\pass10_full\java_predictions_pass10.jsonl
all total    : outputs\pass10_full\all_predictions_pass10.jsonl
artifact root: outputs\pass10_full\python\6306091a73426c38ae68acc8

====================================================================================================
[204/460] full pass-k running
lang    : python
task_id : 6306091b73426c38ae68acd7
pass_k  : 10
====================================================================================================
[TASK 204/460] [PASS 1/10] generating...
[TASK 204/460] [PASS 2/10] generating...
[TASK 204/460] [PASS 3/10] generating...
[TASK 204/460] [PASS 4/10] generating...
[TASK 204/460] [PASS 5/10] generating...
[TASK 204/460] [PASS 6/10] generating...
[TASK 204/460] [PASS 7/10] generating...
[TASK 204/460] [PASS 8/10] generating...
[TASK 204/460] [PASS 9/10] generating...
[TASK 204/460] [PASS 10/10] generating...
[TASK RECORD]
single jsonl : outputs\pass10_full\python\6306091b73426c38ae68acd7_pass10.jsonl
python total : outputs\pass10_full\python_predictions_pass10.jsonl
java total   : outputs\pass10_full\java_predictions_pass10.jsonl
all total    : outputs\pass10_full\all_predictions_pass10.jsonl
artifact root: outputs\pass10_full\python\6306091b73426c38ae68acd7

====================================================================================================
[205/460] full pass-k running
lang    : python
task_id : 6306091b73426c38ae68acd9
pass_k  : 10
====================================================================================================
[TASK 205/460] [PASS 1/10] generating...
[TASK 205/460] [PASS 2/10] generating...
[TASK 205/460] [PASS 3/10] generating...
[TASK 205/460] [PASS 4/10] generating...
[TASK 205/460] [PASS 5/10] generating...
[TASK 205/460] [PASS 6/10] generating...
[TASK 205/460] [PASS 7/10] generating...
[TASK 205/460] [PASS 8/10] generating...
[TASK 205/460] [PASS 9/10] generating...
[TASK 205/460] [PASS 10/10] generating...
[TASK RECORD]
single jsonl : outputs\pass10_full\python\6306091b73426c38ae68acd9_pass10.jsonl
python total : outputs\pass10_full\python_predictions_pass10.jsonl
java total   : outputs\pass10_full\java_predictions_pass10.jsonl
all total    : outputs\pass10_full\all_predictions_pass10.jsonl
artifact root: outputs\pass10_full\python\6306091b73426c38ae68acd9

====================================================================================================
[206/460] full pass-k running
lang    : python
task_id : 6306091b73426c38ae68acda
pass_k  : 10
====================================================================================================
[TASK 206/460] [PASS 1/10] generating...
[TASK 206/460] [PASS 2/10] generating...
[TASK 206/460] [PASS 3/10] generating...
[TASK 206/460] [PASS 4/10] generating...
[TASK 206/460] [PASS 5/10] generating...
[TASK 206/460] [PASS 6/10] generating...
[TASK 206/460] [PASS 7/10] generating...
[TASK 206/460] [PASS 8/10] generating...
[TASK 206/460] [PASS 9/10] generating...
[TASK 206/460] [PASS 10/10] generating...
[TASK RECORD]
single jsonl : outputs\pass10_full\python\6306091b73426c38ae68acda_pass10.jsonl
python total : outputs\pass10_full\python_predictions_pass10.jsonl
java total   : outputs\pass10_full\java_predictions_pass10.jsonl
all total    : outputs\pass10_full\all_predictions_pass10.jsonl
artifact root: outputs\pass10_full\python\6306091b73426c38ae68acda

====================================================================================================
[207/460] full pass-k running
lang    : python
task_id : 6306091c73426c38ae68acdc
pass_k  : 10
====================================================================================================
[TASK 207/460] [PASS 1/10] generating...
[TASK 207/460] [PASS 2/10] generating...
[TASK 207/460] [PASS 3/10] generating...
[TASK 207/460] [PASS 4/10] generating...
[TASK 207/460] [PASS 5/10] generating...
[TASK 207/460] [PASS 6/10] generating...
[TASK 207/460] [PASS 7/10] generating...
[TASK 207/460] [PASS 8/10] generating...
[TASK 207/460] [PASS 9/10] generating...
[TASK 207/460] [PASS 10/10] generating...
[TASK RECORD]
single jsonl : outputs\pass10_full\python\6306091c73426c38ae68acdc_pass10.jsonl
python total : outputs\pass10_full\python_predictions_pass10.jsonl
java total   : outputs\pass10_full\java_predictions_pass10.jsonl
all total    : outputs\pass10_full\all_predictions_pass10.jsonl
artifact root: outputs\pass10_full\python\6306091c73426c38ae68acdc

====================================================================================================
[208/460] full pass-k running
lang    : python
task_id : 6306091c73426c38ae68acdd
pass_k  : 10
====================================================================================================
[TASK 208/460] [PASS 1/10] generating...
[TASK 208/460] [PASS 2/10] generating...
[TASK 208/460] [PASS 3/10] generating...
[TASK 208/460] [PASS 4/10] generating...
[TASK 208/460] [PASS 5/10] generating...
[TASK 208/460] [PASS 6/10] generating...
[TASK 208/460] [PASS 7/10] generating...
[TASK 208/460] [PASS 8/10] generating...
[TASK 208/460] [PASS 9/10] generating...
[TASK 208/460] [PASS 10/10] generating...
[TASK RECORD]
single jsonl : outputs\pass10_full\python\6306091c73426c38ae68acdd_pass10.jsonl
python total : outputs\pass10_full\python_predictions_pass10.jsonl
java total   : outputs\pass10_full\java_predictions_pass10.jsonl
all total    : outputs\pass10_full\all_predictions_pass10.jsonl
artifact root: outputs\pass10_full\python\6306091c73426c38ae68acdd

====================================================================================================
[209/460] full pass-k running
lang    : python
task_id : 6306091d73426c38ae68ace5
pass_k  : 10
====================================================================================================
[TASK 209/460] [PASS 1/10] generating...
[TASK 209/460] [PASS 2/10] generating...
[TASK 209/460] [PASS 3/10] generating...
[TASK 209/460] [PASS 4/10] generating...
[TASK 209/460] [PASS 5/10] generating...
[TASK 209/460] [PASS 6/10] generating...
[TASK 209/460] [PASS 7/10] generating...
[TASK 209/460] [PASS 8/10] generating...
[TASK 209/460] [PASS 9/10] generating...
[TASK 209/460] [PASS 10/10] generating...
[TASK RECORD]
single jsonl : outputs\pass10_full\python\6306091d73426c38ae68ace5_pass10.jsonl
python total : outputs\pass10_full\python_predictions_pass10.jsonl
java total   : outputs\pass10_full\java_predictions_pass10.jsonl
all total    : outputs\pass10_full\all_predictions_pass10.jsonl
artifact root: outputs\pass10_full\python\6306091d73426c38ae68ace5

====================================================================================================
[210/460] full pass-k running
lang    : python
task_id : 6306092373426c38ae68acfa
pass_k  : 10
====================================================================================================
[TASK 210/460] [PASS 1/10] generating...
[TASK 210/460] [PASS 2/10] generating...
[TASK 210/460] [PASS 3/10] generating...
[TASK 210/460] [PASS 4/10] generating...
[TASK 210/460] [PASS 5/10] generating...
[TASK 210/460] [PASS 6/10] generating...
[TASK 210/460] [PASS 7/10] generating...
[TASK 210/460] [PASS 8/10] generating...
[TASK 210/460] [PASS 9/10] generating...
[TASK 210/460] [PASS 10/10] generating...
[TASK RECORD]
single jsonl : outputs\pass10_full\python\6306092373426c38ae68acfa_pass10.jsonl
python total : outputs\pass10_full\python_predictions_pass10.jsonl
java total   : outputs\pass10_full\java_predictions_pass10.jsonl
all total    : outputs\pass10_full\all_predictions_pass10.jsonl
artifact root: outputs\pass10_full\python\6306092373426c38ae68acfa

====================================================================================================
[211/460] full pass-k running
lang    : python
task_id : 6306092973426c38ae68ad01
pass_k  : 10
====================================================================================================
[TASK 211/460] [PASS 1/10] generating...
[TASK 211/460] [PASS 2/10] generating...
[TASK 211/460] [PASS 3/10] generating...
[TASK 211/460] [PASS 4/10] generating...
[TASK 211/460] [PASS 5/10] generating...
[TASK 211/460] [PASS 6/10] generating...
[TASK 211/460] [PASS 7/10] generating...
[TASK 211/460] [PASS 8/10] generating...
[TASK 211/460] [PASS 9/10] generating...
[TASK 211/460] [PASS 10/10] generating...
[TASK RECORD]
single jsonl : outputs\pass10_full\python\6306092973426c38ae68ad01_pass10.jsonl
python total : outputs\pass10_full\python_predictions_pass10.jsonl
java total   : outputs\pass10_full\java_predictions_pass10.jsonl
all total    : outputs\pass10_full\all_predictions_pass10.jsonl
artifact root: outputs\pass10_full\python\6306092973426c38ae68ad01

====================================================================================================
[212/460] full pass-k running
lang    : python
task_id : 6306092c73426c38ae68ad02
pass_k  : 10
====================================================================================================
[TASK 212/460] [PASS 1/10] generating...
[TASK 212/460] [PASS 2/10] generating...
[TASK 212/460] [PASS 3/10] generating...
[TASK 212/460] [PASS 4/10] generating...
[TASK 212/460] [PASS 5/10] generating...
[TASK 212/460] [PASS 6/10] generating...
[TASK 212/460] [PASS 7/10] generating...
[TASK 212/460] [PASS 8/10] generating...
[TASK 212/460] [PASS 9/10] generating...
[TASK 212/460] [PASS 10/10] generating...
[TASK RECORD]
single jsonl : outputs\pass10_full\python\6306092c73426c38ae68ad02_pass10.jsonl
python total : outputs\pass10_full\python_predictions_pass10.jsonl
java total   : outputs\pass10_full\java_predictions_pass10.jsonl
all total    : outputs\pass10_full\all_predictions_pass10.jsonl
artifact root: outputs\pass10_full\python\6306092c73426c38ae68ad02

====================================================================================================
[213/460] full pass-k running
lang    : python
task_id : 6306092d73426c38ae68ad04
pass_k  : 10
====================================================================================================
[TASK 213/460] [PASS 1/10] generating...
[TASK 213/460] [PASS 2/10] generating...
[TASK 213/460] [PASS 3/10] generating...
[TASK 213/460] [PASS 4/10] generating...
[TASK 213/460] [PASS 5/10] generating...
[TASK 213/460] [PASS 6/10] generating...
[TASK 213/460] [PASS 7/10] generating...
[TASK 213/460] [PASS 8/10] generating...
[TASK 213/460] [PASS 9/10] generating...
[TASK 213/460] [PASS 10/10] generating...
[TASK RECORD]
single jsonl : outputs\pass10_full\python\6306092d73426c38ae68ad04_pass10.jsonl
python total : outputs\pass10_full\python_predictions_pass10.jsonl
java total   : outputs\pass10_full\java_predictions_pass10.jsonl
all total    : outputs\pass10_full\all_predictions_pass10.jsonl
artifact root: outputs\pass10_full\python\6306092d73426c38ae68ad04

====================================================================================================
[214/460] full pass-k running
lang    : python
task_id : 6306092d73426c38ae68ad05
pass_k  : 10
====================================================================================================
[TASK 214/460] [PASS 1/10] generating...
[TASK 214/460] [PASS 2/10] generating...
[TASK 214/460] [PASS 3/10] generating...
[TASK 214/460] [PASS 4/10] generating...
[TASK 214/460] [PASS 5/10] generating...
[TASK 214/460] [PASS 6/10] generating...
[TASK 214/460] [PASS 7/10] generating...
[TASK 214/460] [PASS 8/10] generating...
[TASK 214/460] [PASS 9/10] generating...
[TASK 214/460] [PASS 10/10] generating...
[TASK RECORD]
single jsonl : outputs\pass10_full\python\6306092d73426c38ae68ad05_pass10.jsonl
python total : outputs\pass10_full\python_predictions_pass10.jsonl
java total   : outputs\pass10_full\java_predictions_pass10.jsonl
all total    : outputs\pass10_full\all_predictions_pass10.jsonl
artifact root: outputs\pass10_full\python\6306092d73426c38ae68ad05

====================================================================================================
[215/460] full pass-k running
lang    : python
task_id : 6306092d73426c38ae68ad06
pass_k  : 10
====================================================================================================
[TASK 215/460] [PASS 1/10] generating...
[TASK 215/460] [PASS 2/10] generating...
[TASK 215/460] [PASS 3/10] generating...
[TASK 215/460] [PASS 4/10] generating...
[TASK 215/460] [PASS 5/10] generating...
[TASK 215/460] [PASS 6/10] generating...
[TASK 215/460] [PASS 7/10] generating...
[TASK 215/460] [PASS 8/10] generating...
[TASK 215/460] [PASS 9/10] generating...
[TASK 215/460] [PASS 10/10] generating...
[TASK RECORD]
single jsonl : outputs\pass10_full\python\6306092d73426c38ae68ad06_pass10.jsonl
python total : outputs\pass10_full\python_predictions_pass10.jsonl
java total   : outputs\pass10_full\java_predictions_pass10.jsonl
all total    : outputs\pass10_full\all_predictions_pass10.jsonl
artifact root: outputs\pass10_full\python\6306092d73426c38ae68ad06

====================================================================================================
[216/460] full pass-k running
lang    : python
task_id : 6306092d73426c38ae68ad07
pass_k  : 10
====================================================================================================
[TASK 216/460] [PASS 1/10] generating...
[TASK 216/460] [PASS 2/10] generating...
[TASK 216/460] [PASS 3/10] generating...
[TASK 216/460] [PASS 4/10] generating...
[TASK 216/460] [PASS 5/10] generating...
[TASK 216/460] [PASS 6/10] generating...
[TASK 216/460] [PASS 7/10] generating...
[TASK 216/460] [PASS 8/10] generating...
[TASK 216/460] [PASS 9/10] generating...
[TASK 216/460] [PASS 10/10] generating...
[TASK RECORD]
single jsonl : outputs\pass10_full\python\6306092d73426c38ae68ad07_pass10.jsonl
python total : outputs\pass10_full\python_predictions_pass10.jsonl
java total   : outputs\pass10_full\java_predictions_pass10.jsonl
all total    : outputs\pass10_full\all_predictions_pass10.jsonl
artifact root: outputs\pass10_full\python\6306092d73426c38ae68ad07

====================================================================================================
[217/460] full pass-k running
lang    : python
task_id : 6306092d73426c38ae68ad08
pass_k  : 10
====================================================================================================
[TASK 217/460] [PASS 1/10] generating...
[TASK 217/460] [PASS 2/10] generating...
[TASK 217/460] [PASS 3/10] generating...
[TASK 217/460] [PASS 4/10] generating...
[TASK 217/460] [PASS 5/10] generating...
[TASK 217/460] [PASS 6/10] generating...
[TASK 217/460] [PASS 7/10] generating...
[TASK 217/460] [PASS 8/10] generating...
[TASK 217/460] [PASS 9/10] generating...
[TASK 217/460] [PASS 10/10] generating...
[TASK RECORD]
single jsonl : outputs\pass10_full\python\6306092d73426c38ae68ad08_pass10.jsonl
python total : outputs\pass10_full\python_predictions_pass10.jsonl
java total   : outputs\pass10_full\java_predictions_pass10.jsonl
all total    : outputs\pass10_full\all_predictions_pass10.jsonl
artifact root: outputs\pass10_full\python\6306092d73426c38ae68ad08

====================================================================================================
[218/460] full pass-k running
lang    : python
task_id : 6306092e73426c38ae68ad09
pass_k  : 10
====================================================================================================
[TASK 218/460] [PASS 1/10] generating...
[TASK 218/460] [PASS 2/10] generating...
[TASK 218/460] [PASS 3/10] generating...
[TASK 218/460] [PASS 4/10] generating...
[TASK 218/460] [PASS 5/10] generating...
[TASK 218/460] [PASS 6/10] generating...
[TASK 218/460] [PASS 7/10] generating...
[TASK 218/460] [PASS 8/10] generating...
[TASK 218/460] [PASS 9/10] generating...
[TASK 218/460] [PASS 10/10] generating...
[TASK RECORD]
single jsonl : outputs\pass10_full\python\6306092e73426c38ae68ad09_pass10.jsonl
python total : outputs\pass10_full\python_predictions_pass10.jsonl
java total   : outputs\pass10_full\java_predictions_pass10.jsonl
all total    : outputs\pass10_full\all_predictions_pass10.jsonl
artifact root: outputs\pass10_full\python\6306092e73426c38ae68ad09

====================================================================================================
[219/460] full pass-k running
lang    : python
task_id : 6306092e73426c38ae68ad0a
pass_k  : 10
====================================================================================================
[TASK 219/460] [PASS 1/10] generating...
[TASK 219/460] [PASS 2/10] generating...
[TASK 219/460] [PASS 3/10] generating...
[TASK 219/460] [PASS 4/10] generating...
[TASK 219/460] [PASS 5/10] generating...
[TASK 219/460] [PASS 6/10] generating...
[TASK 219/460] [PASS 7/10] generating...
[TASK 219/460] [PASS 8/10] generating...
[TASK 219/460] [PASS 9/10] generating...
[TASK 219/460] [PASS 10/10] generating...
[TASK RECORD]
single jsonl : outputs\pass10_full\python\6306092e73426c38ae68ad0a_pass10.jsonl
python total : outputs\pass10_full\python_predictions_pass10.jsonl
java total   : outputs\pass10_full\java_predictions_pass10.jsonl
all total    : outputs\pass10_full\all_predictions_pass10.jsonl
artifact root: outputs\pass10_full\python\6306092e73426c38ae68ad0a

====================================================================================================
[220/460] full pass-k running
lang    : python
task_id : 6306092e73426c38ae68ad0b
pass_k  : 10
====================================================================================================
[TASK 220/460] [PASS 1/10] generating...
[TASK 220/460] [PASS 2/10] generating...
[TASK 220/460] [PASS 3/10] generating...
[TASK 220/460] [PASS 4/10] generating...
[TASK 220/460] [PASS 5/10] generating...
[TASK 220/460] [PASS 6/10] generating...
[TASK 220/460] [PASS 7/10] generating...
[TASK 220/460] [PASS 8/10] generating...
[TASK 220/460] [PASS 9/10] generating...
[TASK 220/460] [PASS 10/10] generating...
[TASK RECORD]
single jsonl : outputs\pass10_full\python\6306092e73426c38ae68ad0b_pass10.jsonl
python total : outputs\pass10_full\python_predictions_pass10.jsonl
java total   : outputs\pass10_full\java_predictions_pass10.jsonl
all total    : outputs\pass10_full\all_predictions_pass10.jsonl
artifact root: outputs\pass10_full\python\6306092e73426c38ae68ad0b

====================================================================================================
[221/460] full pass-k running
lang    : python
task_id : 6306092e73426c38ae68ad0d
pass_k  : 10
====================================================================================================
[TASK 221/460] [PASS 1/10] generating...
[TASK 221/460] [PASS 2/10] generating...
[TASK 221/460] [PASS 3/10] generating...
[TASK 221/460] [PASS 4/10] generating...
[TASK 221/460] [PASS 5/10] generating...
[TASK 221/460] [PASS 6/10] generating...
[TASK 221/460] [PASS 7/10] generating...
[TASK 221/460] [PASS 8/10] generating...
[TASK 221/460] [PASS 9/10] generating...
[TASK 221/460] [PASS 10/10] generating...
[TASK RECORD]
single jsonl : outputs\pass10_full\python\6306092e73426c38ae68ad0d_pass10.jsonl
python total : outputs\pass10_full\python_predictions_pass10.jsonl
java total   : outputs\pass10_full\java_predictions_pass10.jsonl
all total    : outputs\pass10_full\all_predictions_pass10.jsonl
artifact root: outputs\pass10_full\python\6306092e73426c38ae68ad0d

====================================================================================================
[222/460] full pass-k running
lang    : python
task_id : 6306092e73426c38ae68ad0f
pass_k  : 10
====================================================================================================
[TASK 222/460] [PASS 1/10] generating...
[TASK 222/460] [PASS 2/10] generating...
[TASK 222/460] [PASS 3/10] generating...
[TASK 222/460] [PASS 4/10] generating...
[TASK 222/460] [PASS 5/10] generating...
[TASK 222/460] [PASS 6/10] generating...
[TASK 222/460] [PASS 7/10] generating...
[TASK 222/460] [PASS 8/10] generating...
[TASK 222/460] [PASS 9/10] generating...
[TASK 222/460] [PASS 10/10] generating...
[TASK RECORD]
single jsonl : outputs\pass10_full\python\6306092e73426c38ae68ad0f_pass10.jsonl
python total : outputs\pass10_full\python_predictions_pass10.jsonl
java total   : outputs\pass10_full\java_predictions_pass10.jsonl
all total    : outputs\pass10_full\all_predictions_pass10.jsonl
artifact root: outputs\pass10_full\python\6306092e73426c38ae68ad0f

====================================================================================================
[223/460] full pass-k running
lang    : python
task_id : 6306092e73426c38ae68ad11
pass_k  : 10
====================================================================================================
[TASK 223/460] [PASS 1/10] generating...
[TASK 223/460] [PASS 2/10] generating...
[TASK 223/460] [PASS 3/10] generating...
[TASK 223/460] [PASS 4/10] generating...
[TASK 223/460] [PASS 5/10] generating...
[TASK 223/460] [PASS 6/10] generating...
[TASK 223/460] [PASS 7/10] generating...
[TASK 223/460] [PASS 8/10] generating...
[TASK 223/460] [PASS 9/10] generating...
[TASK 223/460] [PASS 10/10] generating...
[TASK RECORD]
single jsonl : outputs\pass10_full\python\6306092e73426c38ae68ad11_pass10.jsonl
python total : outputs\pass10_full\python_predictions_pass10.jsonl
java total   : outputs\pass10_full\java_predictions_pass10.jsonl
all total    : outputs\pass10_full\all_predictions_pass10.jsonl
artifact root: outputs\pass10_full\python\6306092e73426c38ae68ad11

====================================================================================================
[224/460] full pass-k running
lang    : python
task_id : 6306092f73426c38ae68ad13
pass_k  : 10
====================================================================================================
[TASK 224/460] [PASS 1/10] generating...
[TASK 224/460] [PASS 2/10] generating...
[TASK 224/460] [PASS 3/10] generating...
[TASK 224/460] [PASS 4/10] generating...
[TASK 224/460] [PASS 5/10] generating...
[TASK 224/460] [PASS 6/10] generating...
[TASK 224/460] [PASS 7/10] generating...
[TASK 224/460] [PASS 8/10] generating...
[TASK 224/460] [PASS 9/10] generating...
[TASK 224/460] [PASS 10/10] generating...
[TASK RECORD]
single jsonl : outputs\pass10_full\python\6306092f73426c38ae68ad13_pass10.jsonl
python total : outputs\pass10_full\python_predictions_pass10.jsonl
java total   : outputs\pass10_full\java_predictions_pass10.jsonl
all total    : outputs\pass10_full\all_predictions_pass10.jsonl
artifact root: outputs\pass10_full\python\6306092f73426c38ae68ad13

====================================================================================================
[225/460] full pass-k running
lang    : python
task_id : 6306093273426c38ae68ad15
pass_k  : 10
====================================================================================================
[TASK 225/460] [PASS 1/10] generating...
[TASK 225/460] [PASS 2/10] generating...
[TASK ERROR]
lang      : python
task_id   : 6306093273426c38ae68ad15
error     : LLM chat failed after retries: Error code: 400 - {'error': {'message': "This endpoint's maximum context length is 262144 tokens. However, you requested about 424375 tokens (420279 of text input, 4096 in the output). Please reduce the length of either one, or use the context-compression plugin to compress your prompt automatically.", 'code': 400, 'metadata': {'provider_name': None}}}
errors log: outputs\pass10_full\errors.jsonl

====================================================================================================
[226/460] full pass-k running
lang    : python
task_id : 63060ada73426c38ae68ad31
pass_k  : 10
====================================================================================================
[TASK 226/460] [PASS 1/10] generating...
[TASK 226/460] [PASS 2/10] generating...
[TASK 226/460] [PASS 3/10] generating...
[TASK 226/460] [PASS 4/10] generating...
[TASK 226/460] [PASS 5/10] generating...
[TASK 226/460] [PASS 6/10] generating...
[TASK 226/460] [PASS 7/10] generating...
[TASK 226/460] [PASS 8/10] generating...
[TASK 226/460] [PASS 9/10] generating...
[TASK 226/460] [PASS 10/10] generating...
[TASK RECORD]
single jsonl : outputs\pass10_full\python\63060ada73426c38ae68ad31_pass10.jsonl
python total : outputs\pass10_full\python_predictions_pass10.jsonl
java total   : outputs\pass10_full\java_predictions_pass10.jsonl
all total    : outputs\pass10_full\all_predictions_pass10.jsonl
artifact root: outputs\pass10_full\python\63060ada73426c38ae68ad31

====================================================================================================
[227/460] full pass-k running
lang    : python
task_id : 63060b1a73426c38ae68ad3e
pass_k  : 10
====================================================================================================
[TASK 227/460] [PASS 1/10] generating...
[TASK ERROR]
lang      : python
task_id   : 63060b1a73426c38ae68ad3e
error     : 'test_add_plugin_from_git'
errors log: outputs\pass10_full\errors.jsonl

====================================================================================================
[228/460] full pass-k running
lang    : python
task_id : 63060b1b73426c38ae68ad42
pass_k  : 10
====================================================================================================
[TASK 228/460] [PASS 1/10] generating...
[TASK 228/460] [PASS 2/10] generating...
[TASK 228/460] [PASS 3/10] generating...
[TASK 228/460] [PASS 4/10] generating...
[TASK 228/460] [PASS 5/10] generating...
[TASK 228/460] [PASS 6/10] generating...
[TASK 228/460] [PASS 7/10] generating...
[TASK 228/460] [PASS 8/10] generating...
[TASK 228/460] [PASS 9/10] generating...
[TASK 228/460] [PASS 10/10] generating...
[TASK RECORD]
single jsonl : outputs\pass10_full\python\63060b1b73426c38ae68ad42_pass10.jsonl
python total : outputs\pass10_full\python_predictions_pass10.jsonl
java total   : outputs\pass10_full\java_predictions_pass10.jsonl
all total    : outputs\pass10_full\all_predictions_pass10.jsonl
artifact root: outputs\pass10_full\python\63060b1b73426c38ae68ad42

====================================================================================================
[229/460] full pass-k running
lang    : python
task_id : 63060b1b73426c38ae68ad43
pass_k  : 10
====================================================================================================
[TASK 229/460] [PASS 1/10] generating...
[TASK 229/460] [PASS 2/10] generating...
[TASK 229/460] [PASS 3/10] generating...
[TASK 229/460] [PASS 4/10] generating...
[TASK 229/460] [PASS 5/10] generating...
[TASK 229/460] [PASS 6/10] generating...
[TASK 229/460] [PASS 7/10] generating...
[TASK 229/460] [PASS 8/10] generating...
[TASK 229/460] [PASS 9/10] generating...
[TASK 229/460] [PASS 10/10] generating...
[TASK RECORD]
single jsonl : outputs\pass10_full\python\63060b1b73426c38ae68ad43_pass10.jsonl
python total : outputs\pass10_full\python_predictions_pass10.jsonl
java total   : outputs\pass10_full\java_predictions_pass10.jsonl
all total    : outputs\pass10_full\all_predictions_pass10.jsonl
artifact root: outputs\pass10_full\python\63060b1b73426c38ae68ad43

====================================================================================================
[230/460] full pass-k running
lang    : python
task_id : 62ece4982e6aefcf4aabbd64
pass_k  : 10
====================================================================================================
[TASK 230/460] [PASS 1/10] generating...
[TASK 230/460] [PASS 2/10] generating...
[TASK 230/460] [PASS 3/10] generating...
[TASK 230/460] [PASS 4/10] generating...
[TASK 230/460] [PASS 5/10] generating...
[TASK 230/460] [PASS 6/10] generating...
[TASK 230/460] [PASS 7/10] generating...
[TASK 230/460] [PASS 8/10] generating...
[TASK 230/460] [PASS 9/10] generating...
[TASK 230/460] [PASS 10/10] generating...
[TASK RECORD]
single jsonl : outputs\pass10_full\python\62ece4982e6aefcf4aabbd64_pass10.jsonl
python total : outputs\pass10_full\python_predictions_pass10.jsonl
java total   : outputs\pass10_full\java_predictions_pass10.jsonl
all total    : outputs\pass10_full\all_predictions_pass10.jsonl
artifact root: outputs\pass10_full\python\62ece4982e6aefcf4aabbd64

====================================================================================================
[231/460] full pass-k running
lang    : java
task_id : 6367676d1a6d9265ec018229
pass_k  : 10
====================================================================================================
[TASK 231/460] [PASS 1/10] generating...
[TASK 231/460] [PASS 2/10] generating...
[TASK 231/460] [PASS 3/10] generating...
[TASK 231/460] [PASS 4/10] generating...
[TASK 231/460] [PASS 5/10] generating...
[TASK 231/460] [PASS 6/10] generating...
[TASK 231/460] [PASS 7/10] generating...
[TASK 231/460] [PASS 8/10] generating...
[TASK 231/460] [PASS 9/10] generating...
[TASK 231/460] [PASS 10/10] generating...
[TASK RECORD]
single jsonl : outputs\pass10_full\java\6367676d1a6d9265ec018229_pass10.jsonl
python total : outputs\pass10_full\python_predictions_pass10.jsonl
java total   : outputs\pass10_full\java_predictions_pass10.jsonl
all total    : outputs\pass10_full\all_predictions_pass10.jsonl
artifact root: outputs\pass10_full\java\6367676d1a6d9265ec018229

====================================================================================================
[232/460] full pass-k running
lang    : java
task_id : 6367670b1a6d9265ec017a00
pass_k  : 10
====================================================================================================
[TASK 232/460] [PASS 1/10] generating...
[TASK 232/460] [PASS 2/10] generating...
[TASK 232/460] [PASS 3/10] generating...
[TASK 232/460] [PASS 4/10] generating...
[TASK 232/460] [PASS 5/10] generating...
[TASK 232/460] [PASS 6/10] generating...
[TASK 232/460] [PASS 7/10] generating...
[TASK 232/460] [PASS 8/10] generating...
[TASK 232/460] [PASS 9/10] generating...
[TASK 232/460] [PASS 10/10] generating...
[TASK RECORD]
single jsonl : outputs\pass10_full\java\6367670b1a6d9265ec017a00_pass10.jsonl
python total : outputs\pass10_full\python_predictions_pass10.jsonl
java total   : outputs\pass10_full\java_predictions_pass10.jsonl
all total    : outputs\pass10_full\all_predictions_pass10.jsonl
artifact root: outputs\pass10_full\java\6367670b1a6d9265ec017a00

====================================================================================================
[233/460] full pass-k running
lang    : java
task_id : 636766a91a6d9265ec0175c2
pass_k  : 10
====================================================================================================
[TASK 233/460] [PASS 1/10] generating...
[TASK 233/460] [PASS 2/10] generating...
[TASK 233/460] [PASS 3/10] generating...
[TASK 233/460] [PASS 4/10] generating...
[TASK 233/460] [PASS 5/10] generating...
[TASK 233/460] [PASS 6/10] generating...
[TASK 233/460] [PASS 7/10] generating...
[TASK 233/460] [PASS 8/10] generating...
[TASK 233/460] [PASS 9/10] generating...
[TASK 233/460] [PASS 10/10] generating...
[TASK RECORD]
single jsonl : outputs\pass10_full\java\636766a91a6d9265ec0175c2_pass10.jsonl
python total : outputs\pass10_full\python_predictions_pass10.jsonl
java total   : outputs\pass10_full\java_predictions_pass10.jsonl
all total    : outputs\pass10_full\all_predictions_pass10.jsonl
artifact root: outputs\pass10_full\java\636766a91a6d9265ec0175c2

====================================================================================================
[234/460] full pass-k running
lang    : java
task_id : 636767081a6d9265ec017989
pass_k  : 10
====================================================================================================
[TASK 234/460] [PASS 1/10] generating...
[TASK 234/460] [PASS 2/10] generating...
[TASK 234/460] [PASS 3/10] generating...
[TASK 234/460] [PASS 4/10] generating...
[TASK 234/460] [PASS 5/10] generating...
[TASK 234/460] [PASS 6/10] generating...
[TASK 234/460] [PASS 7/10] generating...
[TASK 234/460] [PASS 8/10] generating...
[TASK 234/460] [PASS 9/10] generating...
[TASK 234/460] [PASS 10/10] generating...
[TASK RECORD]
single jsonl : outputs\pass10_full\java\636767081a6d9265ec017989_pass10.jsonl
python total : outputs\pass10_full\python_predictions_pass10.jsonl
java total   : outputs\pass10_full\java_predictions_pass10.jsonl
all total    : outputs\pass10_full\all_predictions_pass10.jsonl
artifact root: outputs\pass10_full\java\636767081a6d9265ec017989

====================================================================================================
[235/460] full pass-k running
lang    : java
task_id : 6367672d1a6d9265ec017c73
pass_k  : 10
====================================================================================================
[TASK 235/460] [PASS 1/10] generating...
[TASK 235/460] [PASS 2/10] generating...
[TASK 235/460] [PASS 3/10] generating...
[TASK 235/460] [PASS 4/10] generating...
[TASK 235/460] [PASS 5/10] generating...
[TASK 235/460] [PASS 6/10] generating...
[TASK 235/460] [PASS 7/10] generating...
[TASK 235/460] [PASS 8/10] generating...
[TASK 235/460] [PASS 9/10] generating...
[TASK 235/460] [PASS 10/10] generating...
[TASK RECORD]
single jsonl : outputs\pass10_full\java\6367672d1a6d9265ec017c73_pass10.jsonl
python total : outputs\pass10_full\python_predictions_pass10.jsonl
java total   : outputs\pass10_full\java_predictions_pass10.jsonl
all total    : outputs\pass10_full\all_predictions_pass10.jsonl
artifact root: outputs\pass10_full\java\6367672d1a6d9265ec017c73

====================================================================================================
[236/460] full pass-k running
lang    : java
task_id : 636766f81a6d9265ec01775c
pass_k  : 10
====================================================================================================
[TASK 236/460] [PASS 1/10] generating...
[TASK 236/460] [PASS 2/10] generating...
[TASK 236/460] [PASS 3/10] generating...
[TASK 236/460] [PASS 4/10] generating...
[TASK 236/460] [PASS 5/10] generating...
[TASK 236/460] [PASS 6/10] generating...
[TASK 236/460] [PASS 7/10] generating...
[TASK 236/460] [PASS 8/10] generating...
[TASK 236/460] [PASS 9/10] generating...
[TASK 236/460] [PASS 10/10] generating...
[TASK RECORD]
single jsonl : outputs\pass10_full\java\636766f81a6d9265ec01775c_pass10.jsonl
python total : outputs\pass10_full\python_predictions_pass10.jsonl
java total   : outputs\pass10_full\java_predictions_pass10.jsonl
all total    : outputs\pass10_full\all_predictions_pass10.jsonl
artifact root: outputs\pass10_full\java\636766f81a6d9265ec01775c

====================================================================================================
[237/460] full pass-k running
lang    : java
task_id : 6367667f1a6d9265ec017457
pass_k  : 10
====================================================================================================
[TASK 237/460] [PASS 1/10] generating...
[TASK 237/460] [PASS 2/10] generating...
[TASK 237/460] [PASS 3/10] generating...
[TASK 237/460] [PASS 4/10] generating...
[TASK 237/460] [PASS 5/10] generating...
[TASK 237/460] [PASS 6/10] generating...
[TASK 237/460] [PASS 7/10] generating...
[TASK 237/460] [PASS 8/10] generating...
[TASK 237/460] [PASS 9/10] generating...
[TASK 237/460] [PASS 10/10] generating...
[TASK RECORD]
single jsonl : outputs\pass10_full\java\6367667f1a6d9265ec017457_pass10.jsonl
python total : outputs\pass10_full\python_predictions_pass10.jsonl
java total   : outputs\pass10_full\java_predictions_pass10.jsonl
all total    : outputs\pass10_full\all_predictions_pass10.jsonl
artifact root: outputs\pass10_full\java\6367667f1a6d9265ec017457

====================================================================================================
[238/460] full pass-k running
lang    : java
task_id : 636766aa1a6d9265ec0175ce
pass_k  : 10
====================================================================================================
[TASK 238/460] [PASS 1/10] generating...
[TASK 238/460] [PASS 2/10] generating...
[TASK 238/460] [PASS 3/10] generating...
[TASK 238/460] [PASS 4/10] generating...
[TASK 238/460] [PASS 5/10] generating...
[TASK 238/460] [PASS 6/10] generating...
[TASK 238/460] [PASS 7/10] generating...
[TASK 238/460] [PASS 8/10] generating...
[TASK 238/460] [PASS 9/10] generating...
[TASK 238/460] [PASS 10/10] generating...
[TASK RECORD]
single jsonl : outputs\pass10_full\java\636766aa1a6d9265ec0175ce_pass10.jsonl
python total : outputs\pass10_full\python_predictions_pass10.jsonl
java total   : outputs\pass10_full\java_predictions_pass10.jsonl
all total    : outputs\pass10_full\all_predictions_pass10.jsonl
artifact root: outputs\pass10_full\java\636766aa1a6d9265ec0175ce

====================================================================================================
[239/460] full pass-k running
lang    : java
task_id : 636767191a6d9265ec017c0f
pass_k  : 10
====================================================================================================
[TASK 239/460] [PASS 1/10] generating...
[TASK 239/460] [PASS 2/10] generating...
[TASK 239/460] [PASS 3/10] generating...
[TASK 239/460] [PASS 4/10] generating...
[TASK 239/460] [PASS 5/10] generating...
[TASK 239/460] [PASS 6/10] generating...
[TASK 239/460] [PASS 7/10] generating...
[TASK 239/460] [PASS 8/10] generating...
[TASK 239/460] [PASS 9/10] generating...
[TASK 239/460] [PASS 10/10] generating...
[TASK RECORD]
single jsonl : outputs\pass10_full\java\636767191a6d9265ec017c0f_pass10.jsonl
python total : outputs\pass10_full\python_predictions_pass10.jsonl
java total   : outputs\pass10_full\java_predictions_pass10.jsonl
all total    : outputs\pass10_full\all_predictions_pass10.jsonl
artifact root: outputs\pass10_full\java\636767191a6d9265ec017c0f

====================================================================================================
[240/460] full pass-k running
lang    : java
task_id : 636767821a6d9265ec0183a0
pass_k  : 10
====================================================================================================
[TASK 240/460] [PASS 1/10] generating...
[TASK 240/460] [PASS 2/10] generating...
[TASK 240/460] [PASS 3/10] generating...
[TASK 240/460] [PASS 4/10] generating...
[TASK 240/460] [PASS 5/10] generating...
[TASK 240/460] [PASS 6/10] generating...
[TASK 240/460] [PASS 7/10] generating...
[TASK 240/460] [PASS 8/10] generating...
[TASK 240/460] [PASS 9/10] generating...
[TASK 240/460] [PASS 10/10] generating...
[TASK RECORD]
single jsonl : outputs\pass10_full\java\636767821a6d9265ec0183a0_pass10.jsonl
python total : outputs\pass10_full\python_predictions_pass10.jsonl
java total   : outputs\pass10_full\java_predictions_pass10.jsonl
all total    : outputs\pass10_full\all_predictions_pass10.jsonl
artifact root: outputs\pass10_full\java\636767821a6d9265ec0183a0

====================================================================================================
[241/460] full pass-k running
lang    : java
task_id : 636767691a6d9265ec0181aa
pass_k  : 10
====================================================================================================
[TASK 241/460] [PASS 1/10] generating...
[TASK 241/460] [PASS 2/10] generating...
[TASK 241/460] [PASS 3/10] generating...
[TASK 241/460] [PASS 4/10] generating...
[TASK 241/460] [PASS 5/10] generating...
[TASK 241/460] [PASS 6/10] generating...
[TASK 241/460] [PASS 7/10] generating...
[TASK 241/460] [PASS 8/10] generating...
[TASK 241/460] [PASS 9/10] generating...
[TASK 241/460] [PASS 10/10] generating...
[TASK RECORD]
single jsonl : outputs\pass10_full\java\636767691a6d9265ec0181aa_pass10.jsonl
python total : outputs\pass10_full\python_predictions_pass10.jsonl
java total   : outputs\pass10_full\java_predictions_pass10.jsonl
all total    : outputs\pass10_full\all_predictions_pass10.jsonl
artifact root: outputs\pass10_full\java\636767691a6d9265ec0181aa

====================================================================================================
[242/460] full pass-k running
lang    : java
task_id : 636767441a6d9265ec017cc1
pass_k  : 10
====================================================================================================
[TASK 242/460] [PASS 1/10] generating...
[TASK 242/460] [PASS 2/10] generating...
[TASK 242/460] [PASS 3/10] generating...
[TASK 242/460] [PASS 4/10] generating...
[TASK 242/460] [PASS 5/10] generating...
[TASK 242/460] [PASS 6/10] generating...
[TASK 242/460] [PASS 7/10] generating...
[TASK 242/460] [PASS 8/10] generating...
[TASK 242/460] [PASS 9/10] generating...
[TASK 242/460] [PASS 10/10] generating...
[TASK RECORD]
single jsonl : outputs\pass10_full\java\636767441a6d9265ec017cc1_pass10.jsonl
python total : outputs\pass10_full\python_predictions_pass10.jsonl
java total   : outputs\pass10_full\java_predictions_pass10.jsonl
all total    : outputs\pass10_full\all_predictions_pass10.jsonl
artifact root: outputs\pass10_full\java\636767441a6d9265ec017cc1

====================================================================================================
[243/460] full pass-k running
lang    : java
task_id : 6367667f1a6d9265ec01745c
pass_k  : 10
====================================================================================================
[TASK 243/460] [PASS 1/10] generating...
[TASK 243/460] [PASS 2/10] generating...
[TASK 243/460] [PASS 3/10] generating...
[TASK 243/460] [PASS 4/10] generating...
[TASK 243/460] [PASS 5/10] generating...
[TASK 243/460] [PASS 6/10] generating...
[TASK 243/460] [PASS 7/10] generating...
[TASK 243/460] [PASS 8/10] generating...
[TASK 243/460] [PASS 9/10] generating...
[TASK 243/460] [PASS 10/10] generating...
[TASK RECORD]
single jsonl : outputs\pass10_full\java\6367667f1a6d9265ec01745c_pass10.jsonl
python total : outputs\pass10_full\python_predictions_pass10.jsonl
java total   : outputs\pass10_full\java_predictions_pass10.jsonl
all total    : outputs\pass10_full\all_predictions_pass10.jsonl
artifact root: outputs\pass10_full\java\6367667f1a6d9265ec01745c

====================================================================================================
[244/460] full pass-k running
lang    : java
task_id : 6367677e1a6d9265ec01830f
pass_k  : 10
====================================================================================================
[TASK 244/460] [PASS 1/10] generating...
[TASK 244/460] [PASS 2/10] generating...
[TASK 244/460] [PASS 3/10] generating...
[TASK 244/460] [PASS 4/10] generating...
[TASK 244/460] [PASS 5/10] generating...
[TASK 244/460] [PASS 6/10] generating...
[TASK 244/460] [PASS 7/10] generating...
[TASK 244/460] [PASS 8/10] generating...
[TASK 244/460] [PASS 9/10] generating...
[TASK 244/460] [PASS 10/10] generating...
[TASK RECORD]
single jsonl : outputs\pass10_full\java\6367677e1a6d9265ec01830f_pass10.jsonl
python total : outputs\pass10_full\python_predictions_pass10.jsonl
java total   : outputs\pass10_full\java_predictions_pass10.jsonl
all total    : outputs\pass10_full\all_predictions_pass10.jsonl
artifact root: outputs\pass10_full\java\6367677e1a6d9265ec01830f

====================================================================================================
[245/460] full pass-k running
lang    : java
task_id : 636767031a6d9265ec0178dd
pass_k  : 10
====================================================================================================
[TASK 245/460] [PASS 1/10] generating...
[TASK 245/460] [PASS 2/10] generating...
[TASK 245/460] [PASS 3/10] generating...
[TASK 245/460] [PASS 4/10] generating...
[TASK 245/460] [PASS 5/10] generating...
[TASK 245/460] [PASS 6/10] generating...
[TASK 245/460] [PASS 7/10] generating...
[TASK 245/460] [PASS 8/10] generating...
[TASK 245/460] [PASS 9/10] generating...
[TASK 245/460] [PASS 10/10] generating...
[TASK RECORD]
single jsonl : outputs\pass10_full\java\636767031a6d9265ec0178dd_pass10.jsonl
python total : outputs\pass10_full\python_predictions_pass10.jsonl
java total   : outputs\pass10_full\java_predictions_pass10.jsonl
all total    : outputs\pass10_full\all_predictions_pass10.jsonl
artifact root: outputs\pass10_full\java\636767031a6d9265ec0178dd

====================================================================================================
[246/460] full pass-k running
lang    : java
task_id : 636766f11a6d9265ec017658
pass_k  : 10
====================================================================================================
[TASK 246/460] [PASS 1/10] generating...
[TASK 246/460] [PASS 2/10] generating...
[TASK 246/460] [PASS 3/10] generating...
[TASK 246/460] [PASS 4/10] generating...
[TASK 246/460] [PASS 5/10] generating...
[TASK 246/460] [PASS 6/10] generating...
[TASK 246/460] [PASS 7/10] generating...
[TASK 246/460] [PASS 8/10] generating...
[TASK 246/460] [PASS 9/10] generating...
[TASK 246/460] [PASS 10/10] generating...
[TASK RECORD]
single jsonl : outputs\pass10_full\java\636766f11a6d9265ec017658_pass10.jsonl
python total : outputs\pass10_full\python_predictions_pass10.jsonl
java total   : outputs\pass10_full\java_predictions_pass10.jsonl
all total    : outputs\pass10_full\all_predictions_pass10.jsonl
artifact root: outputs\pass10_full\java\636766f11a6d9265ec017658

====================================================================================================
[247/460] full pass-k running
lang    : java
task_id : 636767121a6d9265ec017b0a
pass_k  : 10
====================================================================================================
[TASK 247/460] [PASS 1/10] generating...
[TASK 247/460] [PASS 2/10] generating...
[TASK 247/460] [PASS 3/10] generating...
[TASK 247/460] [PASS 4/10] generating...
[TASK 247/460] [PASS 5/10] generating...
[TASK 247/460] [PASS 6/10] generating...
[TASK 247/460] [PASS 7/10] generating...
[TASK 247/460] [PASS 8/10] generating...
[TASK 247/460] [PASS 9/10] generating...
[TASK 247/460] [PASS 10/10] generating...
[TASK RECORD]
single jsonl : outputs\pass10_full\java\636767121a6d9265ec017b0a_pass10.jsonl
python total : outputs\pass10_full\python_predictions_pass10.jsonl
java total   : outputs\pass10_full\java_predictions_pass10.jsonl
all total    : outputs\pass10_full\all_predictions_pass10.jsonl
artifact root: outputs\pass10_full\java\636767121a6d9265ec017b0a

====================================================================================================
[248/460] full pass-k running
lang    : java
task_id : 636766f61a6d9265ec017701
pass_k  : 10
====================================================================================================
[TASK 248/460] [PASS 1/10] generating...
[TASK 248/460] [PASS 2/10] generating...
[TASK 248/460] [PASS 3/10] generating...
[TASK 248/460] [PASS 4/10] generating...
[TASK 248/460] [PASS 5/10] generating...
[TASK 248/460] [PASS 6/10] generating...
[TASK 248/460] [PASS 7/10] generating...
[TASK 248/460] [PASS 8/10] generating...
[TASK 248/460] [PASS 9/10] generating...
[TASK 248/460] [PASS 10/10] generating...
[TASK RECORD]
single jsonl : outputs\pass10_full\java\636766f61a6d9265ec017701_pass10.jsonl
python total : outputs\pass10_full\python_predictions_pass10.jsonl
java total   : outputs\pass10_full\java_predictions_pass10.jsonl
all total    : outputs\pass10_full\all_predictions_pass10.jsonl
artifact root: outputs\pass10_full\java\636766f61a6d9265ec017701

====================================================================================================
[249/460] full pass-k running
lang    : java
task_id : 6367670b1a6d9265ec0179fe
pass_k  : 10
====================================================================================================
[TASK 249/460] [PASS 1/10] generating...
[TASK 249/460] [PASS 2/10] generating...
[TASK 249/460] [PASS 3/10] generating...
[TASK 249/460] [PASS 4/10] generating...
[TASK 249/460] [PASS 5/10] generating...
[TASK 249/460] [PASS 6/10] generating...
[TASK 249/460] [PASS 7/10] generating...
[TASK 249/460] [PASS 8/10] generating...
[TASK 249/460] [PASS 9/10] generating...
[TASK 249/460] [PASS 10/10] generating...
[TASK RECORD]
single jsonl : outputs\pass10_full\java\6367670b1a6d9265ec0179fe_pass10.jsonl
python total : outputs\pass10_full\python_predictions_pass10.jsonl
java total   : outputs\pass10_full\java_predictions_pass10.jsonl
all total    : outputs\pass10_full\all_predictions_pass10.jsonl
artifact root: outputs\pass10_full\java\6367670b1a6d9265ec0179fe

====================================================================================================
[250/460] full pass-k running
lang    : java
task_id : 636767df1a6d9265ec01873c
pass_k  : 10
====================================================================================================
[TASK 250/460] [PASS 1/10] generating...
[TASK 250/460] [PASS 2/10] generating...
[TASK 250/460] [PASS 3/10] generating...
[TASK 250/460] [PASS 4/10] generating...
[TASK 250/460] [PASS 5/10] generating...
[TASK 250/460] [PASS 6/10] generating...
[TASK 250/460] [PASS 7/10] generating...
[TASK 250/460] [PASS 8/10] generating...
[TASK 250/460] [PASS 9/10] generating...
[TASK 250/460] [PASS 10/10] generating...
[TASK RECORD]
single jsonl : outputs\pass10_full\java\636767df1a6d9265ec01873c_pass10.jsonl
python total : outputs\pass10_full\python_predictions_pass10.jsonl
java total   : outputs\pass10_full\java_predictions_pass10.jsonl
all total    : outputs\pass10_full\all_predictions_pass10.jsonl
artifact root: outputs\pass10_full\java\636767df1a6d9265ec01873c

====================================================================================================
[251/460] full pass-k running
lang    : java
task_id : 636766f91a6d9265ec01777f
pass_k  : 10
====================================================================================================
[TASK 251/460] [PASS 1/10] generating...
[TASK 251/460] [PASS 2/10] generating...
[TASK 251/460] [PASS 3/10] generating...
[TASK 251/460] [PASS 4/10] generating...
[TASK 251/460] [PASS 5/10] generating...
[TASK 251/460] [PASS 6/10] generating...
[TASK 251/460] [PASS 7/10] generating...
[TASK 251/460] [PASS 8/10] generating...
[TASK 251/460] [PASS 9/10] generating...
[TASK 251/460] [PASS 10/10] generating...
[TASK RECORD]
single jsonl : outputs\pass10_full\java\636766f91a6d9265ec01777f_pass10.jsonl
python total : outputs\pass10_full\python_predictions_pass10.jsonl
java total   : outputs\pass10_full\java_predictions_pass10.jsonl
all total    : outputs\pass10_full\all_predictions_pass10.jsonl
artifact root: outputs\pass10_full\java\636766f91a6d9265ec01777f

====================================================================================================
[252/460] full pass-k running
lang    : java
task_id : 6367675f1a6d9265ec0180d3
pass_k  : 10
====================================================================================================
[TASK 252/460] [PASS 1/10] generating...
[TASK 252/460] [PASS 2/10] generating...
[TASK 252/460] [PASS 3/10] generating...
[TASK 252/460] [PASS 4/10] generating...
[TASK 252/460] [PASS 5/10] generating...
[TASK 252/460] [PASS 6/10] generating...
[TASK 252/460] [PASS 7/10] generating...
[TASK 252/460] [PASS 8/10] generating...
[TASK 252/460] [PASS 9/10] generating...
[TASK 252/460] [PASS 10/10] generating...
[TASK RECORD]
single jsonl : outputs\pass10_full\java\6367675f1a6d9265ec0180d3_pass10.jsonl
python total : outputs\pass10_full\python_predictions_pass10.jsonl
java total   : outputs\pass10_full\java_predictions_pass10.jsonl
all total    : outputs\pass10_full\all_predictions_pass10.jsonl
artifact root: outputs\pass10_full\java\6367675f1a6d9265ec0180d3

====================================================================================================
[253/460] full pass-k running
lang    : java
task_id : 636766fe1a6d9265ec017833
pass_k  : 10
====================================================================================================
[TASK 253/460] [PASS 1/10] generating...
[TASK 253/460] [PASS 2/10] generating...
[TASK 253/460] [PASS 3/10] generating...
[TASK 253/460] [PASS 4/10] generating...
[TASK 253/460] [PASS 5/10] generating...
[TASK 253/460] [PASS 6/10] generating...
[TASK 253/460] [PASS 7/10] generating...
[TASK 253/460] [PASS 8/10] generating...
[TASK 253/460] [PASS 9/10] generating...
[TASK 253/460] [PASS 10/10] generating...
[TASK RECORD]
single jsonl : outputs\pass10_full\java\636766fe1a6d9265ec017833_pass10.jsonl
python total : outputs\pass10_full\python_predictions_pass10.jsonl
java total   : outputs\pass10_full\java_predictions_pass10.jsonl
all total    : outputs\pass10_full\all_predictions_pass10.jsonl
artifact root: outputs\pass10_full\java\636766fe1a6d9265ec017833

====================================================================================================
[254/460] full pass-k running
lang    : java
task_id : 636767791a6d9265ec018257
pass_k  : 10
====================================================================================================
[TASK 254/460] [PASS 1/10] generating...
[TASK 254/460] [PASS 2/10] generating...
[TASK 254/460] [PASS 3/10] generating...
[TASK 254/460] [PASS 4/10] generating...
[TASK 254/460] [PASS 5/10] generating...
[TASK 254/460] [PASS 6/10] generating...
[TASK 254/460] [PASS 7/10] generating...
[TASK 254/460] [PASS 8/10] generating...
[TASK 254/460] [PASS 9/10] generating...
[TASK 254/460] [PASS 10/10] generating...
[TASK RECORD]
single jsonl : outputs\pass10_full\java\636767791a6d9265ec018257_pass10.jsonl
python total : outputs\pass10_full\python_predictions_pass10.jsonl
java total   : outputs\pass10_full\java_predictions_pass10.jsonl
all total    : outputs\pass10_full\all_predictions_pass10.jsonl
artifact root: outputs\pass10_full\java\636767791a6d9265ec018257

====================================================================================================
[255/460] full pass-k running
lang    : java
task_id : 636767641a6d9265ec01817d
pass_k  : 10
====================================================================================================
[TASK 255/460] [PASS 1/10] generating...
[TASK 255/460] [PASS 2/10] generating...
[TASK 255/460] [PASS 3/10] generating...
[TASK 255/460] [PASS 4/10] generating...
[TASK 255/460] [PASS 5/10] generating...
[TASK 255/460] [PASS 6/10] generating...
[TASK 255/460] [PASS 7/10] generating...
[TASK 255/460] [PASS 8/10] generating...
[TASK 255/460] [PASS 9/10] generating...
[TASK 255/460] [PASS 10/10] generating...
[TASK RECORD]
single jsonl : outputs\pass10_full\java\636767641a6d9265ec01817d_pass10.jsonl
python total : outputs\pass10_full\python_predictions_pass10.jsonl
java total   : outputs\pass10_full\java_predictions_pass10.jsonl
all total    : outputs\pass10_full\all_predictions_pass10.jsonl
artifact root: outputs\pass10_full\java\636767641a6d9265ec01817d

====================================================================================================
[256/460] full pass-k running
lang    : java
task_id : 636766ff1a6d9265ec017851
pass_k  : 10
====================================================================================================
[TASK 256/460] [PASS 1/10] generating...
[TASK 256/460] [PASS 2/10] generating...
[TASK 256/460] [PASS 3/10] generating...
[TASK 256/460] [PASS 4/10] generating...
[TASK 256/460] [PASS 5/10] generating...
[TASK 256/460] [PASS 6/10] generating...
[TASK 256/460] [PASS 7/10] generating...
[TASK 256/460] [PASS 8/10] generating...
[TASK 256/460] [PASS 9/10] generating...
[TASK 256/460] [PASS 10/10] generating...
[TASK RECORD]
single jsonl : outputs\pass10_full\java\636766ff1a6d9265ec017851_pass10.jsonl
python total : outputs\pass10_full\python_predictions_pass10.jsonl
java total   : outputs\pass10_full\java_predictions_pass10.jsonl
all total    : outputs\pass10_full\all_predictions_pass10.jsonl
artifact root: outputs\pass10_full\java\636766ff1a6d9265ec017851

====================================================================================================
[257/460] full pass-k running
lang    : java
task_id : 636767a41a6d9265ec018582
pass_k  : 10
====================================================================================================
[TASK 257/460] [PASS 1/10] generating...
[TASK 257/460] [PASS 2/10] generating...
[TASK 257/460] [PASS 3/10] generating...
[TASK 257/460] [PASS 4/10] generating...
[TASK 257/460] [PASS 5/10] generating...
[TASK 257/460] [PASS 6/10] generating...
[TASK 257/460] [PASS 7/10] generating...
[TASK 257/460] [PASS 8/10] generating...
[TASK 257/460] [PASS 9/10] generating...
[TASK 257/460] [PASS 10/10] generating...
[TASK RECORD]
single jsonl : outputs\pass10_full\java\636767a41a6d9265ec018582_pass10.jsonl
python total : outputs\pass10_full\python_predictions_pass10.jsonl
java total   : outputs\pass10_full\java_predictions_pass10.jsonl
all total    : outputs\pass10_full\all_predictions_pass10.jsonl
artifact root: outputs\pass10_full\java\636767a41a6d9265ec018582

====================================================================================================
[258/460] full pass-k running
lang    : java
task_id : 636767001a6d9265ec01787e
pass_k  : 10
====================================================================================================
[TASK 258/460] [PASS 1/10] generating...
[TASK 258/460] [PASS 2/10] generating...
[TASK 258/460] [PASS 3/10] generating...
[TASK 258/460] [PASS 4/10] generating...
[TASK 258/460] [PASS 5/10] generating...
[TASK 258/460] [PASS 6/10] generating...
[TASK 258/460] [PASS 7/10] generating...
[TASK 258/460] [PASS 8/10] generating...
[TASK 258/460] [PASS 9/10] generating...
[TASK 258/460] [PASS 10/10] generating...
[TASK RECORD]
single jsonl : outputs\pass10_full\java\636767001a6d9265ec01787e_pass10.jsonl
python total : outputs\pass10_full\python_predictions_pass10.jsonl
java total   : outputs\pass10_full\java_predictions_pass10.jsonl
all total    : outputs\pass10_full\all_predictions_pass10.jsonl
artifact root: outputs\pass10_full\java\636767001a6d9265ec01787e

====================================================================================================
[259/460] full pass-k running
lang    : java
task_id : 636767781a6d9265ec01823d
pass_k  : 10
====================================================================================================
[TASK 259/460] [PASS 1/10] generating...
[TASK 259/460] [PASS 2/10] generating...
[TASK 259/460] [PASS 3/10] generating...
[TASK 259/460] [PASS 4/10] generating...
[TASK 259/460] [PASS 5/10] generating...
[TASK 259/460] [PASS 6/10] generating...
[TASK 259/460] [PASS 7/10] generating...
[TASK 259/460] [PASS 8/10] generating...
[TASK 259/460] [PASS 9/10] generating...
[TASK 259/460] [PASS 10/10] generating...
[TASK RECORD]
single jsonl : outputs\pass10_full\java\636767781a6d9265ec01823d_pass10.jsonl
python total : outputs\pass10_full\python_predictions_pass10.jsonl
java total   : outputs\pass10_full\java_predictions_pass10.jsonl
all total    : outputs\pass10_full\all_predictions_pass10.jsonl
artifact root: outputs\pass10_full\java\636767781a6d9265ec01823d

====================================================================================================
[260/460] full pass-k running
lang    : java
task_id : 636766ef1a6d9265ec01761a
pass_k  : 10
====================================================================================================
[TASK 260/460] [PASS 1/10] generating...
[TASK 260/460] [PASS 2/10] generating...
[TASK 260/460] [PASS 3/10] generating...
[TASK 260/460] [PASS 4/10] generating...
[TASK 260/460] [PASS 5/10] generating...
[TASK 260/460] [PASS 6/10] generating...
[TASK 260/460] [PASS 7/10] generating...
[TASK 260/460] [PASS 8/10] generating...
[TASK 260/460] [PASS 9/10] generating...
[TASK 260/460] [PASS 10/10] generating...
[TASK RECORD]
single jsonl : outputs\pass10_full\java\636766ef1a6d9265ec01761a_pass10.jsonl
python total : outputs\pass10_full\python_predictions_pass10.jsonl
java total   : outputs\pass10_full\java_predictions_pass10.jsonl
all total    : outputs\pass10_full\all_predictions_pass10.jsonl
artifact root: outputs\pass10_full\java\636766ef1a6d9265ec01761a

====================================================================================================
[261/460] full pass-k running
lang    : java
task_id : 636766821a6d9265ec0174b6
pass_k  : 10
====================================================================================================
[TASK 261/460] [PASS 1/10] generating...
[TASK 261/460] [PASS 2/10] generating...
[TASK 261/460] [PASS 3/10] generating...
[TASK 261/460] [PASS 4/10] generating...
[TASK 261/460] [PASS 5/10] generating...
[TASK 261/460] [PASS 6/10] generating...
[TASK 261/460] [PASS 7/10] generating...
[TASK 261/460] [PASS 8/10] generating...
[TASK 261/460] [PASS 9/10] generating...
[TASK 261/460] [PASS 10/10] generating...
[TASK RECORD]
single jsonl : outputs\pass10_full\java\636766821a6d9265ec0174b6_pass10.jsonl
python total : outputs\pass10_full\python_predictions_pass10.jsonl
java total   : outputs\pass10_full\java_predictions_pass10.jsonl
all total    : outputs\pass10_full\all_predictions_pass10.jsonl
artifact root: outputs\pass10_full\java\636766821a6d9265ec0174b6

====================================================================================================
[262/460] full pass-k running
lang    : java
task_id : 636767e11a6d9265ec018781
pass_k  : 10
====================================================================================================
[TASK 262/460] [PASS 1/10] generating...
[TASK 262/460] [PASS 2/10] generating...
[TASK 262/460] [PASS 3/10] generating...
[TASK 262/460] [PASS 4/10] generating...
[TASK 262/460] [PASS 5/10] generating...
[TASK 262/460] [PASS 6/10] generating...
[TASK 262/460] [PASS 7/10] generating...
[TASK 262/460] [PASS 8/10] generating...
[TASK 262/460] [PASS 9/10] generating...
[TASK 262/460] [PASS 10/10] generating...
[TASK RECORD]
single jsonl : outputs\pass10_full\java\636767e11a6d9265ec018781_pass10.jsonl
python total : outputs\pass10_full\python_predictions_pass10.jsonl
java total   : outputs\pass10_full\java_predictions_pass10.jsonl
all total    : outputs\pass10_full\all_predictions_pass10.jsonl
artifact root: outputs\pass10_full\java\636767e11a6d9265ec018781

====================================================================================================
[263/460] full pass-k running
lang    : java
task_id : 636767531a6d9265ec017efb
pass_k  : 10
====================================================================================================
[TASK 263/460] [PASS 1/10] generating...
[TASK 263/460] [PASS 2/10] generating...
[TASK 263/460] [PASS 3/10] generating...
[TASK 263/460] [PASS 4/10] generating...
[TASK 263/460] [PASS 5/10] generating...
[TASK 263/460] [PASS 6/10] generating...
[TASK 263/460] [PASS 7/10] generating...
[TASK 263/460] [PASS 8/10] generating...
[TASK 263/460] [PASS 9/10] generating...
[TASK 263/460] [PASS 10/10] generating...
[TASK RECORD]
single jsonl : outputs\pass10_full\java\636767531a6d9265ec017efb_pass10.jsonl
python total : outputs\pass10_full\python_predictions_pass10.jsonl
java total   : outputs\pass10_full\java_predictions_pass10.jsonl
all total    : outputs\pass10_full\all_predictions_pass10.jsonl
artifact root: outputs\pass10_full\java\636767531a6d9265ec017efb

====================================================================================================
[264/460] full pass-k running
lang    : java
task_id : 636766f11a6d9265ec017641
pass_k  : 10
====================================================================================================
[TASK 264/460] [PASS 1/10] generating...
[TASK 264/460] [PASS 2/10] generating...
[TASK 264/460] [PASS 3/10] generating...
[TASK 264/460] [PASS 4/10] generating...
[TASK 264/460] [PASS 5/10] generating...
[TASK 264/460] [PASS 6/10] generating...
[TASK 264/460] [PASS 7/10] generating...
[TASK 264/460] [PASS 8/10] generating...
[TASK 264/460] [PASS 9/10] generating...
[TASK 264/460] [PASS 10/10] generating...
[TASK RECORD]
single jsonl : outputs\pass10_full\java\636766f11a6d9265ec017641_pass10.jsonl
python total : outputs\pass10_full\python_predictions_pass10.jsonl
java total   : outputs\pass10_full\java_predictions_pass10.jsonl
all total    : outputs\pass10_full\all_predictions_pass10.jsonl
artifact root: outputs\pass10_full\java\636766f11a6d9265ec017641

====================================================================================================
[265/460] full pass-k running
lang    : java
task_id : 636767de1a6d9265ec018706
pass_k  : 10
====================================================================================================
[TASK 265/460] [PASS 1/10] generating...
[TASK 265/460] [PASS 2/10] generating...
[TASK 265/460] [PASS 3/10] generating...
[TASK 265/460] [PASS 4/10] generating...
[TASK 265/460] [PASS 5/10] generating...
[TASK 265/460] [PASS 6/10] generating...
[TASK 265/460] [PASS 7/10] generating...
[TASK 265/460] [PASS 8/10] generating...
[TASK 265/460] [PASS 9/10] generating...
[TASK 265/460] [PASS 10/10] generating...
[TASK RECORD]
single jsonl : outputs\pass10_full\java\636767de1a6d9265ec018706_pass10.jsonl
python total : outputs\pass10_full\python_predictions_pass10.jsonl
java total   : outputs\pass10_full\java_predictions_pass10.jsonl
all total    : outputs\pass10_full\all_predictions_pass10.jsonl
artifact root: outputs\pass10_full\java\636767de1a6d9265ec018706

====================================================================================================
[266/460] full pass-k running
lang    : java
task_id : 636767dd1a6d9265ec0186e5
pass_k  : 10
====================================================================================================
[TASK 266/460] [PASS 1/10] generating...
[TASK 266/460] [PASS 2/10] generating...
[TASK 266/460] [PASS 3/10] generating...
[TASK 266/460] [PASS 4/10] generating...
[TASK 266/460] [PASS 5/10] generating...
[TASK 266/460] [PASS 6/10] generating...
[TASK 266/460] [PASS 7/10] generating...
[TASK 266/460] [PASS 8/10] generating...
[TASK 266/460] [PASS 9/10] generating...
[TASK 266/460] [PASS 10/10] generating...
[TASK RECORD]
single jsonl : outputs\pass10_full\java\636767dd1a6d9265ec0186e5_pass10.jsonl
python total : outputs\pass10_full\python_predictions_pass10.jsonl
java total   : outputs\pass10_full\java_predictions_pass10.jsonl
all total    : outputs\pass10_full\all_predictions_pass10.jsonl
artifact root: outputs\pass10_full\java\636767dd1a6d9265ec0186e5

====================================================================================================
[267/460] full pass-k running
lang    : java
task_id : 636767871a6d9265ec01846d
pass_k  : 10
====================================================================================================
[TASK 267/460] [PASS 1/10] generating...
[TASK 267/460] [PASS 2/10] generating...
[TASK 267/460] [PASS 3/10] generating...
[TASK 267/460] [PASS 4/10] generating...
[TASK 267/460] [PASS 5/10] generating...
[TASK 267/460] [PASS 6/10] generating...
[TASK 267/460] [PASS 7/10] generating...
[TASK 267/460] [PASS 8/10] generating...
[TASK 267/460] [PASS 9/10] generating...
[TASK 267/460] [PASS 10/10] generating...
[TASK RECORD]
single jsonl : outputs\pass10_full\java\636767871a6d9265ec01846d_pass10.jsonl
python total : outputs\pass10_full\python_predictions_pass10.jsonl
java total   : outputs\pass10_full\java_predictions_pass10.jsonl
all total    : outputs\pass10_full\all_predictions_pass10.jsonl
artifact root: outputs\pass10_full\java\636767871a6d9265ec01846d

====================================================================================================
[268/460] full pass-k running
lang    : java
task_id : 636766f81a6d9265ec01775b
pass_k  : 10
====================================================================================================
[TASK 268/460] [PASS 1/10] generating...
[TASK 268/460] [PASS 2/10] generating...
[TASK 268/460] [PASS 3/10] generating...
[TASK 268/460] [PASS 4/10] generating...
[TASK 268/460] [PASS 5/10] generating...
[TASK 268/460] [PASS 6/10] generating...
[TASK 268/460] [PASS 7/10] generating...
[TASK 268/460] [PASS 8/10] generating...
[TASK 268/460] [PASS 9/10] generating...
[TASK 268/460] [PASS 10/10] generating...
[TASK RECORD]
single jsonl : outputs\pass10_full\java\636766f81a6d9265ec01775b_pass10.jsonl
python total : outputs\pass10_full\python_predictions_pass10.jsonl
java total   : outputs\pass10_full\java_predictions_pass10.jsonl
all total    : outputs\pass10_full\all_predictions_pass10.jsonl
artifact root: outputs\pass10_full\java\636766f81a6d9265ec01775b

====================================================================================================
[269/460] full pass-k running
lang    : java
task_id : 636767a51a6d9265ec01859d
pass_k  : 10
====================================================================================================
[TASK 269/460] [PASS 1/10] generating...
[TASK 269/460] [PASS 2/10] generating...
[TASK 269/460] [PASS 3/10] generating...
[TASK 269/460] [PASS 4/10] generating...
[TASK 269/460] [PASS 5/10] generating...
[TASK 269/460] [PASS 6/10] generating...
[TASK 269/460] [PASS 7/10] generating...
[TASK 269/460] [PASS 8/10] generating...
[TASK 269/460] [PASS 9/10] generating...
[TASK 269/460] [PASS 10/10] generating...
[TASK RECORD]
single jsonl : outputs\pass10_full\java\636767a51a6d9265ec01859d_pass10.jsonl
python total : outputs\pass10_full\python_predictions_pass10.jsonl
java total   : outputs\pass10_full\java_predictions_pass10.jsonl
all total    : outputs\pass10_full\all_predictions_pass10.jsonl
artifact root: outputs\pass10_full\java\636767a51a6d9265ec01859d

====================================================================================================
[270/460] full pass-k running
lang    : java
task_id : 6367670b1a6d9265ec0179ff
pass_k  : 10
====================================================================================================
[TASK 270/460] [PASS 1/10] generating...
[TASK 270/460] [PASS 2/10] generating...
[TASK 270/460] [PASS 3/10] generating...
[TASK 270/460] [PASS 4/10] generating...
[TASK 270/460] [PASS 5/10] generating...
[TASK 270/460] [PASS 6/10] generating...
[TASK 270/460] [PASS 7/10] generating...
[TASK 270/460] [PASS 8/10] generating...
[TASK 270/460] [PASS 9/10] generating...
[TASK 270/460] [PASS 10/10] generating...
[TASK RECORD]
single jsonl : outputs\pass10_full\java\6367670b1a6d9265ec0179ff_pass10.jsonl
python total : outputs\pass10_full\python_predictions_pass10.jsonl
java total   : outputs\pass10_full\java_predictions_pass10.jsonl
all total    : outputs\pass10_full\all_predictions_pass10.jsonl
artifact root: outputs\pass10_full\java\6367670b1a6d9265ec0179ff

====================================================================================================
[271/460] full pass-k running
lang    : java
task_id : 6367677f1a6d9265ec018347
pass_k  : 10
====================================================================================================
[TASK 271/460] [PASS 1/10] generating...
[TASK 271/460] [PASS 2/10] generating...
[TASK 271/460] [PASS 3/10] generating...
[TASK 271/460] [PASS 4/10] generating...
[TASK 271/460] [PASS 5/10] generating...
[TASK 271/460] [PASS 6/10] generating...
[TASK 271/460] [PASS 7/10] generating...
[TASK 271/460] [PASS 8/10] generating...
[TASK 271/460] [PASS 9/10] generating...
[TASK 271/460] [PASS 10/10] generating...
[TASK RECORD]
single jsonl : outputs\pass10_full\java\6367677f1a6d9265ec018347_pass10.jsonl
python total : outputs\pass10_full\python_predictions_pass10.jsonl
java total   : outputs\pass10_full\java_predictions_pass10.jsonl
all total    : outputs\pass10_full\all_predictions_pass10.jsonl
artifact root: outputs\pass10_full\java\6367677f1a6d9265ec018347

====================================================================================================
[272/460] full pass-k running
lang    : java
task_id : 6367670a1a6d9265ec0179e8
pass_k  : 10
====================================================================================================
[TASK 272/460] [PASS 1/10] generating...
[TASK 272/460] [PASS 2/10] generating...
[TASK 272/460] [PASS 3/10] generating...
[TASK 272/460] [PASS 4/10] generating...
[TASK 272/460] [PASS 5/10] generating...
[TASK 272/460] [PASS 6/10] generating...
[TASK 272/460] [PASS 7/10] generating...
[TASK 272/460] [PASS 8/10] generating...
[TASK 272/460] [PASS 9/10] generating...
[TASK 272/460] [PASS 10/10] generating...
[TASK RECORD]
single jsonl : outputs\pass10_full\java\6367670a1a6d9265ec0179e8_pass10.jsonl
python total : outputs\pass10_full\python_predictions_pass10.jsonl
java total   : outputs\pass10_full\java_predictions_pass10.jsonl
all total    : outputs\pass10_full\all_predictions_pass10.jsonl
artifact root: outputs\pass10_full\java\6367670a1a6d9265ec0179e8

====================================================================================================
[273/460] full pass-k running
lang    : java
task_id : 6367677f1a6d9265ec01834b
pass_k  : 10
====================================================================================================
[TASK 273/460] [PASS 1/10] generating...
[TASK 273/460] [PASS 2/10] generating...
[TASK 273/460] [PASS 3/10] generating...
[TASK 273/460] [PASS 4/10] generating...
[TASK 273/460] [PASS 5/10] generating...
[TASK 273/460] [PASS 6/10] generating...
[TASK 273/460] [PASS 7/10] generating...
[TASK 273/460] [PASS 8/10] generating...
[TASK 273/460] [PASS 9/10] generating...
[TASK 273/460] [PASS 10/10] generating...
[TASK RECORD]
single jsonl : outputs\pass10_full\java\6367677f1a6d9265ec01834b_pass10.jsonl
python total : outputs\pass10_full\python_predictions_pass10.jsonl
java total   : outputs\pass10_full\java_predictions_pass10.jsonl
all total    : outputs\pass10_full\all_predictions_pass10.jsonl
artifact root: outputs\pass10_full\java\6367677f1a6d9265ec01834b

====================================================================================================
[274/460] full pass-k running
lang    : java
task_id : 636767df1a6d9265ec018744
pass_k  : 10
====================================================================================================
[TASK 274/460] [PASS 1/10] generating...
[TASK 274/460] [PASS 2/10] generating...
[TASK 274/460] [PASS 3/10] generating...
[TASK 274/460] [PASS 4/10] generating...
[TASK 274/460] [PASS 5/10] generating...
[TASK 274/460] [PASS 6/10] generating...
[TASK 274/460] [PASS 7/10] generating...
[TASK 274/460] [PASS 8/10] generating...
[TASK 274/460] [PASS 9/10] generating...
[TASK 274/460] [PASS 10/10] generating...
[TASK RECORD]
single jsonl : outputs\pass10_full\java\636767df1a6d9265ec018744_pass10.jsonl
python total : outputs\pass10_full\python_predictions_pass10.jsonl
java total   : outputs\pass10_full\java_predictions_pass10.jsonl
all total    : outputs\pass10_full\all_predictions_pass10.jsonl
artifact root: outputs\pass10_full\java\636767df1a6d9265ec018744

====================================================================================================
[275/460] full pass-k running
lang    : java
task_id : 636767031a6d9265ec0178e6
pass_k  : 10
====================================================================================================
[TASK 275/460] [PASS 1/10] generating...
[TASK 275/460] [PASS 2/10] generating...
[TASK 275/460] [PASS 3/10] generating...
[TASK 275/460] [PASS 4/10] generating...
[TASK 275/460] [PASS 5/10] generating...
[TASK 275/460] [PASS 6/10] generating...
[TASK 275/460] [PASS 7/10] generating...
[TASK 275/460] [PASS 8/10] generating...
[TASK 275/460] [PASS 9/10] generating...
[TASK 275/460] [PASS 10/10] generating...
[TASK RECORD]
single jsonl : outputs\pass10_full\java\636767031a6d9265ec0178e6_pass10.jsonl
python total : outputs\pass10_full\python_predictions_pass10.jsonl
java total   : outputs\pass10_full\java_predictions_pass10.jsonl
all total    : outputs\pass10_full\all_predictions_pass10.jsonl
artifact root: outputs\pass10_full\java\636767031a6d9265ec0178e6

====================================================================================================
[276/460] full pass-k running
lang    : java
task_id : 636767dc1a6d9265ec0186be
pass_k  : 10
====================================================================================================
[TASK 276/460] [PASS 1/10] generating...
[TASK 276/460] [PASS 2/10] generating...
[TASK 276/460] [PASS 3/10] generating...
[TASK 276/460] [PASS 4/10] generating...
[TASK 276/460] [PASS 5/10] generating...
[TASK 276/460] [PASS 6/10] generating...
[TASK 276/460] [PASS 7/10] generating...
[TASK 276/460] [PASS 8/10] generating...
[TASK 276/460] [PASS 9/10] generating...
[TASK 276/460] [PASS 10/10] generating...
[TASK RECORD]
single jsonl : outputs\pass10_full\java\636767dc1a6d9265ec0186be_pass10.jsonl
python total : outputs\pass10_full\python_predictions_pass10.jsonl
java total   : outputs\pass10_full\java_predictions_pass10.jsonl
all total    : outputs\pass10_full\all_predictions_pass10.jsonl
artifact root: outputs\pass10_full\java\636767dc1a6d9265ec0186be

====================================================================================================
[277/460] full pass-k running
lang    : java
task_id : 636767a41a6d9265ec01856c
pass_k  : 10
====================================================================================================
[TASK 277/460] [PASS 1/10] generating...
[TASK 277/460] [PASS 2/10] generating...
[TASK 277/460] [PASS 3/10] generating...
[TASK 277/460] [PASS 4/10] generating...
[TASK 277/460] [PASS 5/10] generating...
[TASK 277/460] [PASS 6/10] generating...
[TASK 277/460] [PASS 7/10] generating...
[TASK 277/460] [PASS 8/10] generating...
[TASK 277/460] [PASS 9/10] generating...
[TASK 277/460] [PASS 10/10] generating...
[TASK RECORD]
single jsonl : outputs\pass10_full\java\636767a41a6d9265ec01856c_pass10.jsonl
python total : outputs\pass10_full\python_predictions_pass10.jsonl
java total   : outputs\pass10_full\java_predictions_pass10.jsonl
all total    : outputs\pass10_full\all_predictions_pass10.jsonl
artifact root: outputs\pass10_full\java\636767a41a6d9265ec01856c

====================================================================================================
[278/460] full pass-k running
lang    : java
task_id : 636766f01a6d9265ec017639
pass_k  : 10
====================================================================================================
[TASK 278/460] [PASS 1/10] generating...
[TASK 278/460] [PASS 2/10] generating...
[TASK 278/460] [PASS 3/10] generating...
[TASK 278/460] [PASS 4/10] generating...
[TASK 278/460] [PASS 5/10] generating...
[TASK 278/460] [PASS 6/10] generating...
[TASK 278/460] [PASS 7/10] generating...
[TASK 278/460] [PASS 8/10] generating...
[TASK 278/460] [PASS 9/10] generating...
[TASK 278/460] [PASS 10/10] generating...
[TASK RECORD]
single jsonl : outputs\pass10_full\java\636766f01a6d9265ec017639_pass10.jsonl
python total : outputs\pass10_full\python_predictions_pass10.jsonl
java total   : outputs\pass10_full\java_predictions_pass10.jsonl
all total    : outputs\pass10_full\all_predictions_pass10.jsonl
artifact root: outputs\pass10_full\java\636766f01a6d9265ec017639

====================================================================================================
[279/460] full pass-k running
lang    : java
task_id : 6367672d1a6d9265ec017c74
pass_k  : 10
====================================================================================================
[TASK 279/460] [PASS 1/10] generating...
[TASK 279/460] [PASS 2/10] generating...
[TASK 279/460] [PASS 3/10] generating...
[TASK 279/460] [PASS 4/10] generating...
[TASK 279/460] [PASS 5/10] generating...
[TASK 279/460] [PASS 6/10] generating...
[TASK 279/460] [PASS 7/10] generating...
[TASK 279/460] [PASS 8/10] generating...
[TASK 279/460] [PASS 9/10] generating...
[TASK 279/460] [PASS 10/10] generating...
[TASK RECORD]
single jsonl : outputs\pass10_full\java\6367672d1a6d9265ec017c74_pass10.jsonl
python total : outputs\pass10_full\python_predictions_pass10.jsonl
java total   : outputs\pass10_full\java_predictions_pass10.jsonl
all total    : outputs\pass10_full\all_predictions_pass10.jsonl
artifact root: outputs\pass10_full\java\6367672d1a6d9265ec017c74

====================================================================================================
[280/460] full pass-k running
lang    : java
task_id : 6367676b1a6d9265ec0181df
pass_k  : 10
====================================================================================================
[TASK 280/460] [PASS 1/10] generating...
[TASK 280/460] [PASS 2/10] generating...
[TASK 280/460] [PASS 3/10] generating...
[TASK 280/460] [PASS 4/10] generating...
[TASK 280/460] [PASS 5/10] generating...
[TASK 280/460] [PASS 6/10] generating...
[TASK 280/460] [PASS 7/10] generating...
[TASK 280/460] [PASS 8/10] generating...
[TASK 280/460] [PASS 9/10] generating...
[TASK 280/460] [PASS 10/10] generating...
[TASK RECORD]
single jsonl : outputs\pass10_full\java\6367676b1a6d9265ec0181df_pass10.jsonl
python total : outputs\pass10_full\python_predictions_pass10.jsonl
java total   : outputs\pass10_full\java_predictions_pass10.jsonl
all total    : outputs\pass10_full\all_predictions_pass10.jsonl
artifact root: outputs\pass10_full\java\6367676b1a6d9265ec0181df

====================================================================================================
[281/460] full pass-k running
lang    : java
task_id : 6367674b1a6d9265ec017dc0
pass_k  : 10
====================================================================================================
[TASK 281/460] [PASS 1/10] generating...
[TASK 281/460] [PASS 2/10] generating...
[TASK 281/460] [PASS 3/10] generating...
[TASK 281/460] [PASS 4/10] generating...
[TASK 281/460] [PASS 5/10] generating...
[TASK 281/460] [PASS 6/10] generating...
[TASK 281/460] [PASS 7/10] generating...
[TASK 281/460] [PASS 8/10] generating...
[TASK 281/460] [PASS 9/10] generating...
[TASK 281/460] [PASS 10/10] generating...
[TASK RECORD]
single jsonl : outputs\pass10_full\java\6367674b1a6d9265ec017dc0_pass10.jsonl
python total : outputs\pass10_full\python_predictions_pass10.jsonl
java total   : outputs\pass10_full\java_predictions_pass10.jsonl
all total    : outputs\pass10_full\all_predictions_pass10.jsonl
artifact root: outputs\pass10_full\java\6367674b1a6d9265ec017dc0

====================================================================================================
[282/460] full pass-k running
lang    : java
task_id : 636767001a6d9265ec017873
pass_k  : 10
====================================================================================================
[TASK 282/460] [PASS 1/10] generating...
[TASK 282/460] [PASS 2/10] generating...
[TASK 282/460] [PASS 3/10] generating...
[TASK 282/460] [PASS 4/10] generating...
[TASK 282/460] [PASS 5/10] generating...
[TASK 282/460] [PASS 6/10] generating...
[TASK 282/460] [PASS 7/10] generating...
[TASK 282/460] [PASS 8/10] generating...
[TASK 282/460] [PASS 9/10] generating...
[TASK 282/460] [PASS 10/10] generating...
[TASK RECORD]
single jsonl : outputs\pass10_full\java\636767001a6d9265ec017873_pass10.jsonl
python total : outputs\pass10_full\python_predictions_pass10.jsonl
java total   : outputs\pass10_full\java_predictions_pass10.jsonl
all total    : outputs\pass10_full\all_predictions_pass10.jsonl
artifact root: outputs\pass10_full\java\636767001a6d9265ec017873

====================================================================================================
[283/460] full pass-k running
lang    : java
task_id : 636766ff1a6d9265ec01783b
pass_k  : 10
====================================================================================================
[TASK 283/460] [PASS 1/10] generating...
[TASK 283/460] [PASS 2/10] generating...
[TASK 283/460] [PASS 3/10] generating...
[TASK 283/460] [PASS 4/10] generating...
[TASK 283/460] [PASS 5/10] generating...
[TASK 283/460] [PASS 6/10] generating...
[TASK 283/460] [PASS 7/10] generating...
[TASK 283/460] [PASS 8/10] generating...
[TASK 283/460] [PASS 9/10] generating...
[TASK 283/460] [PASS 10/10] generating...
[TASK RECORD]
single jsonl : outputs\pass10_full\java\636766ff1a6d9265ec01783b_pass10.jsonl
python total : outputs\pass10_full\python_predictions_pass10.jsonl
java total   : outputs\pass10_full\java_predictions_pass10.jsonl
all total    : outputs\pass10_full\all_predictions_pass10.jsonl
artifact root: outputs\pass10_full\java\636766ff1a6d9265ec01783b

====================================================================================================
[284/460] full pass-k running
lang    : java
task_id : 6367671a1a6d9265ec017c15
pass_k  : 10
====================================================================================================
[TASK 284/460] [PASS 1/10] generating...
[TASK 284/460] [PASS 2/10] generating...
[TASK 284/460] [PASS 3/10] generating...
[TASK 284/460] [PASS 4/10] generating...
[TASK 284/460] [PASS 5/10] generating...
[TASK 284/460] [PASS 6/10] generating...
[TASK 284/460] [PASS 7/10] generating...
[TASK 284/460] [PASS 8/10] generating...
[TASK 284/460] [PASS 9/10] generating...
[TASK 284/460] [PASS 10/10] generating...
[TASK RECORD]
single jsonl : outputs\pass10_full\java\6367671a1a6d9265ec017c15_pass10.jsonl
python total : outputs\pass10_full\python_predictions_pass10.jsonl
java total   : outputs\pass10_full\java_predictions_pass10.jsonl
all total    : outputs\pass10_full\all_predictions_pass10.jsonl
artifact root: outputs\pass10_full\java\6367671a1a6d9265ec017c15

====================================================================================================
[285/460] full pass-k running
lang    : java
task_id : 636766821a6d9265ec0174d2
pass_k  : 10
====================================================================================================
[TASK 285/460] [PASS 1/10] generating...
[TASK 285/460] [PASS 2/10] generating...
[TASK 285/460] [PASS 3/10] generating...
[TASK 285/460] [PASS 4/10] generating...
[TASK 285/460] [PASS 5/10] generating...
[TASK 285/460] [PASS 6/10] generating...
[TASK 285/460] [PASS 7/10] generating...
[TASK 285/460] [PASS 8/10] generating...
[TASK 285/460] [PASS 9/10] generating...
[TASK 285/460] [PASS 10/10] generating...
[TASK RECORD]
single jsonl : outputs\pass10_full\java\636766821a6d9265ec0174d2_pass10.jsonl
python total : outputs\pass10_full\python_predictions_pass10.jsonl
java total   : outputs\pass10_full\java_predictions_pass10.jsonl
all total    : outputs\pass10_full\all_predictions_pass10.jsonl
artifact root: outputs\pass10_full\java\636766821a6d9265ec0174d2

====================================================================================================
[286/460] full pass-k running
lang    : java
task_id : 636767ab1a6d9265ec01867b
pass_k  : 10
====================================================================================================
[TASK 286/460] [PASS 1/10] generating...
[TASK 286/460] [PASS 2/10] generating...
[TASK 286/460] [PASS 3/10] generating...
[TASK 286/460] [PASS 4/10] generating...
[TASK 286/460] [PASS 5/10] generating...
[TASK 286/460] [PASS 6/10] generating...
[TASK 286/460] [PASS 7/10] generating...
[TASK 286/460] [PASS 8/10] generating...
[TASK 286/460] [PASS 9/10] generating...
[TASK 286/460] [PASS 10/10] generating...
[TASK RECORD]
single jsonl : outputs\pass10_full\java\636767ab1a6d9265ec01867b_pass10.jsonl
python total : outputs\pass10_full\python_predictions_pass10.jsonl
java total   : outputs\pass10_full\java_predictions_pass10.jsonl
all total    : outputs\pass10_full\all_predictions_pass10.jsonl
artifact root: outputs\pass10_full\java\636767ab1a6d9265ec01867b

====================================================================================================
[287/460] full pass-k running
lang    : java
task_id : 6367675c1a6d9265ec01805b
pass_k  : 10
====================================================================================================
[TASK 287/460] [PASS 1/10] generating...
[TASK 287/460] [PASS 2/10] generating...
[TASK 287/460] [PASS 3/10] generating...
[TASK 287/460] [PASS 4/10] generating...
[TASK 287/460] [PASS 5/10] generating...
[TASK 287/460] [PASS 6/10] generating...
[TASK 287/460] [PASS 7/10] generating...
[TASK 287/460] [PASS 8/10] generating...
[TASK 287/460] [PASS 9/10] generating...
[TASK 287/460] [PASS 10/10] generating...
[TASK RECORD]
single jsonl : outputs\pass10_full\java\6367675c1a6d9265ec01805b_pass10.jsonl
python total : outputs\pass10_full\python_predictions_pass10.jsonl
java total   : outputs\pass10_full\java_predictions_pass10.jsonl
all total    : outputs\pass10_full\all_predictions_pass10.jsonl
artifact root: outputs\pass10_full\java\6367675c1a6d9265ec01805b

====================================================================================================
[288/460] full pass-k running
lang    : java
task_id : 636767791a6d9265ec01826d
pass_k  : 10
====================================================================================================
[TASK 288/460] [PASS 1/10] generating...
[TASK 288/460] [PASS 2/10] generating...
[TASK 288/460] [PASS 3/10] generating...
[TASK 288/460] [PASS 4/10] generating...
[TASK 288/460] [PASS 5/10] generating...
[TASK 288/460] [PASS 6/10] generating...
[TASK 288/460] [PASS 7/10] generating...
[TASK 288/460] [PASS 8/10] generating...
[TASK 288/460] [PASS 9/10] generating...
[TASK 288/460] [PASS 10/10] generating...
[TASK RECORD]
single jsonl : outputs\pass10_full\java\636767791a6d9265ec01826d_pass10.jsonl
python total : outputs\pass10_full\python_predictions_pass10.jsonl
java total   : outputs\pass10_full\java_predictions_pass10.jsonl
all total    : outputs\pass10_full\all_predictions_pass10.jsonl
artifact root: outputs\pass10_full\java\636767791a6d9265ec01826d

====================================================================================================
[289/460] full pass-k running
lang    : java
task_id : 636767001a6d9265ec01787f
pass_k  : 10
====================================================================================================
[TASK 289/460] [PASS 1/10] generating...
[TASK 289/460] [PASS 2/10] generating...
[TASK 289/460] [PASS 3/10] generating...
[TASK 289/460] [PASS 4/10] generating...
[TASK 289/460] [PASS 5/10] generating...
[TASK 289/460] [PASS 6/10] generating...
[TASK 289/460] [PASS 7/10] generating...
[TASK 289/460] [PASS 8/10] generating...
[TASK 289/460] [PASS 9/10] generating...
[TASK 289/460] [PASS 10/10] generating...
[TASK RECORD]
single jsonl : outputs\pass10_full\java\636767001a6d9265ec01787f_pass10.jsonl
python total : outputs\pass10_full\python_predictions_pass10.jsonl
java total   : outputs\pass10_full\java_predictions_pass10.jsonl
all total    : outputs\pass10_full\all_predictions_pass10.jsonl
artifact root: outputs\pass10_full\java\636767001a6d9265ec01787f

====================================================================================================
[290/460] full pass-k running
lang    : java
task_id : 636766fe1a6d9265ec017834
pass_k  : 10
====================================================================================================
[TASK 290/460] [PASS 1/10] generating...
[TASK 290/460] [PASS 2/10] generating...
[TASK 290/460] [PASS 3/10] generating...
[TASK 290/460] [PASS 4/10] generating...
[TASK 290/460] [PASS 5/10] generating...
[TASK 290/460] [PASS 6/10] generating...
[TASK 290/460] [PASS 7/10] generating...
[TASK 290/460] [PASS 8/10] generating...
[TASK 290/460] [PASS 9/10] generating...
[TASK 290/460] [PASS 10/10] generating...
[TASK RECORD]
single jsonl : outputs\pass10_full\java\636766fe1a6d9265ec017834_pass10.jsonl
python total : outputs\pass10_full\python_predictions_pass10.jsonl
java total   : outputs\pass10_full\java_predictions_pass10.jsonl
all total    : outputs\pass10_full\all_predictions_pass10.jsonl
artifact root: outputs\pass10_full\java\636766fe1a6d9265ec017834

====================================================================================================
[291/460] full pass-k running
lang    : java
task_id : 636766ff1a6d9265ec01784b
pass_k  : 10
====================================================================================================
[TASK 291/460] [PASS 1/10] generating...
[TASK 291/460] [PASS 2/10] generating...
[TASK 291/460] [PASS 3/10] generating...
[TASK 291/460] [PASS 4/10] generating...
[TASK 291/460] [PASS 5/10] generating...
[TASK 291/460] [PASS 6/10] generating...
[TASK 291/460] [PASS 7/10] generating...
[TASK 291/460] [PASS 8/10] generating...
[TASK 291/460] [PASS 9/10] generating...
[TASK 291/460] [PASS 10/10] generating...
[TASK RECORD]
single jsonl : outputs\pass10_full\java\636766ff1a6d9265ec01784b_pass10.jsonl
python total : outputs\pass10_full\python_predictions_pass10.jsonl
java total   : outputs\pass10_full\java_predictions_pass10.jsonl
all total    : outputs\pass10_full\all_predictions_pass10.jsonl
artifact root: outputs\pass10_full\java\636766ff1a6d9265ec01784b

====================================================================================================
[292/460] full pass-k running
lang    : java
task_id : 636766fc1a6d9265ec0177da
pass_k  : 10
====================================================================================================
[TASK 292/460] [PASS 1/10] generating...
[TASK 292/460] [PASS 2/10] generating...
[TASK 292/460] [PASS 3/10] generating...
[TASK 292/460] [PASS 4/10] generating...
[TASK 292/460] [PASS 5/10] generating...
[TASK 292/460] [PASS 6/10] generating...
[TASK 292/460] [PASS 7/10] generating...
[TASK 292/460] [PASS 8/10] generating...
[TASK 292/460] [PASS 9/10] generating...
[TASK 292/460] [PASS 10/10] generating...
[TASK RECORD]
single jsonl : outputs\pass10_full\java\636766fc1a6d9265ec0177da_pass10.jsonl
python total : outputs\pass10_full\python_predictions_pass10.jsonl
java total   : outputs\pass10_full\java_predictions_pass10.jsonl
all total    : outputs\pass10_full\all_predictions_pass10.jsonl
artifact root: outputs\pass10_full\java\636766fc1a6d9265ec0177da

====================================================================================================
[293/460] full pass-k running
lang    : java
task_id : 6367670c1a6d9265ec017a35
pass_k  : 10
====================================================================================================
[TASK 293/460] [PASS 1/10] generating...
[TASK 293/460] [PASS 2/10] generating...
[TASK 293/460] [PASS 3/10] generating...
[TASK 293/460] [PASS 4/10] generating...
[TASK 293/460] [PASS 5/10] generating...
[TASK 293/460] [PASS 6/10] generating...
[TASK 293/460] [PASS 7/10] generating...
[TASK 293/460] [PASS 8/10] generating...
[TASK 293/460] [PASS 9/10] generating...
[TASK 293/460] [PASS 10/10] generating...
[TASK RECORD]
single jsonl : outputs\pass10_full\java\6367670c1a6d9265ec017a35_pass10.jsonl
python total : outputs\pass10_full\python_predictions_pass10.jsonl
java total   : outputs\pass10_full\java_predictions_pass10.jsonl
all total    : outputs\pass10_full\all_predictions_pass10.jsonl
artifact root: outputs\pass10_full\java\6367670c1a6d9265ec017a35

====================================================================================================
[294/460] full pass-k running
lang    : java
task_id : 6367667f1a6d9265ec01745d
pass_k  : 10
====================================================================================================
[TASK 294/460] [PASS 1/10] generating...
[TASK 294/460] [PASS 2/10] generating...
[TASK 294/460] [PASS 3/10] generating...
[TASK 294/460] [PASS 4/10] generating...
[TASK 294/460] [PASS 5/10] generating...
[TASK 294/460] [PASS 6/10] generating...
[TASK 294/460] [PASS 7/10] generating...
[TASK 294/460] [PASS 8/10] generating...
[TASK 294/460] [PASS 9/10] generating...
[TASK 294/460] [PASS 10/10] generating...
[TASK RECORD]
single jsonl : outputs\pass10_full\java\6367667f1a6d9265ec01745d_pass10.jsonl
python total : outputs\pass10_full\python_predictions_pass10.jsonl
java total   : outputs\pass10_full\java_predictions_pass10.jsonl
all total    : outputs\pass10_full\all_predictions_pass10.jsonl
artifact root: outputs\pass10_full\java\6367667f1a6d9265ec01745d

====================================================================================================
[295/460] full pass-k running
lang    : java
task_id : 636766f11a6d9265ec017651
pass_k  : 10
====================================================================================================
[TASK 295/460] [PASS 1/10] generating...
[TASK 295/460] [PASS 2/10] generating...
[TASK 295/460] [PASS 3/10] generating...
[TASK 295/460] [PASS 4/10] generating...
[TASK 295/460] [PASS 5/10] generating...
[TASK 295/460] [PASS 6/10] generating...
[TASK 295/460] [PASS 7/10] generating...
[TASK 295/460] [PASS 8/10] generating...
[TASK 295/460] [PASS 9/10] generating...
[TASK 295/460] [PASS 10/10] generating...
[TASK RECORD]
single jsonl : outputs\pass10_full\java\636766f11a6d9265ec017651_pass10.jsonl
python total : outputs\pass10_full\python_predictions_pass10.jsonl
java total   : outputs\pass10_full\java_predictions_pass10.jsonl
all total    : outputs\pass10_full\all_predictions_pass10.jsonl
artifact root: outputs\pass10_full\java\636766f11a6d9265ec017651

====================================================================================================
[296/460] full pass-k running
lang    : java
task_id : 636767821a6d9265ec0183ab
pass_k  : 10
====================================================================================================
[TASK 296/460] [PASS 1/10] generating...
[TASK 296/460] [PASS 2/10] generating...
[TASK 296/460] [PASS 3/10] generating...
[TASK 296/460] [PASS 4/10] generating...
[TASK 296/460] [PASS 5/10] generating...
[TASK 296/460] [PASS 6/10] generating...
[TASK 296/460] [PASS 7/10] generating...
[TASK 296/460] [PASS 8/10] generating...
[TASK 296/460] [PASS 9/10] generating...
[TASK 296/460] [PASS 10/10] generating...
[TASK RECORD]
single jsonl : outputs\pass10_full\java\636767821a6d9265ec0183ab_pass10.jsonl
python total : outputs\pass10_full\python_predictions_pass10.jsonl
java total   : outputs\pass10_full\java_predictions_pass10.jsonl
all total    : outputs\pass10_full\all_predictions_pass10.jsonl
artifact root: outputs\pass10_full\java\636767821a6d9265ec0183ab

====================================================================================================
[297/460] full pass-k running
lang    : java
task_id : 636767831a6d9265ec0183c9
pass_k  : 10
====================================================================================================
[TASK 297/460] [PASS 1/10] generating...
[TASK 297/460] [PASS 2/10] generating...
[TASK 297/460] [PASS 3/10] generating...
[TASK 297/460] [PASS 4/10] generating...
[TASK 297/460] [PASS 5/10] generating...
[TASK 297/460] [PASS 6/10] generating...
[TASK 297/460] [PASS 7/10] generating...
[TASK 297/460] [PASS 8/10] generating...
[TASK 297/460] [PASS 9/10] generating...
[TASK 297/460] [PASS 10/10] generating...
[TASK RECORD]
single jsonl : outputs\pass10_full\java\636767831a6d9265ec0183c9_pass10.jsonl
python total : outputs\pass10_full\python_predictions_pass10.jsonl
java total   : outputs\pass10_full\java_predictions_pass10.jsonl
all total    : outputs\pass10_full\all_predictions_pass10.jsonl
artifact root: outputs\pass10_full\java\636767831a6d9265ec0183c9

====================================================================================================
[298/460] full pass-k running
lang    : java
task_id : 636767de1a6d9265ec01871c
pass_k  : 10
====================================================================================================
[TASK 298/460] [PASS 1/10] generating...
[TASK 298/460] [PASS 2/10] generating...
[TASK 298/460] [PASS 3/10] generating...
[TASK 298/460] [PASS 4/10] generating...
[TASK 298/460] [PASS 5/10] generating...
[TASK 298/460] [PASS 6/10] generating...
[TASK 298/460] [PASS 7/10] generating...
[TASK 298/460] [PASS 8/10] generating...
[TASK 298/460] [PASS 9/10] generating...
[TASK 298/460] [PASS 10/10] generating...
[TASK RECORD]
single jsonl : outputs\pass10_full\java\636767de1a6d9265ec01871c_pass10.jsonl
python total : outputs\pass10_full\python_predictions_pass10.jsonl
java total   : outputs\pass10_full\java_predictions_pass10.jsonl
all total    : outputs\pass10_full\all_predictions_pass10.jsonl
artifact root: outputs\pass10_full\java\636767de1a6d9265ec01871c

====================================================================================================
[299/460] full pass-k running
lang    : java
task_id : 636766811a6d9265ec017496
pass_k  : 10
====================================================================================================
[TASK 299/460] [PASS 1/10] generating...
[TASK 299/460] [PASS 2/10] generating...
[TASK 299/460] [PASS 3/10] generating...
[TASK 299/460] [PASS 4/10] generating...
[TASK 299/460] [PASS 5/10] generating...
[TASK 299/460] [PASS 6/10] generating...
[TASK 299/460] [PASS 7/10] generating...
[TASK 299/460] [PASS 8/10] generating...
[TASK 299/460] [PASS 9/10] generating...
[TASK 299/460] [PASS 10/10] generating...
[TASK RECORD]
single jsonl : outputs\pass10_full\java\636766811a6d9265ec017496_pass10.jsonl
python total : outputs\pass10_full\python_predictions_pass10.jsonl
java total   : outputs\pass10_full\java_predictions_pass10.jsonl
all total    : outputs\pass10_full\all_predictions_pass10.jsonl
artifact root: outputs\pass10_full\java\636766811a6d9265ec017496

====================================================================================================
[300/460] full pass-k running
lang    : java
task_id : 6367677e1a6d9265ec01832e
pass_k  : 10
====================================================================================================
[TASK 300/460] [PASS 1/10] generating...
[TASK 300/460] [PASS 2/10] generating...
[TASK 300/460] [PASS 3/10] generating...
[TASK 300/460] [PASS 4/10] generating...
[TASK 300/460] [PASS 5/10] generating...
[TASK 300/460] [PASS 6/10] generating...
[TASK 300/460] [PASS 7/10] generating...
[TASK 300/460] [PASS 8/10] generating...
[TASK 300/460] [PASS 9/10] generating...
[TASK 300/460] [PASS 10/10] generating...
[TASK RECORD]
single jsonl : outputs\pass10_full\java\6367677e1a6d9265ec01832e_pass10.jsonl
python total : outputs\pass10_full\python_predictions_pass10.jsonl
java total   : outputs\pass10_full\java_predictions_pass10.jsonl
all total    : outputs\pass10_full\all_predictions_pass10.jsonl
artifact root: outputs\pass10_full\java\6367677e1a6d9265ec01832e

====================================================================================================
[301/460] full pass-k running
lang    : java
task_id : 6367670a1a6d9265ec0179e7
pass_k  : 10
====================================================================================================
[TASK 301/460] [PASS 1/10] generating...
[TASK 301/460] [PASS 2/10] generating...
[TASK 301/460] [PASS 3/10] generating...
[TASK 301/460] [PASS 4/10] generating...
[TASK 301/460] [PASS 5/10] generating...
[TASK 301/460] [PASS 6/10] generating...
[TASK 301/460] [PASS 7/10] generating...
[TASK 301/460] [PASS 8/10] generating...
[TASK 301/460] [PASS 9/10] generating...
[TASK 301/460] [PASS 10/10] generating...
[TASK RECORD]
single jsonl : outputs\pass10_full\java\6367670a1a6d9265ec0179e7_pass10.jsonl
python total : outputs\pass10_full\python_predictions_pass10.jsonl
java total   : outputs\pass10_full\java_predictions_pass10.jsonl
all total    : outputs\pass10_full\all_predictions_pass10.jsonl
artifact root: outputs\pass10_full\java\6367670a1a6d9265ec0179e7

====================================================================================================
[302/460] full pass-k running
lang    : java
task_id : 636767a41a6d9265ec018572
pass_k  : 10
====================================================================================================
[TASK 302/460] [PASS 1/10] generating...
[TASK 302/460] [PASS 2/10] generating...
[TASK 302/460] [PASS 3/10] generating...
[TASK 302/460] [PASS 4/10] generating...
[TASK 302/460] [PASS 5/10] generating...
[TASK 302/460] [PASS 6/10] generating...
[TASK 302/460] [PASS 7/10] generating...
[TASK 302/460] [PASS 8/10] generating...
[TASK 302/460] [PASS 9/10] generating...
[TASK 302/460] [PASS 10/10] generating...
[TASK RECORD]
single jsonl : outputs\pass10_full\java\636767a41a6d9265ec018572_pass10.jsonl
python total : outputs\pass10_full\python_predictions_pass10.jsonl
java total   : outputs\pass10_full\java_predictions_pass10.jsonl
all total    : outputs\pass10_full\all_predictions_pass10.jsonl
artifact root: outputs\pass10_full\java\636767a41a6d9265ec018572

====================================================================================================
[303/460] full pass-k running
lang    : java
task_id : 636767021a6d9265ec0178bb
pass_k  : 10
====================================================================================================
[TASK 303/460] [PASS 1/10] generating...
[TASK 303/460] [PASS 2/10] generating...
[TASK 303/460] [PASS 3/10] generating...
[TASK 303/460] [PASS 4/10] generating...
[TASK 303/460] [PASS 5/10] generating...
[TASK 303/460] [PASS 6/10] generating...
[TASK 303/460] [PASS 7/10] generating...
[TASK 303/460] [PASS 8/10] generating...
[TASK 303/460] [PASS 9/10] generating...
[TASK 303/460] [PASS 10/10] generating...
[TASK RECORD]
single jsonl : outputs\pass10_full\java\636767021a6d9265ec0178bb_pass10.jsonl
python total : outputs\pass10_full\python_predictions_pass10.jsonl
java total   : outputs\pass10_full\java_predictions_pass10.jsonl
all total    : outputs\pass10_full\all_predictions_pass10.jsonl
artifact root: outputs\pass10_full\java\636767021a6d9265ec0178bb

====================================================================================================
[304/460] full pass-k running
lang    : java
task_id : 636767021a6d9265ec0178b2
pass_k  : 10
====================================================================================================
[TASK 304/460] [PASS 1/10] generating...
[TASK 304/460] [PASS 2/10] generating...
[TASK 304/460] [PASS 3/10] generating...
[TASK 304/460] [PASS 4/10] generating...
[TASK 304/460] [PASS 5/10] generating...
[TASK 304/460] [PASS 6/10] generating...
[TASK 304/460] [PASS 7/10] generating...
[TASK 304/460] [PASS 8/10] generating...
[TASK 304/460] [PASS 9/10] generating...
[TASK 304/460] [PASS 10/10] generating...
[TASK RECORD]
single jsonl : outputs\pass10_full\java\636767021a6d9265ec0178b2_pass10.jsonl
python total : outputs\pass10_full\python_predictions_pass10.jsonl
java total   : outputs\pass10_full\java_predictions_pass10.jsonl
all total    : outputs\pass10_full\all_predictions_pass10.jsonl
artifact root: outputs\pass10_full\java\636767021a6d9265ec0178b2

====================================================================================================
[305/460] full pass-k running
lang    : java
task_id : 636766f91a6d9265ec01776e
pass_k  : 10
====================================================================================================
[TASK 305/460] [PASS 1/10] generating...
[TASK 305/460] [PASS 2/10] generating...
[TASK 305/460] [PASS 3/10] generating...
[TASK 305/460] [PASS 4/10] generating...
[TASK 305/460] [PASS 5/10] generating...
[TASK 305/460] [PASS 6/10] generating...
[TASK 305/460] [PASS 7/10] generating...
[TASK 305/460] [PASS 8/10] generating...
[TASK 305/460] [PASS 9/10] generating...
[TASK 305/460] [PASS 10/10] generating...
[TASK RECORD]
single jsonl : outputs\pass10_full\java\636766f91a6d9265ec01776e_pass10.jsonl
python total : outputs\pass10_full\python_predictions_pass10.jsonl
java total   : outputs\pass10_full\java_predictions_pass10.jsonl
all total    : outputs\pass10_full\all_predictions_pass10.jsonl
artifact root: outputs\pass10_full\java\636766f91a6d9265ec01776e

====================================================================================================
[306/460] full pass-k running
lang    : java
task_id : 636767551a6d9265ec017f3f
pass_k  : 10
====================================================================================================
[TASK 306/460] [PASS 1/10] generating...
[TASK 306/460] [PASS 2/10] generating...
[TASK 306/460] [PASS 3/10] generating...
[TASK 306/460] [PASS 4/10] generating...
[TASK 306/460] [PASS 5/10] generating...
[TASK 306/460] [PASS 6/10] generating...
[TASK 306/460] [PASS 7/10] generating...
[TASK 306/460] [PASS 8/10] generating...
[TASK 306/460] [PASS 9/10] generating...
[TASK 306/460] [PASS 10/10] generating...
[TASK RECORD]
single jsonl : outputs\pass10_full\java\636767551a6d9265ec017f3f_pass10.jsonl
python total : outputs\pass10_full\python_predictions_pass10.jsonl
java total   : outputs\pass10_full\java_predictions_pass10.jsonl
all total    : outputs\pass10_full\all_predictions_pass10.jsonl
artifact root: outputs\pass10_full\java\636767551a6d9265ec017f3f

====================================================================================================
[307/460] full pass-k running
lang    : java
task_id : 636766ae1a6d9265ec0175dc
pass_k  : 10
====================================================================================================
[TASK 307/460] [PASS 1/10] generating...
[TASK 307/460] [PASS 2/10] generating...
[TASK 307/460] [PASS 3/10] generating...
[TASK 307/460] [PASS 4/10] generating...
[TASK 307/460] [PASS 5/10] generating...
[TASK 307/460] [PASS 6/10] generating...
[TASK 307/460] [PASS 7/10] generating...
[TASK 307/460] [PASS 8/10] generating...
[TASK 307/460] [PASS 9/10] generating...
[TASK 307/460] [PASS 10/10] generating...
[TASK RECORD]
single jsonl : outputs\pass10_full\java\636766ae1a6d9265ec0175dc_pass10.jsonl
python total : outputs\pass10_full\python_predictions_pass10.jsonl
java total   : outputs\pass10_full\java_predictions_pass10.jsonl
all total    : outputs\pass10_full\all_predictions_pass10.jsonl
artifact root: outputs\pass10_full\java\636766ae1a6d9265ec0175dc

====================================================================================================
[308/460] full pass-k running
lang    : java
task_id : 636766f01a6d9265ec01762e
pass_k  : 10
====================================================================================================
[TASK 308/460] [PASS 1/10] generating...
[TASK 308/460] [PASS 2/10] generating...
[TASK 308/460] [PASS 3/10] generating...
[TASK 308/460] [PASS 4/10] generating...
[TASK 308/460] [PASS 5/10] generating...
[TASK 308/460] [PASS 6/10] generating...
[TASK 308/460] [PASS 7/10] generating...
[TASK 308/460] [PASS 8/10] generating...
[TASK 308/460] [PASS 9/10] generating...
[TASK 308/460] [PASS 10/10] generating...
[TASK RECORD]
single jsonl : outputs\pass10_full\java\636766f01a6d9265ec01762e_pass10.jsonl
python total : outputs\pass10_full\python_predictions_pass10.jsonl
java total   : outputs\pass10_full\java_predictions_pass10.jsonl
all total    : outputs\pass10_full\all_predictions_pass10.jsonl
artifact root: outputs\pass10_full\java\636766f01a6d9265ec01762e

====================================================================================================
[309/460] full pass-k running
lang    : java
task_id : 6367667e1a6d9265ec01743a
pass_k  : 10
====================================================================================================
[TASK 309/460] [PASS 1/10] generating...
[TASK 309/460] [PASS 2/10] generating...
[TASK 309/460] [PASS 3/10] generating...
[TASK 309/460] [PASS 4/10] generating...
[TASK 309/460] [PASS 5/10] generating...
[TASK 309/460] [PASS 6/10] generating...
[TASK 309/460] [PASS 7/10] generating...
[TASK 309/460] [PASS 8/10] generating...
[TASK 309/460] [PASS 9/10] generating...
[TASK 309/460] [PASS 10/10] generating...
[TASK RECORD]
single jsonl : outputs\pass10_full\java\6367667e1a6d9265ec01743a_pass10.jsonl
python total : outputs\pass10_full\python_predictions_pass10.jsonl
java total   : outputs\pass10_full\java_predictions_pass10.jsonl
all total    : outputs\pass10_full\all_predictions_pass10.jsonl
artifact root: outputs\pass10_full\java\6367667e1a6d9265ec01743a

====================================================================================================
[310/460] full pass-k running
lang    : java
task_id : 636767601a6d9265ec0180fd
pass_k  : 10
====================================================================================================
[TASK 310/460] [PASS 1/10] generating...
[TASK 310/460] [PASS 2/10] generating...
[TASK 310/460] [PASS 3/10] generating...
[TASK 310/460] [PASS 4/10] generating...
[TASK 310/460] [PASS 5/10] generating...
[TASK 310/460] [PASS 6/10] generating...
[TASK 310/460] [PASS 7/10] generating...
[TASK 310/460] [PASS 8/10] generating...
[TASK 310/460] [PASS 9/10] generating...
[TASK 310/460] [PASS 10/10] generating...
[TASK RECORD]
single jsonl : outputs\pass10_full\java\636767601a6d9265ec0180fd_pass10.jsonl
python total : outputs\pass10_full\python_predictions_pass10.jsonl
java total   : outputs\pass10_full\java_predictions_pass10.jsonl
all total    : outputs\pass10_full\all_predictions_pass10.jsonl
artifact root: outputs\pass10_full\java\636767601a6d9265ec0180fd

====================================================================================================
[311/460] full pass-k running
lang    : java
task_id : 636766821a6d9265ec0174c9
pass_k  : 10
====================================================================================================
[TASK 311/460] [PASS 1/10] generating...
[TASK 311/460] [PASS 2/10] generating...
[TASK 311/460] [PASS 3/10] generating...
[TASK 311/460] [PASS 4/10] generating...
[TASK 311/460] [PASS 5/10] generating...
[TASK 311/460] [PASS 6/10] generating...
[TASK 311/460] [PASS 7/10] generating...
[TASK 311/460] [PASS 8/10] generating...
[TASK 311/460] [PASS 9/10] generating...
[TASK 311/460] [PASS 10/10] generating...
[TASK RECORD]
single jsonl : outputs\pass10_full\java\636766821a6d9265ec0174c9_pass10.jsonl
python total : outputs\pass10_full\python_predictions_pass10.jsonl
java total   : outputs\pass10_full\java_predictions_pass10.jsonl
all total    : outputs\pass10_full\all_predictions_pass10.jsonl
artifact root: outputs\pass10_full\java\636766821a6d9265ec0174c9

====================================================================================================
[312/460] full pass-k running
lang    : java
task_id : 636767041a6d9265ec0178f8
pass_k  : 10
====================================================================================================
[TASK 312/460] [PASS 1/10] generating...
[TASK 312/460] [PASS 2/10] generating...
[TASK 312/460] [PASS 3/10] generating...
[TASK 312/460] [PASS 4/10] generating...
[TASK 312/460] [PASS 5/10] generating...
[TASK 312/460] [PASS 6/10] generating...
[TASK 312/460] [PASS 7/10] generating...
[TASK 312/460] [PASS 8/10] generating...
[TASK 312/460] [PASS 9/10] generating...
[TASK 312/460] [PASS 10/10] generating...
[TASK RECORD]
single jsonl : outputs\pass10_full\java\636767041a6d9265ec0178f8_pass10.jsonl
python total : outputs\pass10_full\python_predictions_pass10.jsonl
java total   : outputs\pass10_full\java_predictions_pass10.jsonl
all total    : outputs\pass10_full\all_predictions_pass10.jsonl
artifact root: outputs\pass10_full\java\636767041a6d9265ec0178f8

====================================================================================================
[313/460] full pass-k running
lang    : java
task_id : 636767521a6d9265ec017ecc
pass_k  : 10
====================================================================================================
[TASK 313/460] [PASS 1/10] generating...
[TASK 313/460] [PASS 2/10] generating...
[TASK 313/460] [PASS 3/10] generating...
[TASK 313/460] [PASS 4/10] generating...
[TASK 313/460] [PASS 5/10] generating...
[TASK 313/460] [PASS 6/10] generating...
[TASK 313/460] [PASS 7/10] generating...
[TASK 313/460] [PASS 8/10] generating...
[TASK 313/460] [PASS 9/10] generating...
[TASK 313/460] [PASS 10/10] generating...
[TASK RECORD]
single jsonl : outputs\pass10_full\java\636767521a6d9265ec017ecc_pass10.jsonl
python total : outputs\pass10_full\python_predictions_pass10.jsonl
java total   : outputs\pass10_full\java_predictions_pass10.jsonl
all total    : outputs\pass10_full\all_predictions_pass10.jsonl
artifact root: outputs\pass10_full\java\636767521a6d9265ec017ecc

====================================================================================================
[314/460] full pass-k running
lang    : java
task_id : 636766a91a6d9265ec0175c1
pass_k  : 10
====================================================================================================
[TASK 314/460] [PASS 1/10] generating...
[TASK 314/460] [PASS 2/10] generating...
[TASK 314/460] [PASS 3/10] generating...
[TASK 314/460] [PASS 4/10] generating...
[TASK 314/460] [PASS 5/10] generating...
[TASK 314/460] [PASS 6/10] generating...
[TASK 314/460] [PASS 7/10] generating...
[TASK 314/460] [PASS 8/10] generating...
[TASK 314/460] [PASS 9/10] generating...
[TASK 314/460] [PASS 10/10] generating...
[TASK RECORD]
single jsonl : outputs\pass10_full\java\636766a91a6d9265ec0175c1_pass10.jsonl
python total : outputs\pass10_full\python_predictions_pass10.jsonl
java total   : outputs\pass10_full\java_predictions_pass10.jsonl
all total    : outputs\pass10_full\all_predictions_pass10.jsonl
artifact root: outputs\pass10_full\java\636766a91a6d9265ec0175c1

====================================================================================================
[315/460] full pass-k running
lang    : java
task_id : 636767781a6d9265ec018238
pass_k  : 10
====================================================================================================
[TASK 315/460] [PASS 1/10] generating...
[TASK 315/460] [PASS 2/10] generating...
[TASK 315/460] [PASS 3/10] generating...
[TASK 315/460] [PASS 4/10] generating...
[TASK 315/460] [PASS 5/10] generating...
[TASK 315/460] [PASS 6/10] generating...
[TASK 315/460] [PASS 7/10] generating...
[TASK 315/460] [PASS 8/10] generating...
[TASK 315/460] [PASS 9/10] generating...
[TASK 315/460] [PASS 10/10] generating...
[TASK RECORD]
single jsonl : outputs\pass10_full\java\636767781a6d9265ec018238_pass10.jsonl
python total : outputs\pass10_full\python_predictions_pass10.jsonl
java total   : outputs\pass10_full\java_predictions_pass10.jsonl
all total    : outputs\pass10_full\all_predictions_pass10.jsonl
artifact root: outputs\pass10_full\java\636767781a6d9265ec018238

====================================================================================================
[316/460] full pass-k running
lang    : java
task_id : 6367674a1a6d9265ec017dab
pass_k  : 10
====================================================================================================
[TASK 316/460] [PASS 1/10] generating...
[TASK 316/460] [PASS 2/10] generating...
[TASK 316/460] [PASS 3/10] generating...
[TASK 316/460] [PASS 4/10] generating...
[TASK 316/460] [PASS 5/10] generating...
[TASK 316/460] [PASS 6/10] generating...
[TASK 316/460] [PASS 7/10] generating...
[TASK 316/460] [PASS 8/10] generating...
[TASK 316/460] [PASS 9/10] generating...
[TASK 316/460] [PASS 10/10] generating...
[TASK RECORD]
single jsonl : outputs\pass10_full\java\6367674a1a6d9265ec017dab_pass10.jsonl
python total : outputs\pass10_full\python_predictions_pass10.jsonl
java total   : outputs\pass10_full\java_predictions_pass10.jsonl
all total    : outputs\pass10_full\all_predictions_pass10.jsonl
artifact root: outputs\pass10_full\java\6367674a1a6d9265ec017dab

====================================================================================================
[317/460] full pass-k running
lang    : java
task_id : 6367672d1a6d9265ec017c78
pass_k  : 10
====================================================================================================
[TASK 317/460] [PASS 1/10] generating...
[TASK 317/460] [PASS 2/10] generating...
[TASK 317/460] [PASS 3/10] generating...
[TASK 317/460] [PASS 4/10] generating...
[TASK 317/460] [PASS 5/10] generating...
[TASK 317/460] [PASS 6/10] generating...
[TASK 317/460] [PASS 7/10] generating...
[TASK 317/460] [PASS 8/10] generating...
[TASK 317/460] [PASS 9/10] generating...
[TASK 317/460] [PASS 10/10] generating...
[TASK RECORD]
single jsonl : outputs\pass10_full\java\6367672d1a6d9265ec017c78_pass10.jsonl
python total : outputs\pass10_full\python_predictions_pass10.jsonl
java total   : outputs\pass10_full\java_predictions_pass10.jsonl
all total    : outputs\pass10_full\all_predictions_pass10.jsonl
artifact root: outputs\pass10_full\java\6367672d1a6d9265ec017c78

====================================================================================================
[318/460] full pass-k running
lang    : java
task_id : 636767dc1a6d9265ec0186c6
pass_k  : 10
====================================================================================================
[TASK 318/460] [PASS 1/10] generating...
[TASK 318/460] [PASS 2/10] generating...
[TASK 318/460] [PASS 3/10] generating...
[TASK 318/460] [PASS 4/10] generating...
[TASK 318/460] [PASS 5/10] generating...
[TASK 318/460] [PASS 6/10] generating...
[TASK 318/460] [PASS 7/10] generating...
[TASK 318/460] [PASS 8/10] generating...
[TASK 318/460] [PASS 9/10] generating...
[TASK 318/460] [PASS 10/10] generating...
[TASK RECORD]
single jsonl : outputs\pass10_full\java\636767dc1a6d9265ec0186c6_pass10.jsonl
python total : outputs\pass10_full\python_predictions_pass10.jsonl
java total   : outputs\pass10_full\java_predictions_pass10.jsonl
all total    : outputs\pass10_full\all_predictions_pass10.jsonl
artifact root: outputs\pass10_full\java\636767dc1a6d9265ec0186c6

====================================================================================================
[319/460] full pass-k running
lang    : java
task_id : 636766821a6d9265ec0174bf
pass_k  : 10
====================================================================================================
[TASK 319/460] [PASS 1/10] generating...
[TASK 319/460] [PASS 2/10] generating...
[TASK 319/460] [PASS 3/10] generating...
[TASK 319/460] [PASS 4/10] generating...
[TASK 319/460] [PASS 5/10] generating...
[TASK 319/460] [PASS 6/10] generating...
[TASK 319/460] [PASS 7/10] generating...
[TASK 319/460] [PASS 8/10] generating...
[TASK 319/460] [PASS 9/10] generating...
[TASK 319/460] [PASS 10/10] generating...
[TASK RECORD]
single jsonl : outputs\pass10_full\java\636766821a6d9265ec0174bf_pass10.jsonl
python total : outputs\pass10_full\python_predictions_pass10.jsonl
java total   : outputs\pass10_full\java_predictions_pass10.jsonl
all total    : outputs\pass10_full\all_predictions_pass10.jsonl
artifact root: outputs\pass10_full\java\636766821a6d9265ec0174bf

====================================================================================================
[320/460] full pass-k running
lang    : java
task_id : 636767aa1a6d9265ec01865a
pass_k  : 10
====================================================================================================
[TASK 320/460] [PASS 1/10] generating...
[TASK 320/460] [PASS 2/10] generating...
[TASK 320/460] [PASS 3/10] generating...
[TASK 320/460] [PASS 4/10] generating...
[TASK 320/460] [PASS 5/10] generating...
[TASK 320/460] [PASS 6/10] generating...
[TASK 320/460] [PASS 7/10] generating...
[TASK 320/460] [PASS 8/10] generating...
[TASK 320/460] [PASS 9/10] generating...
[TASK 320/460] [PASS 10/10] generating...
[TASK RECORD]
single jsonl : outputs\pass10_full\java\636767aa1a6d9265ec01865a_pass10.jsonl
python total : outputs\pass10_full\python_predictions_pass10.jsonl
java total   : outputs\pass10_full\java_predictions_pass10.jsonl
all total    : outputs\pass10_full\all_predictions_pass10.jsonl
artifact root: outputs\pass10_full\java\636767aa1a6d9265ec01865a

====================================================================================================
[321/460] full pass-k running
lang    : java
task_id : 636766f21a6d9265ec017677
pass_k  : 10
====================================================================================================
[TASK 321/460] [PASS 1/10] generating...
[TASK 321/460] [PASS 2/10] generating...
[TASK 321/460] [PASS 3/10] generating...
[TASK 321/460] [PASS 4/10] generating...
[TASK 321/460] [PASS 5/10] generating...
[TASK 321/460] [PASS 6/10] generating...
[TASK 321/460] [PASS 7/10] generating...
[TASK 321/460] [PASS 8/10] generating...
[TASK 321/460] [PASS 9/10] generating...
[TASK 321/460] [PASS 10/10] generating...
[TASK RECORD]
single jsonl : outputs\pass10_full\java\636766f21a6d9265ec017677_pass10.jsonl
python total : outputs\pass10_full\python_predictions_pass10.jsonl
java total   : outputs\pass10_full\java_predictions_pass10.jsonl
all total    : outputs\pass10_full\all_predictions_pass10.jsonl
artifact root: outputs\pass10_full\java\636766f21a6d9265ec017677

====================================================================================================
[322/460] full pass-k running
lang    : java
task_id : 6367674f1a6d9265ec017e74
pass_k  : 10
====================================================================================================
[TASK 322/460] [PASS 1/10] generating...
[TASK 322/460] [PASS 2/10] generating...
[TASK 322/460] [PASS 3/10] generating...
[TASK 322/460] [PASS 4/10] generating...
[TASK 322/460] [PASS 5/10] generating...
[TASK 322/460] [PASS 6/10] generating...
[TASK 322/460] [PASS 7/10] generating...
[TASK 322/460] [PASS 8/10] generating...
[TASK 322/460] [PASS 9/10] generating...
[TASK 322/460] [PASS 10/10] generating...
[TASK RECORD]
single jsonl : outputs\pass10_full\java\6367674f1a6d9265ec017e74_pass10.jsonl
python total : outputs\pass10_full\python_predictions_pass10.jsonl
java total   : outputs\pass10_full\java_predictions_pass10.jsonl
all total    : outputs\pass10_full\all_predictions_pass10.jsonl
artifact root: outputs\pass10_full\java\6367674f1a6d9265ec017e74

====================================================================================================
[323/460] full pass-k running
lang    : java
task_id : 6367675c1a6d9265ec018058
pass_k  : 10
====================================================================================================
[TASK 323/460] [PASS 1/10] generating...
[TASK 323/460] [PASS 2/10] generating...
[TASK 323/460] [PASS 3/10] generating...
[TASK 323/460] [PASS 4/10] generating...
[TASK 323/460] [PASS 5/10] generating...
[TASK 323/460] [PASS 6/10] generating...
[TASK 323/460] [PASS 7/10] generating...
[TASK 323/460] [PASS 8/10] generating...
[TASK 323/460] [PASS 9/10] generating...
[TASK 323/460] [PASS 10/10] generating...
[TASK RECORD]
single jsonl : outputs\pass10_full\java\6367675c1a6d9265ec018058_pass10.jsonl
python total : outputs\pass10_full\python_predictions_pass10.jsonl
java total   : outputs\pass10_full\java_predictions_pass10.jsonl
all total    : outputs\pass10_full\all_predictions_pass10.jsonl
artifact root: outputs\pass10_full\java\6367675c1a6d9265ec018058

====================================================================================================
[324/460] full pass-k running
lang    : java
task_id : 6367677b1a6d9265ec0182bd
pass_k  : 10
====================================================================================================
[TASK 324/460] [PASS 1/10] generating...
[TASK 324/460] [PASS 2/10] generating...
[TASK 324/460] [PASS 3/10] generating...
[TASK 324/460] [PASS 4/10] generating...
[TASK 324/460] [PASS 5/10] generating...
[TASK 324/460] [PASS 6/10] generating...
[TASK 324/460] [PASS 7/10] generating...
[TASK 324/460] [PASS 8/10] generating...
[TASK 324/460] [PASS 9/10] generating...
[TASK 324/460] [PASS 10/10] generating...
[TASK RECORD]
single jsonl : outputs\pass10_full\java\6367677b1a6d9265ec0182bd_pass10.jsonl
python total : outputs\pass10_full\python_predictions_pass10.jsonl
java total   : outputs\pass10_full\java_predictions_pass10.jsonl
all total    : outputs\pass10_full\all_predictions_pass10.jsonl
artifact root: outputs\pass10_full\java\6367677b1a6d9265ec0182bd

====================================================================================================
[325/460] full pass-k running
lang    : java
task_id : 636766ff1a6d9265ec017842
pass_k  : 10
====================================================================================================
[TASK 325/460] [PASS 1/10] generating...
[TASK 325/460] [PASS 2/10] generating...
[TASK 325/460] [PASS 3/10] generating...
[TASK 325/460] [PASS 4/10] generating...
[TASK 325/460] [PASS 5/10] generating...
[TASK 325/460] [PASS 6/10] generating...
[TASK 325/460] [PASS 7/10] generating...
[TASK 325/460] [PASS 8/10] generating...
[TASK 325/460] [PASS 9/10] generating...
[TASK 325/460] [PASS 10/10] generating...
[TASK RECORD]
single jsonl : outputs\pass10_full\java\636766ff1a6d9265ec017842_pass10.jsonl
python total : outputs\pass10_full\python_predictions_pass10.jsonl
java total   : outputs\pass10_full\java_predictions_pass10.jsonl
all total    : outputs\pass10_full\all_predictions_pass10.jsonl
artifact root: outputs\pass10_full\java\636766ff1a6d9265ec017842

====================================================================================================
[326/460] full pass-k running
lang    : java
task_id : 636766fa1a6d9265ec0177a9
pass_k  : 10
====================================================================================================
[TASK 326/460] [PASS 1/10] generating...
[TASK 326/460] [PASS 2/10] generating...
[TASK 326/460] [PASS 3/10] generating...
[TASK 326/460] [PASS 4/10] generating...
[TASK 326/460] [PASS 5/10] generating...
[TASK 326/460] [PASS 6/10] generating...
[TASK 326/460] [PASS 7/10] generating...
[TASK 326/460] [PASS 8/10] generating...
[TASK 326/460] [PASS 9/10] generating...
[TASK 326/460] [PASS 10/10] generating...
[TASK RECORD]
single jsonl : outputs\pass10_full\java\636766fa1a6d9265ec0177a9_pass10.jsonl
python total : outputs\pass10_full\python_predictions_pass10.jsonl
java total   : outputs\pass10_full\java_predictions_pass10.jsonl
all total    : outputs\pass10_full\all_predictions_pass10.jsonl
artifact root: outputs\pass10_full\java\636766fa1a6d9265ec0177a9

====================================================================================================
[327/460] full pass-k running
lang    : java
task_id : 6367670a1a6d9265ec0179dc
pass_k  : 10
====================================================================================================
[TASK 327/460] [PASS 1/10] generating...
[TASK 327/460] [PASS 2/10] generating...
[TASK 327/460] [PASS 3/10] generating...
[TASK 327/460] [PASS 4/10] generating...
[TASK 327/460] [PASS 5/10] generating...
[TASK 327/460] [PASS 6/10] generating...
[TASK 327/460] [PASS 7/10] generating...
[TASK 327/460] [PASS 8/10] generating...
[TASK 327/460] [PASS 9/10] generating...
[TASK 327/460] [PASS 10/10] generating...
[TASK RECORD]
single jsonl : outputs\pass10_full\java\6367670a1a6d9265ec0179dc_pass10.jsonl
python total : outputs\pass10_full\python_predictions_pass10.jsonl
java total   : outputs\pass10_full\java_predictions_pass10.jsonl
all total    : outputs\pass10_full\all_predictions_pass10.jsonl
artifact root: outputs\pass10_full\java\6367670a1a6d9265ec0179dc

====================================================================================================
[328/460] full pass-k running
lang    : java
task_id : 636766801a6d9265ec017482
pass_k  : 10
====================================================================================================
[TASK 328/460] [PASS 1/10] generating...
[TASK 328/460] [PASS 2/10] generating...
[TASK 328/460] [PASS 3/10] generating...
[TASK 328/460] [PASS 4/10] generating...
[TASK 328/460] [PASS 5/10] generating...
[TASK 328/460] [PASS 6/10] generating...
[TASK 328/460] [PASS 7/10] generating...
[TASK 328/460] [PASS 8/10] generating...
[TASK 328/460] [PASS 9/10] generating...
[TASK 328/460] [PASS 10/10] generating...
[TASK RECORD]
single jsonl : outputs\pass10_full\java\636766801a6d9265ec017482_pass10.jsonl
python total : outputs\pass10_full\python_predictions_pass10.jsonl
java total   : outputs\pass10_full\java_predictions_pass10.jsonl
all total    : outputs\pass10_full\all_predictions_pass10.jsonl
artifact root: outputs\pass10_full\java\636766801a6d9265ec017482

====================================================================================================
[329/460] full pass-k running
lang    : java
task_id : 6367670a1a6d9265ec0179d8
pass_k  : 10
====================================================================================================
[TASK 329/460] [PASS 1/10] generating...
[TASK 329/460] [PASS 2/10] generating...
[TASK 329/460] [PASS 3/10] generating...
[TASK 329/460] [PASS 4/10] generating...
[TASK 329/460] [PASS 5/10] generating...
[TASK 329/460] [PASS 6/10] generating...
[TASK 329/460] [PASS 7/10] generating...
[TASK 329/460] [PASS 8/10] generating...
[TASK 329/460] [PASS 9/10] generating...
[TASK 329/460] [PASS 10/10] generating...
[TASK RECORD]
single jsonl : outputs\pass10_full\java\6367670a1a6d9265ec0179d8_pass10.jsonl
python total : outputs\pass10_full\python_predictions_pass10.jsonl
java total   : outputs\pass10_full\java_predictions_pass10.jsonl
all total    : outputs\pass10_full\all_predictions_pass10.jsonl
artifact root: outputs\pass10_full\java\6367670a1a6d9265ec0179d8

====================================================================================================
[330/460] full pass-k running
lang    : java
task_id : 636766a81a6d9265ec01757b
pass_k  : 10
====================================================================================================
[TASK 330/460] [PASS 1/10] generating...
[TASK 330/460] [PASS 2/10] generating...
[TASK 330/460] [PASS 3/10] generating...
[TASK 330/460] [PASS 4/10] generating...
[TASK 330/460] [PASS 5/10] generating...
[TASK 330/460] [PASS 6/10] generating...
[TASK 330/460] [PASS 7/10] generating...
[TASK 330/460] [PASS 8/10] generating...
[TASK 330/460] [PASS 9/10] generating...
[TASK 330/460] [PASS 10/10] generating...
[TASK RECORD]
single jsonl : outputs\pass10_full\java\636766a81a6d9265ec01757b_pass10.jsonl
python total : outputs\pass10_full\python_predictions_pass10.jsonl
java total   : outputs\pass10_full\java_predictions_pass10.jsonl
all total    : outputs\pass10_full\all_predictions_pass10.jsonl
artifact root: outputs\pass10_full\java\636766a81a6d9265ec01757b

====================================================================================================
[331/460] full pass-k running
lang    : java
task_id : 636767021a6d9265ec0178bf
pass_k  : 10
====================================================================================================
[TASK 331/460] [PASS 1/10] generating...
[TASK 331/460] [PASS 2/10] generating...
[TASK 331/460] [PASS 3/10] generating...
[TASK 331/460] [PASS 4/10] generating...
[TASK 331/460] [PASS 5/10] generating...
[TASK 331/460] [PASS 6/10] generating...
[TASK 331/460] [PASS 7/10] generating...
[TASK 331/460] [PASS 8/10] generating...
[TASK 331/460] [PASS 9/10] generating...
[TASK 331/460] [PASS 10/10] generating...
[TASK RECORD]
single jsonl : outputs\pass10_full\java\636767021a6d9265ec0178bf_pass10.jsonl
python total : outputs\pass10_full\python_predictions_pass10.jsonl
java total   : outputs\pass10_full\java_predictions_pass10.jsonl
all total    : outputs\pass10_full\all_predictions_pass10.jsonl
artifact root: outputs\pass10_full\java\636767021a6d9265ec0178bf

====================================================================================================
[332/460] full pass-k running
lang    : java
task_id : 6367670b1a6d9265ec017a0f
pass_k  : 10
====================================================================================================
[TASK 332/460] [PASS 1/10] generating...
[TASK 332/460] [PASS 2/10] generating...
[TASK 332/460] [PASS 3/10] generating...
[TASK 332/460] [PASS 4/10] generating...
[TASK 332/460] [PASS 5/10] generating...
[TASK 332/460] [PASS 6/10] generating...
[TASK 332/460] [PASS 7/10] generating...
[TASK 332/460] [PASS 8/10] generating...
[TASK 332/460] [PASS 9/10] generating...
[TASK 332/460] [PASS 10/10] generating...
[TASK RECORD]
single jsonl : outputs\pass10_full\java\6367670b1a6d9265ec017a0f_pass10.jsonl
python total : outputs\pass10_full\python_predictions_pass10.jsonl
java total   : outputs\pass10_full\java_predictions_pass10.jsonl
all total    : outputs\pass10_full\all_predictions_pass10.jsonl
artifact root: outputs\pass10_full\java\6367670b1a6d9265ec017a0f

====================================================================================================
[333/460] full pass-k running
lang    : java
task_id : 636766a81a6d9265ec01758e
pass_k  : 10
====================================================================================================
[TASK 333/460] [PASS 1/10] generating...
[TASK 333/460] [PASS 2/10] generating...
[TASK 333/460] [PASS 3/10] generating...
[TASK 333/460] [PASS 4/10] generating...
[TASK 333/460] [PASS 5/10] generating...
[TASK 333/460] [PASS 6/10] generating...
[TASK 333/460] [PASS 7/10] generating...
[TASK 333/460] [PASS 8/10] generating...
[TASK 333/460] [PASS 9/10] generating...
[TASK 333/460] [PASS 10/10] generating...
[TASK RECORD]
single jsonl : outputs\pass10_full\java\636766a81a6d9265ec01758e_pass10.jsonl
python total : outputs\pass10_full\python_predictions_pass10.jsonl
java total   : outputs\pass10_full\java_predictions_pass10.jsonl
all total    : outputs\pass10_full\all_predictions_pass10.jsonl
artifact root: outputs\pass10_full\java\636766a81a6d9265ec01758e

====================================================================================================
[334/460] full pass-k running
lang    : java
task_id : 6367670a1a6d9265ec0179cf
pass_k  : 10
====================================================================================================
[TASK 334/460] [PASS 1/10] generating...
[TASK 334/460] [PASS 2/10] generating...
[TASK 334/460] [PASS 3/10] generating...
[TASK 334/460] [PASS 4/10] generating...
[TASK 334/460] [PASS 5/10] generating...
[TASK 334/460] [PASS 6/10] generating...
[TASK 334/460] [PASS 7/10] generating...
[TASK 334/460] [PASS 8/10] generating...
[TASK 334/460] [PASS 9/10] generating...
[TASK 334/460] [PASS 10/10] generating...
[TASK RECORD]
single jsonl : outputs\pass10_full\java\6367670a1a6d9265ec0179cf_pass10.jsonl
python total : outputs\pass10_full\python_predictions_pass10.jsonl
java total   : outputs\pass10_full\java_predictions_pass10.jsonl
all total    : outputs\pass10_full\all_predictions_pass10.jsonl
artifact root: outputs\pass10_full\java\6367670a1a6d9265ec0179cf

====================================================================================================
[335/460] full pass-k running
lang    : java
task_id : 6367676b1a6d9265ec0181e2
pass_k  : 10
====================================================================================================
[TASK 335/460] [PASS 1/10] generating...
[TASK 335/460] [PASS 2/10] generating...
[TASK 335/460] [PASS 3/10] generating...
[TASK 335/460] [PASS 4/10] generating...
[TASK 335/460] [PASS 5/10] generating...
[TASK 335/460] [PASS 6/10] generating...
[TASK 335/460] [PASS 7/10] generating...
[TASK 335/460] [PASS 8/10] generating...
[TASK 335/460] [PASS 9/10] generating...
[TASK 335/460] [PASS 10/10] generating...
[TASK RECORD]
single jsonl : outputs\pass10_full\java\6367676b1a6d9265ec0181e2_pass10.jsonl
python total : outputs\pass10_full\python_predictions_pass10.jsonl
java total   : outputs\pass10_full\java_predictions_pass10.jsonl
all total    : outputs\pass10_full\all_predictions_pass10.jsonl
artifact root: outputs\pass10_full\java\6367676b1a6d9265ec0181e2

====================================================================================================
[336/460] full pass-k running
lang    : java
task_id : 6367676b1a6d9265ec0181ee
pass_k  : 10
====================================================================================================
[TASK 336/460] [PASS 1/10] generating...
[TASK 336/460] [PASS 2/10] generating...
[TASK 336/460] [PASS 3/10] generating...
[TASK 336/460] [PASS 4/10] generating...
[TASK 336/460] [PASS 5/10] generating...
[TASK 336/460] [PASS 6/10] generating...
[TASK 336/460] [PASS 7/10] generating...
[TASK 336/460] [PASS 8/10] generating...
[TASK 336/460] [PASS 9/10] generating...
[TASK 336/460] [PASS 10/10] generating...
[TASK RECORD]
single jsonl : outputs\pass10_full\java\6367676b1a6d9265ec0181ee_pass10.jsonl
python total : outputs\pass10_full\python_predictions_pass10.jsonl
java total   : outputs\pass10_full\java_predictions_pass10.jsonl
all total    : outputs\pass10_full\all_predictions_pass10.jsonl
artifact root: outputs\pass10_full\java\6367676b1a6d9265ec0181ee

====================================================================================================
[337/460] full pass-k running
lang    : java
task_id : 636767dc1a6d9265ec0186cb
pass_k  : 10
====================================================================================================
[TASK 337/460] [PASS 1/10] generating...
[TASK 337/460] [PASS 2/10] generating...
[TASK 337/460] [PASS 3/10] generating...
[TASK 337/460] [PASS 4/10] generating...
[TASK 337/460] [PASS 5/10] generating...
[TASK 337/460] [PASS 6/10] generating...
[TASK 337/460] [PASS 7/10] generating...
[TASK 337/460] [PASS 8/10] generating...
[TASK 337/460] [PASS 9/10] generating...
[TASK 337/460] [PASS 10/10] generating...
[TASK RECORD]
single jsonl : outputs\pass10_full\java\636767dc1a6d9265ec0186cb_pass10.jsonl
python total : outputs\pass10_full\python_predictions_pass10.jsonl
java total   : outputs\pass10_full\java_predictions_pass10.jsonl
all total    : outputs\pass10_full\all_predictions_pass10.jsonl
artifact root: outputs\pass10_full\java\636767dc1a6d9265ec0186cb

====================================================================================================
[338/460] full pass-k running
lang    : java
task_id : 636767a31a6d9265ec018552
pass_k  : 10
====================================================================================================
[TASK 338/460] [PASS 1/10] generating...
[TASK 338/460] [PASS 2/10] generating...
[TASK 338/460] [PASS 3/10] generating...
[TASK 338/460] [PASS 4/10] generating...
[TASK 338/460] [PASS 5/10] generating...
[TASK 338/460] [PASS 6/10] generating...
[TASK 338/460] [PASS 7/10] generating...
[TASK 338/460] [PASS 8/10] generating...
[TASK 338/460] [PASS 9/10] generating...
[TASK 338/460] [PASS 10/10] generating...
[TASK RECORD]
single jsonl : outputs\pass10_full\java\636767a31a6d9265ec018552_pass10.jsonl
python total : outputs\pass10_full\python_predictions_pass10.jsonl
java total   : outputs\pass10_full\java_predictions_pass10.jsonl
all total    : outputs\pass10_full\all_predictions_pass10.jsonl
artifact root: outputs\pass10_full\java\636767a31a6d9265ec018552

====================================================================================================
[339/460] full pass-k running
lang    : java
task_id : 636767a61a6d9265ec0185b7
pass_k  : 10
====================================================================================================
[TASK 339/460] [PASS 1/10] generating...
[TASK 339/460] [PASS 2/10] generating...
[TASK 339/460] [PASS 3/10] generating...
[TASK 339/460] [PASS 4/10] generating...
[TASK 339/460] [PASS 5/10] generating...
[TASK 339/460] [PASS 6/10] generating...
[TASK 339/460] [PASS 7/10] generating...
[TASK 339/460] [PASS 8/10] generating...
[TASK 339/460] [PASS 9/10] generating...
[TASK 339/460] [PASS 10/10] generating...
[TASK RECORD]
single jsonl : outputs\pass10_full\java\636767a61a6d9265ec0185b7_pass10.jsonl
python total : outputs\pass10_full\python_predictions_pass10.jsonl
java total   : outputs\pass10_full\java_predictions_pass10.jsonl
all total    : outputs\pass10_full\all_predictions_pass10.jsonl
artifact root: outputs\pass10_full\java\636767a61a6d9265ec0185b7

====================================================================================================
[340/460] full pass-k running
lang    : java
task_id : 636767e01a6d9265ec018755
pass_k  : 10
====================================================================================================
[TASK 340/460] [PASS 1/10] generating...
[TASK 340/460] [PASS 2/10] generating...
[TASK 340/460] [PASS 3/10] generating...
[TASK 340/460] [PASS 4/10] generating...
[TASK 340/460] [PASS 5/10] generating...
[TASK 340/460] [PASS 6/10] generating...
[TASK 340/460] [PASS 7/10] generating...
[TASK 340/460] [PASS 8/10] generating...
[TASK 340/460] [PASS 9/10] generating...
[TASK 340/460] [PASS 10/10] generating...
[TASK RECORD]
single jsonl : outputs\pass10_full\java\636767e01a6d9265ec018755_pass10.jsonl
python total : outputs\pass10_full\python_predictions_pass10.jsonl
java total   : outputs\pass10_full\java_predictions_pass10.jsonl
all total    : outputs\pass10_full\all_predictions_pass10.jsonl
artifact root: outputs\pass10_full\java\636767e01a6d9265ec018755

====================================================================================================
[341/460] full pass-k running
lang    : java
task_id : 6367667f1a6d9265ec017458
pass_k  : 10
====================================================================================================
[TASK 341/460] [PASS 1/10] generating...
[TASK 341/460] [PASS 2/10] generating...
[TASK 341/460] [PASS 3/10] generating...
[TASK 341/460] [PASS 4/10] generating...
[TASK 341/460] [PASS 5/10] generating...
[TASK 341/460] [PASS 6/10] generating...
[TASK 341/460] [PASS 7/10] generating...
[TASK 341/460] [PASS 8/10] generating...
[TASK 341/460] [PASS 9/10] generating...
[TASK 341/460] [PASS 10/10] generating...
[TASK RECORD]
single jsonl : outputs\pass10_full\java\6367667f1a6d9265ec017458_pass10.jsonl
python total : outputs\pass10_full\python_predictions_pass10.jsonl
java total   : outputs\pass10_full\java_predictions_pass10.jsonl
all total    : outputs\pass10_full\all_predictions_pass10.jsonl
artifact root: outputs\pass10_full\java\6367667f1a6d9265ec017458

====================================================================================================
[342/460] full pass-k running
lang    : java
task_id : 636767a21a6d9265ec018517
pass_k  : 10
====================================================================================================
[TASK 342/460] [PASS 1/10] generating...
[TASK 342/460] [PASS 2/10] generating...
[TASK 342/460] [PASS 3/10] generating...
[TASK 342/460] [PASS 4/10] generating...
[TASK 342/460] [PASS 5/10] generating...
[TASK 342/460] [PASS 6/10] generating...
[TASK 342/460] [PASS 7/10] generating...
[TASK 342/460] [PASS 8/10] generating...
[TASK 342/460] [PASS 9/10] generating...
[TASK 342/460] [PASS 10/10] generating...
[TASK RECORD]
single jsonl : outputs\pass10_full\java\636767a21a6d9265ec018517_pass10.jsonl
python total : outputs\pass10_full\python_predictions_pass10.jsonl
java total   : outputs\pass10_full\java_predictions_pass10.jsonl
all total    : outputs\pass10_full\all_predictions_pass10.jsonl
artifact root: outputs\pass10_full\java\636767a21a6d9265ec018517

====================================================================================================
[343/460] full pass-k running
lang    : java
task_id : 6367667d1a6d9265ec017401
pass_k  : 10
====================================================================================================
[TASK 343/460] [PASS 1/10] generating...
[TASK 343/460] [PASS 2/10] generating...
[TASK 343/460] [PASS 3/10] generating...
[TASK 343/460] [PASS 4/10] generating...
[TASK 343/460] [PASS 5/10] generating...
[TASK 343/460] [PASS 6/10] generating...
[TASK 343/460] [PASS 7/10] generating...
[TASK 343/460] [PASS 8/10] generating...
[TASK 343/460] [PASS 9/10] generating...
[TASK 343/460] [PASS 10/10] generating...
[TASK RECORD]
single jsonl : outputs\pass10_full\java\6367667d1a6d9265ec017401_pass10.jsonl
python total : outputs\pass10_full\python_predictions_pass10.jsonl
java total   : outputs\pass10_full\java_predictions_pass10.jsonl
all total    : outputs\pass10_full\all_predictions_pass10.jsonl
artifact root: outputs\pass10_full\java\6367667d1a6d9265ec017401

====================================================================================================
[344/460] full pass-k running
lang    : java
task_id : 636766f01a6d9265ec01763e
pass_k  : 10
====================================================================================================
[TASK 344/460] [PASS 1/10] generating...
[TASK 344/460] [PASS 2/10] generating...
[TASK 344/460] [PASS 3/10] generating...
[TASK 344/460] [PASS 4/10] generating...
[TASK 344/460] [PASS 5/10] generating...
[TASK 344/460] [PASS 6/10] generating...
[TASK 344/460] [PASS 7/10] generating...
[TASK 344/460] [PASS 8/10] generating...
[TASK 344/460] [PASS 9/10] generating...
[TASK 344/460] [PASS 10/10] generating...
[TASK RECORD]
single jsonl : outputs\pass10_full\java\636766f01a6d9265ec01763e_pass10.jsonl
python total : outputs\pass10_full\python_predictions_pass10.jsonl
java total   : outputs\pass10_full\java_predictions_pass10.jsonl
all total    : outputs\pass10_full\all_predictions_pass10.jsonl
artifact root: outputs\pass10_full\java\636766f01a6d9265ec01763e

====================================================================================================
[345/460] full pass-k running
lang    : java
task_id : 6367676a1a6d9265ec0181bf
pass_k  : 10
====================================================================================================
[TASK 345/460] [PASS 1/10] generating...
[TASK 345/460] [PASS 2/10] generating...
[TASK 345/460] [PASS 3/10] generating...
[TASK 345/460] [PASS 4/10] generating...
[TASK 345/460] [PASS 5/10] generating...
[TASK 345/460] [PASS 6/10] generating...
[TASK 345/460] [PASS 7/10] generating...
[TASK 345/460] [PASS 8/10] generating...
[TASK 345/460] [PASS 9/10] generating...
[TASK 345/460] [PASS 10/10] generating...
[TASK RECORD]
single jsonl : outputs\pass10_full\java\6367676a1a6d9265ec0181bf_pass10.jsonl
python total : outputs\pass10_full\python_predictions_pass10.jsonl
java total   : outputs\pass10_full\java_predictions_pass10.jsonl
all total    : outputs\pass10_full\all_predictions_pass10.jsonl
artifact root: outputs\pass10_full\java\6367676a1a6d9265ec0181bf

====================================================================================================
[346/460] full pass-k running
lang    : java
task_id : 636767501a6d9265ec017e86
pass_k  : 10
====================================================================================================
[TASK 346/460] [PASS 1/10] generating...
[TASK 346/460] [PASS 2/10] generating...
[TASK 346/460] [PASS 3/10] generating...
[TASK 346/460] [PASS 4/10] generating...
[TASK 346/460] [PASS 5/10] generating...
[TASK 346/460] [PASS 6/10] generating...
[TASK 346/460] [PASS 7/10] generating...
[TASK 346/460] [PASS 8/10] generating...
[TASK 346/460] [PASS 9/10] generating...
[TASK 346/460] [PASS 10/10] generating...
[TASK RECORD]
single jsonl : outputs\pass10_full\java\636767501a6d9265ec017e86_pass10.jsonl
python total : outputs\pass10_full\python_predictions_pass10.jsonl
java total   : outputs\pass10_full\java_predictions_pass10.jsonl
all total    : outputs\pass10_full\all_predictions_pass10.jsonl
artifact root: outputs\pass10_full\java\636767501a6d9265ec017e86

====================================================================================================
[347/460] full pass-k running
lang    : java
task_id : 636766f21a6d9265ec017667
pass_k  : 10
====================================================================================================
[TASK 347/460] [PASS 1/10] generating...
[TASK 347/460] [PASS 2/10] generating...
[TASK 347/460] [PASS 3/10] generating...
[TASK 347/460] [PASS 4/10] generating...
[TASK 347/460] [PASS 5/10] generating...
[TASK 347/460] [PASS 6/10] generating...
[TASK 347/460] [PASS 7/10] generating...
[TASK 347/460] [PASS 8/10] generating...
[TASK 347/460] [PASS 9/10] generating...
[TASK 347/460] [PASS 10/10] generating...
[TASK RECORD]
single jsonl : outputs\pass10_full\java\636766f21a6d9265ec017667_pass10.jsonl
python total : outputs\pass10_full\python_predictions_pass10.jsonl
java total   : outputs\pass10_full\java_predictions_pass10.jsonl
all total    : outputs\pass10_full\all_predictions_pass10.jsonl
artifact root: outputs\pass10_full\java\636766f21a6d9265ec017667

====================================================================================================
[348/460] full pass-k running
lang    : java
task_id : 636767031a6d9265ec0178ef
pass_k  : 10
====================================================================================================
[TASK 348/460] [PASS 1/10] generating...
[TASK 348/460] [PASS 2/10] generating...
[TASK 348/460] [PASS 3/10] generating...
[TASK 348/460] [PASS 4/10] generating...
[TASK 348/460] [PASS 5/10] generating...
[TASK 348/460] [PASS 6/10] generating...
[TASK 348/460] [PASS 7/10] generating...
[TASK 348/460] [PASS 8/10] generating...
[TASK 348/460] [PASS 9/10] generating...
[TASK 348/460] [PASS 10/10] generating...
[TASK RECORD]
single jsonl : outputs\pass10_full\java\636767031a6d9265ec0178ef_pass10.jsonl
python total : outputs\pass10_full\python_predictions_pass10.jsonl
java total   : outputs\pass10_full\java_predictions_pass10.jsonl
all total    : outputs\pass10_full\all_predictions_pass10.jsonl
artifact root: outputs\pass10_full\java\636767031a6d9265ec0178ef

====================================================================================================
[349/460] full pass-k running
lang    : java
task_id : 636767431a6d9265ec017c8d
pass_k  : 10
====================================================================================================
[TASK 349/460] [PASS 1/10] generating...
[TASK 349/460] [PASS 2/10] generating...
[TASK 349/460] [PASS 3/10] generating...
[TASK 349/460] [PASS 4/10] generating...
[TASK 349/460] [PASS 5/10] generating...
[TASK 349/460] [PASS 6/10] generating...
[TASK 349/460] [PASS 7/10] generating...
[TASK 349/460] [PASS 8/10] generating...
[TASK 349/460] [PASS 9/10] generating...
[TASK 349/460] [PASS 10/10] generating...
[TASK RECORD]
single jsonl : outputs\pass10_full\java\636767431a6d9265ec017c8d_pass10.jsonl
python total : outputs\pass10_full\python_predictions_pass10.jsonl
java total   : outputs\pass10_full\java_predictions_pass10.jsonl
all total    : outputs\pass10_full\all_predictions_pass10.jsonl
artifact root: outputs\pass10_full\java\636767431a6d9265ec017c8d

====================================================================================================
[350/460] full pass-k running
lang    : java
task_id : 636767611a6d9265ec018116
pass_k  : 10
====================================================================================================
[TASK 350/460] [PASS 1/10] generating...
[TASK 350/460] [PASS 2/10] generating...
[TASK 350/460] [PASS 3/10] generating...
[TASK 350/460] [PASS 4/10] generating...
[TASK 350/460] [PASS 5/10] generating...
[TASK 350/460] [PASS 6/10] generating...
[TASK 350/460] [PASS 7/10] generating...
[TASK 350/460] [PASS 8/10] generating...
[TASK 350/460] [PASS 9/10] generating...
[TASK 350/460] [PASS 10/10] generating...
[TASK RECORD]
single jsonl : outputs\pass10_full\java\636767611a6d9265ec018116_pass10.jsonl
python total : outputs\pass10_full\python_predictions_pass10.jsonl
java total   : outputs\pass10_full\java_predictions_pass10.jsonl
all total    : outputs\pass10_full\all_predictions_pass10.jsonl
artifact root: outputs\pass10_full\java\636767611a6d9265ec018116

====================================================================================================
[351/460] full pass-k running
lang    : java
task_id : 636766f71a6d9265ec017730
pass_k  : 10
====================================================================================================
[TASK 351/460] [PASS 1/10] generating...
[TASK 351/460] [PASS 2/10] generating...
[TASK 351/460] [PASS 3/10] generating...
[TASK 351/460] [PASS 4/10] generating...
[TASK 351/460] [PASS 5/10] generating...
[TASK 351/460] [PASS 6/10] generating...
[TASK 351/460] [PASS 7/10] generating...
[TASK 351/460] [PASS 8/10] generating...
[TASK 351/460] [PASS 9/10] generating...
[TASK 351/460] [PASS 10/10] generating...
[TASK RECORD]
single jsonl : outputs\pass10_full\java\636766f71a6d9265ec017730_pass10.jsonl
python total : outputs\pass10_full\python_predictions_pass10.jsonl
java total   : outputs\pass10_full\java_predictions_pass10.jsonl
all total    : outputs\pass10_full\all_predictions_pass10.jsonl
artifact root: outputs\pass10_full\java\636766f71a6d9265ec017730

====================================================================================================
[352/460] full pass-k running
lang    : java
task_id : 636767081a6d9265ec0179a2
pass_k  : 10
====================================================================================================
[TASK 352/460] [PASS 1/10] generating...
[TASK 352/460] [PASS 2/10] generating...
[TASK 352/460] [PASS 3/10] generating...
[TASK 352/460] [PASS 4/10] generating...
[TASK 352/460] [PASS 5/10] generating...
[TASK 352/460] [PASS 6/10] generating...
[TASK 352/460] [PASS 7/10] generating...
[TASK 352/460] [PASS 8/10] generating...
[TASK 352/460] [PASS 9/10] generating...
[TASK 352/460] [PASS 10/10] generating...
[TASK RECORD]
single jsonl : outputs\pass10_full\java\636767081a6d9265ec0179a2_pass10.jsonl
python total : outputs\pass10_full\python_predictions_pass10.jsonl
java total   : outputs\pass10_full\java_predictions_pass10.jsonl
all total    : outputs\pass10_full\all_predictions_pass10.jsonl
artifact root: outputs\pass10_full\java\636767081a6d9265ec0179a2

====================================================================================================
[353/460] full pass-k running
lang    : java
task_id : 636766821a6d9265ec0174b3
pass_k  : 10
====================================================================================================
[TASK 353/460] [PASS 1/10] generating...
[TASK 353/460] [PASS 2/10] generating...
[TASK 353/460] [PASS 3/10] generating...
[TASK 353/460] [PASS 4/10] generating...
[TASK 353/460] [PASS 5/10] generating...
[TASK 353/460] [PASS 6/10] generating...
[TASK 353/460] [PASS 7/10] generating...
[TASK 353/460] [PASS 8/10] generating...
[TASK 353/460] [PASS 9/10] generating...
[TASK 353/460] [PASS 10/10] generating...
[TASK RECORD]
single jsonl : outputs\pass10_full\java\636766821a6d9265ec0174b3_pass10.jsonl
python total : outputs\pass10_full\python_predictions_pass10.jsonl
java total   : outputs\pass10_full\java_predictions_pass10.jsonl
all total    : outputs\pass10_full\all_predictions_pass10.jsonl
artifact root: outputs\pass10_full\java\636766821a6d9265ec0174b3

====================================================================================================
[354/460] full pass-k running
lang    : java
task_id : 636767e01a6d9265ec018764
pass_k  : 10
====================================================================================================
[TASK 354/460] [PASS 1/10] generating...
[TASK 354/460] [PASS 2/10] generating...
[TASK 354/460] [PASS 3/10] generating...
[TASK 354/460] [PASS 4/10] generating...
[TASK 354/460] [PASS 5/10] generating...
[TASK 354/460] [PASS 6/10] generating...
[TASK 354/460] [PASS 7/10] generating...
[TASK 354/460] [PASS 8/10] generating...
[TASK 354/460] [PASS 9/10] generating...
[TASK 354/460] [PASS 10/10] generating...
[TASK RECORD]
single jsonl : outputs\pass10_full\java\636767e01a6d9265ec018764_pass10.jsonl
python total : outputs\pass10_full\python_predictions_pass10.jsonl
java total   : outputs\pass10_full\java_predictions_pass10.jsonl
all total    : outputs\pass10_full\all_predictions_pass10.jsonl
artifact root: outputs\pass10_full\java\636767e01a6d9265ec018764

====================================================================================================
[355/460] full pass-k running
lang    : java
task_id : 6367677e1a6d9265ec018314
pass_k  : 10
====================================================================================================
[TASK 355/460] [PASS 1/10] generating...
[TASK 355/460] [PASS 2/10] generating...
[TASK 355/460] [PASS 3/10] generating...
[TASK 355/460] [PASS 4/10] generating...
[TASK 355/460] [PASS 5/10] generating...
[TASK 355/460] [PASS 6/10] generating...
[TASK 355/460] [PASS 7/10] generating...
[TASK 355/460] [PASS 8/10] generating...
[TASK 355/460] [PASS 9/10] generating...
[TASK 355/460] [PASS 10/10] generating...
[TASK RECORD]
single jsonl : outputs\pass10_full\java\6367677e1a6d9265ec018314_pass10.jsonl
python total : outputs\pass10_full\python_predictions_pass10.jsonl
java total   : outputs\pass10_full\java_predictions_pass10.jsonl
all total    : outputs\pass10_full\all_predictions_pass10.jsonl
artifact root: outputs\pass10_full\java\6367677e1a6d9265ec018314

====================================================================================================
[356/460] full pass-k running
lang    : java
task_id : 636766ff1a6d9265ec017853
pass_k  : 10
====================================================================================================
[TASK 356/460] [PASS 1/10] generating...
[TASK 356/460] [PASS 2/10] generating...
[TASK 356/460] [PASS 3/10] generating...
[TASK 356/460] [PASS 4/10] generating...
[TASK 356/460] [PASS 5/10] generating...
[TASK 356/460] [PASS 6/10] generating...
[TASK 356/460] [PASS 7/10] generating...
[TASK 356/460] [PASS 8/10] generating...
[TASK 356/460] [PASS 9/10] generating...
[TASK 356/460] [PASS 10/10] generating...
[TASK RECORD]
single jsonl : outputs\pass10_full\java\636766ff1a6d9265ec017853_pass10.jsonl
python total : outputs\pass10_full\python_predictions_pass10.jsonl
java total   : outputs\pass10_full\java_predictions_pass10.jsonl
all total    : outputs\pass10_full\all_predictions_pass10.jsonl
artifact root: outputs\pass10_full\java\636766ff1a6d9265ec017853

====================================================================================================
[357/460] full pass-k running
lang    : java
task_id : 6367677d1a6d9265ec0182fd
pass_k  : 10
====================================================================================================
[TASK 357/460] [PASS 1/10] generating...
[TASK 357/460] [PASS 2/10] generating...
[TASK 357/460] [PASS 3/10] generating...
[TASK 357/460] [PASS 4/10] generating...
[TASK 357/460] [PASS 5/10] generating...
[TASK 357/460] [PASS 6/10] generating...
[TASK 357/460] [PASS 7/10] generating...
[TASK 357/460] [PASS 8/10] generating...
[TASK 357/460] [PASS 9/10] generating...
[TASK 357/460] [PASS 10/10] generating...
[TASK RECORD]
single jsonl : outputs\pass10_full\java\6367677d1a6d9265ec0182fd_pass10.jsonl
python total : outputs\pass10_full\python_predictions_pass10.jsonl
java total   : outputs\pass10_full\java_predictions_pass10.jsonl
all total    : outputs\pass10_full\all_predictions_pass10.jsonl
artifact root: outputs\pass10_full\java\6367677d1a6d9265ec0182fd

====================================================================================================
[358/460] full pass-k running
lang    : java
task_id : 6367676a1a6d9265ec0181cd
pass_k  : 10
====================================================================================================
[TASK 358/460] [PASS 1/10] generating...
[TASK 358/460] [PASS 2/10] generating...
[TASK 358/460] [PASS 3/10] generating...
[TASK 358/460] [PASS 4/10] generating...
[TASK 358/460] [PASS 5/10] generating...
[TASK 358/460] [PASS 6/10] generating...
[TASK 358/460] [PASS 7/10] generating...
[TASK 358/460] [PASS 8/10] generating...
[TASK 358/460] [PASS 9/10] generating...
[TASK 358/460] [PASS 10/10] generating...
[TASK RECORD]
single jsonl : outputs\pass10_full\java\6367676a1a6d9265ec0181cd_pass10.jsonl
python total : outputs\pass10_full\python_predictions_pass10.jsonl
java total   : outputs\pass10_full\java_predictions_pass10.jsonl
all total    : outputs\pass10_full\all_predictions_pass10.jsonl
artifact root: outputs\pass10_full\java\6367676a1a6d9265ec0181cd

====================================================================================================
[359/460] full pass-k running
lang    : java
task_id : 636766fe1a6d9265ec01782a
pass_k  : 10
====================================================================================================
[TASK 359/460] [PASS 1/10] generating...
[TASK 359/460] [PASS 2/10] generating...
[TASK 359/460] [PASS 3/10] generating...
[TASK 359/460] [PASS 4/10] generating...
[TASK 359/460] [PASS 5/10] generating...
[TASK 359/460] [PASS 6/10] generating...
[TASK 359/460] [PASS 7/10] generating...
[TASK 359/460] [PASS 8/10] generating...
[TASK 359/460] [PASS 9/10] generating...
[TASK 359/460] [PASS 10/10] generating...
[TASK RECORD]
single jsonl : outputs\pass10_full\java\636766fe1a6d9265ec01782a_pass10.jsonl
python total : outputs\pass10_full\python_predictions_pass10.jsonl
java total   : outputs\pass10_full\java_predictions_pass10.jsonl
all total    : outputs\pass10_full\all_predictions_pass10.jsonl
artifact root: outputs\pass10_full\java\636766fe1a6d9265ec01782a

====================================================================================================
[360/460] full pass-k running
lang    : java
task_id : 636766851a6d9265ec01751b
pass_k  : 10
====================================================================================================
[TASK 360/460] [PASS 1/10] generating...
[TASK 360/460] [PASS 2/10] generating...
[TASK 360/460] [PASS 3/10] generating...
[TASK 360/460] [PASS 4/10] generating...
[TASK 360/460] [PASS 5/10] generating...
[TASK 360/460] [PASS 6/10] generating...
[TASK 360/460] [PASS 7/10] generating...
[TASK 360/460] [PASS 8/10] generating...
[TASK 360/460] [PASS 9/10] generating...
[TASK 360/460] [PASS 10/10] generating...
[TASK RECORD]
single jsonl : outputs\pass10_full\java\636766851a6d9265ec01751b_pass10.jsonl
python total : outputs\pass10_full\python_predictions_pass10.jsonl
java total   : outputs\pass10_full\java_predictions_pass10.jsonl
all total    : outputs\pass10_full\all_predictions_pass10.jsonl
artifact root: outputs\pass10_full\java\636766851a6d9265ec01751b

====================================================================================================
[361/460] full pass-k running
lang    : java
task_id : 636766f21a6d9265ec01767d
pass_k  : 10
====================================================================================================
[TASK 361/460] [PASS 1/10] generating...
[TASK 361/460] [PASS 2/10] generating...
[TASK 361/460] [PASS 3/10] generating...
[TASK 361/460] [PASS 4/10] generating...
[TASK 361/460] [PASS 5/10] generating...
[TASK 361/460] [PASS 6/10] generating...
[TASK 361/460] [PASS 7/10] generating...
[TASK 361/460] [PASS 8/10] generating...
[TASK 361/460] [PASS 9/10] generating...
[TASK 361/460] [PASS 10/10] generating...
[TASK RECORD]
single jsonl : outputs\pass10_full\java\636766f21a6d9265ec01767d_pass10.jsonl
python total : outputs\pass10_full\python_predictions_pass10.jsonl
java total   : outputs\pass10_full\java_predictions_pass10.jsonl
all total    : outputs\pass10_full\all_predictions_pass10.jsonl
artifact root: outputs\pass10_full\java\636766f21a6d9265ec01767d

====================================================================================================
[362/460] full pass-k running
lang    : java
task_id : 636767581a6d9265ec017fc4
pass_k  : 10
====================================================================================================
[TASK 362/460] [PASS 1/10] generating...
[TASK 362/460] [PASS 2/10] generating...
[TASK 362/460] [PASS 3/10] generating...
[TASK 362/460] [PASS 4/10] generating...
[TASK 362/460] [PASS 5/10] generating...
[TASK 362/460] [PASS 6/10] generating...
[TASK 362/460] [PASS 7/10] generating...
[TASK 362/460] [PASS 8/10] generating...
[TASK 362/460] [PASS 9/10] generating...
[TASK 362/460] [PASS 10/10] generating...
[TASK RECORD]
single jsonl : outputs\pass10_full\java\636767581a6d9265ec017fc4_pass10.jsonl
python total : outputs\pass10_full\python_predictions_pass10.jsonl
java total   : outputs\pass10_full\java_predictions_pass10.jsonl
all total    : outputs\pass10_full\all_predictions_pass10.jsonl
artifact root: outputs\pass10_full\java\636767581a6d9265ec017fc4

====================================================================================================
[363/460] full pass-k running
lang    : java
task_id : 636767511a6d9265ec017eb6
pass_k  : 10
====================================================================================================
[TASK 363/460] [PASS 1/10] generating...
[TASK 363/460] [PASS 2/10] generating...
[TASK 363/460] [PASS 3/10] generating...
[TASK 363/460] [PASS 4/10] generating...
[TASK 363/460] [PASS 5/10] generating...
[TASK 363/460] [PASS 6/10] generating...
[TASK 363/460] [PASS 7/10] generating...
[TASK 363/460] [PASS 8/10] generating...
[TASK 363/460] [PASS 9/10] generating...
[TASK 363/460] [PASS 10/10] generating...
[TASK RECORD]
single jsonl : outputs\pass10_full\java\636767511a6d9265ec017eb6_pass10.jsonl
python total : outputs\pass10_full\python_predictions_pass10.jsonl
java total   : outputs\pass10_full\java_predictions_pass10.jsonl
all total    : outputs\pass10_full\all_predictions_pass10.jsonl
artifact root: outputs\pass10_full\java\636767511a6d9265ec017eb6

====================================================================================================
[364/460] full pass-k running
lang    : java
task_id : 636767841a6d9265ec0183e8
pass_k  : 10
====================================================================================================
[TASK 364/460] [PASS 1/10] generating...
[TASK 364/460] [PASS 2/10] generating...
[TASK 364/460] [PASS 3/10] generating...
[TASK 364/460] [PASS 4/10] generating...
[TASK 364/460] [PASS 5/10] generating...
[TASK 364/460] [PASS 6/10] generating...
[TASK 364/460] [PASS 7/10] generating...
[TASK 364/460] [PASS 8/10] generating...
[TASK 364/460] [PASS 9/10] generating...
[TASK 364/460] [PASS 10/10] generating...
[TASK RECORD]
single jsonl : outputs\pass10_full\java\636767841a6d9265ec0183e8_pass10.jsonl
python total : outputs\pass10_full\python_predictions_pass10.jsonl
java total   : outputs\pass10_full\java_predictions_pass10.jsonl
all total    : outputs\pass10_full\all_predictions_pass10.jsonl
artifact root: outputs\pass10_full\java\636767841a6d9265ec0183e8

====================================================================================================
[365/460] full pass-k running
lang    : java
task_id : 636767a41a6d9265ec01857e
pass_k  : 10
====================================================================================================
[TASK 365/460] [PASS 1/10] generating...
[TASK 365/460] [PASS 2/10] generating...
[TASK 365/460] [PASS 3/10] generating...
[TASK 365/460] [PASS 4/10] generating...
[TASK 365/460] [PASS 5/10] generating...
[TASK 365/460] [PASS 6/10] generating...
[TASK 365/460] [PASS 7/10] generating...
[TASK 365/460] [PASS 8/10] generating...
[TASK 365/460] [PASS 9/10] generating...
[TASK 365/460] [PASS 10/10] generating...
[TASK RECORD]
single jsonl : outputs\pass10_full\java\636767a41a6d9265ec01857e_pass10.jsonl
python total : outputs\pass10_full\python_predictions_pass10.jsonl
java total   : outputs\pass10_full\java_predictions_pass10.jsonl
all total    : outputs\pass10_full\all_predictions_pass10.jsonl
artifact root: outputs\pass10_full\java\636767a41a6d9265ec01857e

====================================================================================================
[366/460] full pass-k running
lang    : java
task_id : 636767691a6d9265ec0181ae
pass_k  : 10
====================================================================================================
[TASK 366/460] [PASS 1/10] generating...
[TASK 366/460] [PASS 2/10] generating...
[TASK 366/460] [PASS 3/10] generating...
[TASK 366/460] [PASS 4/10] generating...
[TASK 366/460] [PASS 5/10] generating...
[TASK 366/460] [PASS 6/10] generating...
[TASK 366/460] [PASS 7/10] generating...
[TASK 366/460] [PASS 8/10] generating...
[TASK 366/460] [PASS 9/10] generating...
[TASK 366/460] [PASS 10/10] generating...
[TASK RECORD]
single jsonl : outputs\pass10_full\java\636767691a6d9265ec0181ae_pass10.jsonl
python total : outputs\pass10_full\python_predictions_pass10.jsonl
java total   : outputs\pass10_full\java_predictions_pass10.jsonl
all total    : outputs\pass10_full\all_predictions_pass10.jsonl
artifact root: outputs\pass10_full\java\636767691a6d9265ec0181ae

====================================================================================================
[367/460] full pass-k running
lang    : java
task_id : 636766a91a6d9265ec0175ae
pass_k  : 10
====================================================================================================
[TASK 367/460] [PASS 1/10] generating...
[TASK 367/460] [PASS 2/10] generating...
[TASK 367/460] [PASS 3/10] generating...
[TASK 367/460] [PASS 4/10] generating...
[TASK 367/460] [PASS 5/10] generating...
[TASK 367/460] [PASS 6/10] generating...
[TASK 367/460] [PASS 7/10] generating...
[TASK 367/460] [PASS 8/10] generating...
[TASK 367/460] [PASS 9/10] generating...
[TASK 367/460] [PASS 10/10] generating...
[TASK RECORD]
single jsonl : outputs\pass10_full\java\636766a91a6d9265ec0175ae_pass10.jsonl
python total : outputs\pass10_full\python_predictions_pass10.jsonl
java total   : outputs\pass10_full\java_predictions_pass10.jsonl
all total    : outputs\pass10_full\all_predictions_pass10.jsonl
artifact root: outputs\pass10_full\java\636766a91a6d9265ec0175ae

====================================================================================================
[368/460] full pass-k running
lang    : java
task_id : 636766f11a6d9265ec01764f
pass_k  : 10
====================================================================================================
[TASK 368/460] [PASS 1/10] generating...
[TASK 368/460] [PASS 2/10] generating...
[TASK 368/460] [PASS 3/10] generating...
[TASK 368/460] [PASS 4/10] generating...
[TASK 368/460] [PASS 5/10] generating...
[TASK 368/460] [PASS 6/10] generating...
[TASK 368/460] [PASS 7/10] generating...
[TASK 368/460] [PASS 8/10] generating...
[TASK 368/460] [PASS 9/10] generating...
[TASK 368/460] [PASS 10/10] generating...
[TASK RECORD]
single jsonl : outputs\pass10_full\java\636766f11a6d9265ec01764f_pass10.jsonl
python total : outputs\pass10_full\python_predictions_pass10.jsonl
java total   : outputs\pass10_full\java_predictions_pass10.jsonl
all total    : outputs\pass10_full\all_predictions_pass10.jsonl
artifact root: outputs\pass10_full\java\636766f11a6d9265ec01764f

====================================================================================================
[369/460] full pass-k running
lang    : java
task_id : 636766f81a6d9265ec017758
pass_k  : 10
====================================================================================================
[TASK 369/460] [PASS 1/10] generating...
[TASK 369/460] [PASS 2/10] generating...
[TASK 369/460] [PASS 3/10] generating...
[TASK 369/460] [PASS 4/10] generating...
[TASK 369/460] [PASS 5/10] generating...
[TASK 369/460] [PASS 6/10] generating...
[TASK 369/460] [PASS 7/10] generating...
[TASK 369/460] [PASS 8/10] generating...
[TASK 369/460] [PASS 9/10] generating...
[TASK 369/460] [PASS 10/10] generating...
[TASK RECORD]
single jsonl : outputs\pass10_full\java\636766f81a6d9265ec017758_pass10.jsonl
python total : outputs\pass10_full\python_predictions_pass10.jsonl
java total   : outputs\pass10_full\java_predictions_pass10.jsonl
all total    : outputs\pass10_full\all_predictions_pass10.jsonl
artifact root: outputs\pass10_full\java\636766f81a6d9265ec017758

====================================================================================================
[370/460] full pass-k running
lang    : java
task_id : 6367676c1a6d9265ec01820b
pass_k  : 10
====================================================================================================
[TASK 370/460] [PASS 1/10] generating...
[TASK 370/460] [PASS 2/10] generating...
[TASK 370/460] [PASS 3/10] generating...
[TASK 370/460] [PASS 4/10] generating...
[TASK 370/460] [PASS 5/10] generating...
[TASK 370/460] [PASS 6/10] generating...
[TASK 370/460] [PASS 7/10] generating...
[TASK 370/460] [PASS 8/10] generating...
[TASK 370/460] [PASS 9/10] generating...
[TASK 370/460] [PASS 10/10] generating...
[TASK RECORD]
single jsonl : outputs\pass10_full\java\6367676c1a6d9265ec01820b_pass10.jsonl
python total : outputs\pass10_full\python_predictions_pass10.jsonl
java total   : outputs\pass10_full\java_predictions_pass10.jsonl
all total    : outputs\pass10_full\all_predictions_pass10.jsonl
artifact root: outputs\pass10_full\java\6367676c1a6d9265ec01820b

====================================================================================================
[371/460] full pass-k running
lang    : java
task_id : 636766861a6d9265ec01755a
pass_k  : 10
====================================================================================================
[TASK 371/460] [PASS 1/10] generating...
[TASK 371/460] [PASS 2/10] generating...
[TASK 371/460] [PASS 3/10] generating...
[TASK 371/460] [PASS 4/10] generating...
[TASK 371/460] [PASS 5/10] generating...
[TASK 371/460] [PASS 6/10] generating...
[TASK 371/460] [PASS 7/10] generating...
[TASK 371/460] [PASS 8/10] generating...
[TASK 371/460] [PASS 9/10] generating...
[TASK 371/460] [PASS 10/10] generating...
[TASK RECORD]
single jsonl : outputs\pass10_full\java\636766861a6d9265ec01755a_pass10.jsonl
python total : outputs\pass10_full\python_predictions_pass10.jsonl
java total   : outputs\pass10_full\java_predictions_pass10.jsonl
all total    : outputs\pass10_full\all_predictions_pass10.jsonl
artifact root: outputs\pass10_full\java\636766861a6d9265ec01755a

====================================================================================================
[372/460] full pass-k running
lang    : java
task_id : 636766f91a6d9265ec01777d
pass_k  : 10
====================================================================================================
[TASK 372/460] [PASS 1/10] generating...
[TASK 372/460] [PASS 2/10] generating...
[TASK 372/460] [PASS 3/10] generating...
[TASK 372/460] [PASS 4/10] generating...
[TASK 372/460] [PASS 5/10] generating...
[TASK 372/460] [PASS 6/10] generating...
[TASK 372/460] [PASS 7/10] generating...
[TASK 372/460] [PASS 8/10] generating...
[TASK 372/460] [PASS 9/10] generating...
[TASK 372/460] [PASS 10/10] generating...
[TASK RECORD]
single jsonl : outputs\pass10_full\java\636766f91a6d9265ec01777d_pass10.jsonl
python total : outputs\pass10_full\python_predictions_pass10.jsonl
java total   : outputs\pass10_full\java_predictions_pass10.jsonl
all total    : outputs\pass10_full\all_predictions_pass10.jsonl
artifact root: outputs\pass10_full\java\636766f91a6d9265ec01777d

====================================================================================================
[373/460] full pass-k running
lang    : java
task_id : 636766801a6d9265ec017477
pass_k  : 10
====================================================================================================
[TASK 373/460] [PASS 1/10] generating...
[TASK 373/460] [PASS 2/10] generating...
[TASK 373/460] [PASS 3/10] generating...
[TASK 373/460] [PASS 4/10] generating...
[TASK 373/460] [PASS 5/10] generating...
[TASK 373/460] [PASS 6/10] generating...
[TASK 373/460] [PASS 7/10] generating...
[TASK 373/460] [PASS 8/10] generating...
[TASK 373/460] [PASS 9/10] generating...
[TASK 373/460] [PASS 10/10] generating...
[TASK RECORD]
single jsonl : outputs\pass10_full\java\636766801a6d9265ec017477_pass10.jsonl
python total : outputs\pass10_full\python_predictions_pass10.jsonl
java total   : outputs\pass10_full\java_predictions_pass10.jsonl
all total    : outputs\pass10_full\all_predictions_pass10.jsonl
artifact root: outputs\pass10_full\java\636766801a6d9265ec017477

====================================================================================================
[374/460] full pass-k running
lang    : java
task_id : 636767de1a6d9265ec01871e
pass_k  : 10
====================================================================================================
[TASK 374/460] [PASS 1/10] generating...
[TASK 374/460] [PASS 2/10] generating...
[TASK 374/460] [PASS 3/10] generating...
[TASK 374/460] [PASS 4/10] generating...
[TASK 374/460] [PASS 5/10] generating...
[TASK 374/460] [PASS 6/10] generating...
[TASK 374/460] [PASS 7/10] generating...
[TASK 374/460] [PASS 8/10] generating...
[TASK 374/460] [PASS 9/10] generating...
[TASK 374/460] [PASS 10/10] generating...
[TASK RECORD]
single jsonl : outputs\pass10_full\java\636767de1a6d9265ec01871e_pass10.jsonl
python total : outputs\pass10_full\python_predictions_pass10.jsonl
java total   : outputs\pass10_full\java_predictions_pass10.jsonl
all total    : outputs\pass10_full\all_predictions_pass10.jsonl
artifact root: outputs\pass10_full\java\636767de1a6d9265ec01871e

====================================================================================================
[375/460] full pass-k running
lang    : java
task_id : 636766f81a6d9265ec01774b
pass_k  : 10
====================================================================================================
[TASK 375/460] [PASS 1/10] generating...
[TASK 375/460] [PASS 2/10] generating...
[TASK 375/460] [PASS 3/10] generating...
[TASK 375/460] [PASS 4/10] generating...
[TASK 375/460] [PASS 5/10] generating...
[TASK 375/460] [PASS 6/10] generating...
[TASK 375/460] [PASS 7/10] generating...
[TASK 375/460] [PASS 8/10] generating...
[TASK 375/460] [PASS 9/10] generating...
[TASK 375/460] [PASS 10/10] generating...
[TASK RECORD]
single jsonl : outputs\pass10_full\java\636766f81a6d9265ec01774b_pass10.jsonl
python total : outputs\pass10_full\python_predictions_pass10.jsonl
java total   : outputs\pass10_full\java_predictions_pass10.jsonl
all total    : outputs\pass10_full\all_predictions_pass10.jsonl
artifact root: outputs\pass10_full\java\636766f81a6d9265ec01774b

====================================================================================================
[376/460] full pass-k running
lang    : java
task_id : 636766851a6d9265ec017515
pass_k  : 10
====================================================================================================
[TASK 376/460] [PASS 1/10] generating...
[TASK 376/460] [PASS 2/10] generating...
[TASK 376/460] [PASS 3/10] generating...
[TASK 376/460] [PASS 4/10] generating...
[TASK 376/460] [PASS 5/10] generating...
[TASK 376/460] [PASS 6/10] generating...
[TASK 376/460] [PASS 7/10] generating...
[TASK 376/460] [PASS 8/10] generating...
[TASK 376/460] [PASS 9/10] generating...
[TASK 376/460] [PASS 10/10] generating...
[TASK RECORD]
single jsonl : outputs\pass10_full\java\636766851a6d9265ec017515_pass10.jsonl
python total : outputs\pass10_full\python_predictions_pass10.jsonl
java total   : outputs\pass10_full\java_predictions_pass10.jsonl
all total    : outputs\pass10_full\all_predictions_pass10.jsonl
artifact root: outputs\pass10_full\java\636766851a6d9265ec017515

====================================================================================================
[377/460] full pass-k running
lang    : java
task_id : 636767611a6d9265ec018106
pass_k  : 10
====================================================================================================
[TASK 377/460] [PASS 1/10] generating...
[TASK 377/460] [PASS 2/10] generating...
[TASK 377/460] [PASS 3/10] generating...
[TASK 377/460] [PASS 4/10] generating...
[TASK 377/460] [PASS 5/10] generating...
[TASK 377/460] [PASS 6/10] generating...
[TASK 377/460] [PASS 7/10] generating...
[TASK 377/460] [PASS 8/10] generating...
[TASK 377/460] [PASS 9/10] generating...
[TASK 377/460] [PASS 10/10] generating...
[TASK RECORD]
single jsonl : outputs\pass10_full\java\636767611a6d9265ec018106_pass10.jsonl
python total : outputs\pass10_full\python_predictions_pass10.jsonl
java total   : outputs\pass10_full\java_predictions_pass10.jsonl
all total    : outputs\pass10_full\all_predictions_pass10.jsonl
artifact root: outputs\pass10_full\java\636767611a6d9265ec018106

====================================================================================================
[378/460] full pass-k running
lang    : java
task_id : 636767841a6d9265ec0183f2
pass_k  : 10
====================================================================================================
[TASK 378/460] [PASS 1/10] generating...
[TASK 378/460] [PASS 2/10] generating...
[TASK 378/460] [PASS 3/10] generating...
[TASK 378/460] [PASS 4/10] generating...
[TASK 378/460] [PASS 5/10] generating...
[TASK 378/460] [PASS 6/10] generating...
[TASK 378/460] [PASS 7/10] generating...
[TASK 378/460] [PASS 8/10] generating...
[TASK 378/460] [PASS 9/10] generating...
[TASK 378/460] [PASS 10/10] generating...
[TASK RECORD]
single jsonl : outputs\pass10_full\java\636767841a6d9265ec0183f2_pass10.jsonl
python total : outputs\pass10_full\python_predictions_pass10.jsonl
java total   : outputs\pass10_full\java_predictions_pass10.jsonl
all total    : outputs\pass10_full\all_predictions_pass10.jsonl
artifact root: outputs\pass10_full\java\636767841a6d9265ec0183f2

====================================================================================================
[379/460] full pass-k running
lang    : java
task_id : 636767861a6d9265ec01844c
pass_k  : 10
====================================================================================================
[TASK 379/460] [PASS 1/10] generating...
[TASK 379/460] [PASS 2/10] generating...
[TASK 379/460] [PASS 3/10] generating...
[TASK 379/460] [PASS 4/10] generating...
[TASK 379/460] [PASS 5/10] generating...
[TASK 379/460] [PASS 6/10] generating...
[TASK 379/460] [PASS 7/10] generating...
[TASK 379/460] [PASS 8/10] generating...
[TASK 379/460] [PASS 9/10] generating...
[TASK 379/460] [PASS 10/10] generating...
[TASK RECORD]
single jsonl : outputs\pass10_full\java\636767861a6d9265ec01844c_pass10.jsonl
python total : outputs\pass10_full\python_predictions_pass10.jsonl
java total   : outputs\pass10_full\java_predictions_pass10.jsonl
all total    : outputs\pass10_full\all_predictions_pass10.jsonl
artifact root: outputs\pass10_full\java\636767861a6d9265ec01844c

====================================================================================================
[380/460] full pass-k running
lang    : java
task_id : 636767781a6d9265ec018242
pass_k  : 10
====================================================================================================
[TASK 380/460] [PASS 1/10] generating...
[TASK 380/460] [PASS 2/10] generating...
[TASK 380/460] [PASS 3/10] generating...
[TASK 380/460] [PASS 4/10] generating...
[TASK 380/460] [PASS 5/10] generating...
[TASK 380/460] [PASS 6/10] generating...
[TASK 380/460] [PASS 7/10] generating...
[TASK 380/460] [PASS 8/10] generating...
[TASK 380/460] [PASS 9/10] generating...
[TASK 380/460] [PASS 10/10] generating...
[TASK RECORD]
single jsonl : outputs\pass10_full\java\636767781a6d9265ec018242_pass10.jsonl
python total : outputs\pass10_full\python_predictions_pass10.jsonl
java total   : outputs\pass10_full\java_predictions_pass10.jsonl
all total    : outputs\pass10_full\all_predictions_pass10.jsonl
artifact root: outputs\pass10_full\java\636767781a6d9265ec018242

====================================================================================================
[381/460] full pass-k running
lang    : java
task_id : 6367670c1a6d9265ec017a2a
pass_k  : 10
====================================================================================================
[TASK 381/460] [PASS 1/10] generating...
[TASK 381/460] [PASS 2/10] generating...
[TASK 381/460] [PASS 3/10] generating...
[TASK 381/460] [PASS 4/10] generating...
[TASK 381/460] [PASS 5/10] generating...
[TASK 381/460] [PASS 6/10] generating...
[TASK 381/460] [PASS 7/10] generating...
[TASK 381/460] [PASS 8/10] generating...
[TASK 381/460] [PASS 9/10] generating...
[TASK 381/460] [PASS 10/10] generating...
[TASK RECORD]
single jsonl : outputs\pass10_full\java\6367670c1a6d9265ec017a2a_pass10.jsonl
python total : outputs\pass10_full\python_predictions_pass10.jsonl
java total   : outputs\pass10_full\java_predictions_pass10.jsonl
all total    : outputs\pass10_full\all_predictions_pass10.jsonl
artifact root: outputs\pass10_full\java\6367670c1a6d9265ec017a2a

====================================================================================================
[382/460] full pass-k running
lang    : java
task_id : 636767041a6d9265ec017911
pass_k  : 10
====================================================================================================
[TASK 382/460] [PASS 1/10] generating...
[TASK 382/460] [PASS 2/10] generating...
[TASK 382/460] [PASS 3/10] generating...
[TASK 382/460] [PASS 4/10] generating...
[TASK 382/460] [PASS 5/10] generating...
[TASK 382/460] [PASS 6/10] generating...
[TASK 382/460] [PASS 7/10] generating...
[TASK 382/460] [PASS 8/10] generating...
[TASK 382/460] [PASS 9/10] generating...
[TASK 382/460] [PASS 10/10] generating...
[TASK RECORD]
single jsonl : outputs\pass10_full\java\636767041a6d9265ec017911_pass10.jsonl
python total : outputs\pass10_full\python_predictions_pass10.jsonl
java total   : outputs\pass10_full\java_predictions_pass10.jsonl
all total    : outputs\pass10_full\all_predictions_pass10.jsonl
artifact root: outputs\pass10_full\java\636767041a6d9265ec017911

====================================================================================================
[383/460] full pass-k running
lang    : java
task_id : 636767511a6d9265ec017eb0
pass_k  : 10
====================================================================================================
[TASK 383/460] [PASS 1/10] generating...
[TASK 383/460] [PASS 2/10] generating...
[TASK 383/460] [PASS 3/10] generating...
[TASK 383/460] [PASS 4/10] generating...
[TASK 383/460] [PASS 5/10] generating...
[TASK 383/460] [PASS 6/10] generating...
[TASK 383/460] [PASS 7/10] generating...
[TASK 383/460] [PASS 8/10] generating...
[TASK 383/460] [PASS 9/10] generating...
[TASK 383/460] [PASS 10/10] generating...
[TASK RECORD]
single jsonl : outputs\pass10_full\java\636767511a6d9265ec017eb0_pass10.jsonl
python total : outputs\pass10_full\python_predictions_pass10.jsonl
java total   : outputs\pass10_full\java_predictions_pass10.jsonl
all total    : outputs\pass10_full\all_predictions_pass10.jsonl
artifact root: outputs\pass10_full\java\636767511a6d9265ec017eb0

====================================================================================================
[384/460] full pass-k running
lang    : java
task_id : 6367676c1a6d9265ec018223
pass_k  : 10
====================================================================================================
[TASK 384/460] [PASS 1/10] generating...
[TASK 384/460] [PASS 2/10] generating...
[TASK 384/460] [PASS 3/10] generating...
[TASK 384/460] [PASS 4/10] generating...
[TASK 384/460] [PASS 5/10] generating...
[TASK 384/460] [PASS 6/10] generating...
[TASK 384/460] [PASS 7/10] generating...
[TASK 384/460] [PASS 8/10] generating...
[TASK 384/460] [PASS 9/10] generating...
[TASK 384/460] [PASS 10/10] generating...
[TASK RECORD]
single jsonl : outputs\pass10_full\java\6367676c1a6d9265ec018223_pass10.jsonl
python total : outputs\pass10_full\python_predictions_pass10.jsonl
java total   : outputs\pass10_full\java_predictions_pass10.jsonl
all total    : outputs\pass10_full\all_predictions_pass10.jsonl
artifact root: outputs\pass10_full\java\6367676c1a6d9265ec018223

====================================================================================================
[385/460] full pass-k running
lang    : java
task_id : 636766fa1a6d9265ec01779d
pass_k  : 10
====================================================================================================
[TASK 385/460] [PASS 1/10] generating...
[TASK 385/460] [PASS 2/10] generating...
[TASK 385/460] [PASS 3/10] generating...
[TASK 385/460] [PASS 4/10] generating...
[TASK 385/460] [PASS 5/10] generating...
[TASK 385/460] [PASS 6/10] generating...
[TASK 385/460] [PASS 7/10] generating...
[TASK 385/460] [PASS 8/10] generating...
[TASK 385/460] [PASS 9/10] generating...
[TASK 385/460] [PASS 10/10] generating...
[TASK RECORD]
single jsonl : outputs\pass10_full\java\636766fa1a6d9265ec01779d_pass10.jsonl
python total : outputs\pass10_full\python_predictions_pass10.jsonl
java total   : outputs\pass10_full\java_predictions_pass10.jsonl
all total    : outputs\pass10_full\all_predictions_pass10.jsonl
artifact root: outputs\pass10_full\java\636766fa1a6d9265ec01779d

====================================================================================================
[386/460] full pass-k running
lang    : java
task_id : 6367670b1a6d9265ec0179f2
pass_k  : 10
====================================================================================================
[TASK 386/460] [PASS 1/10] generating...
[TASK 386/460] [PASS 2/10] generating...
[TASK 386/460] [PASS 3/10] generating...
[TASK 386/460] [PASS 4/10] generating...
[TASK 386/460] [PASS 5/10] generating...
[TASK 386/460] [PASS 6/10] generating...
[TASK 386/460] [PASS 7/10] generating...
[TASK 386/460] [PASS 8/10] generating...
[TASK 386/460] [PASS 9/10] generating...
[TASK 386/460] [PASS 10/10] generating...
[TASK RECORD]
single jsonl : outputs\pass10_full\java\6367670b1a6d9265ec0179f2_pass10.jsonl
python total : outputs\pass10_full\python_predictions_pass10.jsonl
java total   : outputs\pass10_full\java_predictions_pass10.jsonl
all total    : outputs\pass10_full\all_predictions_pass10.jsonl
artifact root: outputs\pass10_full\java\6367670b1a6d9265ec0179f2

====================================================================================================
[387/460] full pass-k running
lang    : java
task_id : 636766fa1a6d9265ec017796
pass_k  : 10
====================================================================================================
[TASK 387/460] [PASS 1/10] generating...
[TASK 387/460] [PASS 2/10] generating...
[TASK 387/460] [PASS 3/10] generating...
[TASK 387/460] [PASS 4/10] generating...
[TASK 387/460] [PASS 5/10] generating...
[TASK 387/460] [PASS 6/10] generating...
[TASK 387/460] [PASS 7/10] generating...
[TASK 387/460] [PASS 8/10] generating...
[TASK 387/460] [PASS 9/10] generating...
[TASK 387/460] [PASS 10/10] generating...
[TASK RECORD]
single jsonl : outputs\pass10_full\java\636766fa1a6d9265ec017796_pass10.jsonl
python total : outputs\pass10_full\python_predictions_pass10.jsonl
java total   : outputs\pass10_full\java_predictions_pass10.jsonl
all total    : outputs\pass10_full\all_predictions_pass10.jsonl
artifact root: outputs\pass10_full\java\636766fa1a6d9265ec017796

====================================================================================================
[388/460] full pass-k running
lang    : java
task_id : 636767aa1a6d9265ec01864a
pass_k  : 10
====================================================================================================
[TASK 388/460] [PASS 1/10] generating...
[TASK 388/460] [PASS 2/10] generating...
[TASK 388/460] [PASS 3/10] generating...
[TASK 388/460] [PASS 4/10] generating...
[TASK 388/460] [PASS 5/10] generating...
[TASK 388/460] [PASS 6/10] generating...
[TASK 388/460] [PASS 7/10] generating...
[TASK 388/460] [PASS 8/10] generating...
[TASK 388/460] [PASS 9/10] generating...
[TASK 388/460] [PASS 10/10] generating...
[TASK RECORD]
single jsonl : outputs\pass10_full\java\636767aa1a6d9265ec01864a_pass10.jsonl
python total : outputs\pass10_full\python_predictions_pass10.jsonl
java total   : outputs\pass10_full\java_predictions_pass10.jsonl
all total    : outputs\pass10_full\all_predictions_pass10.jsonl
artifact root: outputs\pass10_full\java\636767aa1a6d9265ec01864a

====================================================================================================
[389/460] full pass-k running
lang    : java
task_id : 636767561a6d9265ec017f7c
pass_k  : 10
====================================================================================================
[TASK 389/460] [PASS 1/10] generating...
[TASK 389/460] [PASS 2/10] generating...
[TASK 389/460] [PASS 3/10] generating...
[TASK 389/460] [PASS 4/10] generating...
[TASK 389/460] [PASS 5/10] generating...
[TASK 389/460] [PASS 6/10] generating...
[TASK 389/460] [PASS 7/10] generating...
[TASK 389/460] [PASS 8/10] generating...
[TASK 389/460] [PASS 9/10] generating...
[TASK 389/460] [PASS 10/10] generating...
[TASK RECORD]
single jsonl : outputs\pass10_full\java\636767561a6d9265ec017f7c_pass10.jsonl
python total : outputs\pass10_full\python_predictions_pass10.jsonl
java total   : outputs\pass10_full\java_predictions_pass10.jsonl
all total    : outputs\pass10_full\all_predictions_pass10.jsonl
artifact root: outputs\pass10_full\java\636767561a6d9265ec017f7c

====================================================================================================
[390/460] full pass-k running
lang    : java
task_id : 6367670a1a6d9265ec0179f1
pass_k  : 10
====================================================================================================
[TASK 390/460] [PASS 1/10] generating...
[TASK 390/460] [PASS 2/10] generating...
[TASK 390/460] [PASS 3/10] generating...
[TASK 390/460] [PASS 4/10] generating...
[TASK 390/460] [PASS 5/10] generating...
[TASK 390/460] [PASS 6/10] generating...
[TASK 390/460] [PASS 7/10] generating...
[TASK 390/460] [PASS 8/10] generating...
[TASK 390/460] [PASS 9/10] generating...
[TASK 390/460] [PASS 10/10] generating...
[TASK RECORD]
single jsonl : outputs\pass10_full\java\6367670a1a6d9265ec0179f1_pass10.jsonl
python total : outputs\pass10_full\python_predictions_pass10.jsonl
java total   : outputs\pass10_full\java_predictions_pass10.jsonl
all total    : outputs\pass10_full\all_predictions_pass10.jsonl
artifact root: outputs\pass10_full\java\6367670a1a6d9265ec0179f1

====================================================================================================
[391/460] full pass-k running
lang    : java
task_id : 636766fe1a6d9265ec017823
pass_k  : 10
====================================================================================================
[TASK 391/460] [PASS 1/10] generating...
[TASK 391/460] [PASS 2/10] generating...
[TASK 391/460] [PASS 3/10] generating...
[TASK 391/460] [PASS 4/10] generating...
[TASK 391/460] [PASS 5/10] generating...
[TASK 391/460] [PASS 6/10] generating...
[TASK 391/460] [PASS 7/10] generating...
[TASK 391/460] [PASS 8/10] generating...
[TASK 391/460] [PASS 9/10] generating...
[TASK 391/460] [PASS 10/10] generating...
[TASK RECORD]
single jsonl : outputs\pass10_full\java\636766fe1a6d9265ec017823_pass10.jsonl
python total : outputs\pass10_full\python_predictions_pass10.jsonl
java total   : outputs\pass10_full\java_predictions_pass10.jsonl
all total    : outputs\pass10_full\all_predictions_pass10.jsonl
artifact root: outputs\pass10_full\java\636766fe1a6d9265ec017823

====================================================================================================
[392/460] full pass-k running
lang    : java
task_id : 636767461a6d9265ec017d17
pass_k  : 10
====================================================================================================
[TASK 392/460] [PASS 1/10] generating...
[TASK 392/460] [PASS 2/10] generating...
[TASK 392/460] [PASS 3/10] generating...
[TASK 392/460] [PASS 4/10] generating...
[TASK 392/460] [PASS 5/10] generating...
[TASK 392/460] [PASS 6/10] generating...
[TASK 392/460] [PASS 7/10] generating...
[TASK 392/460] [PASS 8/10] generating...
[TASK 392/460] [PASS 9/10] generating...
[TASK 392/460] [PASS 10/10] generating...
[TASK RECORD]
single jsonl : outputs\pass10_full\java\636767461a6d9265ec017d17_pass10.jsonl
python total : outputs\pass10_full\python_predictions_pass10.jsonl
java total   : outputs\pass10_full\java_predictions_pass10.jsonl
all total    : outputs\pass10_full\all_predictions_pass10.jsonl
artifact root: outputs\pass10_full\java\636767461a6d9265ec017d17

====================================================================================================
[393/460] full pass-k running
lang    : java
task_id : 6367676c1a6d9265ec018204
pass_k  : 10
====================================================================================================
[TASK 393/460] [PASS 1/10] generating...
[TASK 393/460] [PASS 2/10] generating...
[TASK 393/460] [PASS 3/10] generating...
[TASK 393/460] [PASS 4/10] generating...
[TASK 393/460] [PASS 5/10] generating...
[TASK 393/460] [PASS 6/10] generating...
[TASK 393/460] [PASS 7/10] generating...
[TASK 393/460] [PASS 8/10] generating...
[TASK 393/460] [PASS 9/10] generating...
[TASK 393/460] [PASS 10/10] generating...
[TASK RECORD]
single jsonl : outputs\pass10_full\java\6367676c1a6d9265ec018204_pass10.jsonl
python total : outputs\pass10_full\python_predictions_pass10.jsonl
java total   : outputs\pass10_full\java_predictions_pass10.jsonl
all total    : outputs\pass10_full\all_predictions_pass10.jsonl
artifact root: outputs\pass10_full\java\6367676c1a6d9265ec018204

====================================================================================================
[394/460] full pass-k running
lang    : java
task_id : 636767641a6d9265ec018190
pass_k  : 10
====================================================================================================
[TASK 394/460] [PASS 1/10] generating...
[TASK 394/460] [PASS 2/10] generating...
[TASK 394/460] [PASS 3/10] generating...
[TASK 394/460] [PASS 4/10] generating...
[TASK 394/460] [PASS 5/10] generating...
[TASK 394/460] [PASS 6/10] generating...
[TASK 394/460] [PASS 7/10] generating...
[TASK 394/460] [PASS 8/10] generating...
[TASK 394/460] [PASS 9/10] generating...
[TASK 394/460] [PASS 10/10] generating...
[TASK RECORD]
single jsonl : outputs\pass10_full\java\636767641a6d9265ec018190_pass10.jsonl
python total : outputs\pass10_full\python_predictions_pass10.jsonl
java total   : outputs\pass10_full\java_predictions_pass10.jsonl
all total    : outputs\pass10_full\all_predictions_pass10.jsonl
artifact root: outputs\pass10_full\java\636767641a6d9265ec018190

====================================================================================================
[395/460] full pass-k running
lang    : java
task_id : 6367676a1a6d9265ec0181d4
pass_k  : 10
====================================================================================================
[TASK 395/460] [PASS 1/10] generating...
[TASK 395/460] [PASS 2/10] generating...
[TASK 395/460] [PASS 3/10] generating...
[TASK 395/460] [PASS 4/10] generating...
[TASK 395/460] [PASS 5/10] generating...
[TASK 395/460] [PASS 6/10] generating...
[TASK 395/460] [PASS 7/10] generating...
[TASK 395/460] [PASS 8/10] generating...
[TASK 395/460] [PASS 9/10] generating...
[TASK 395/460] [PASS 10/10] generating...
[TASK RECORD]
single jsonl : outputs\pass10_full\java\6367676a1a6d9265ec0181d4_pass10.jsonl
python total : outputs\pass10_full\python_predictions_pass10.jsonl
java total   : outputs\pass10_full\java_predictions_pass10.jsonl
all total    : outputs\pass10_full\all_predictions_pass10.jsonl
artifact root: outputs\pass10_full\java\6367676a1a6d9265ec0181d4

====================================================================================================
[396/460] full pass-k running
lang    : java
task_id : 6367676b1a6d9265ec0181dd
pass_k  : 10
====================================================================================================
[TASK 396/460] [PASS 1/10] generating...
[TASK 396/460] [PASS 2/10] generating...
[TASK 396/460] [PASS 3/10] generating...
[TASK 396/460] [PASS 4/10] generating...
[TASK 396/460] [PASS 5/10] generating...
[TASK 396/460] [PASS 6/10] generating...
[TASK 396/460] [PASS 7/10] generating...
[TASK 396/460] [PASS 8/10] generating...
[TASK 396/460] [PASS 9/10] generating...
[TASK 396/460] [PASS 10/10] generating...
[TASK RECORD]
single jsonl : outputs\pass10_full\java\6367676b1a6d9265ec0181dd_pass10.jsonl
python total : outputs\pass10_full\python_predictions_pass10.jsonl
java total   : outputs\pass10_full\java_predictions_pass10.jsonl
all total    : outputs\pass10_full\all_predictions_pass10.jsonl
artifact root: outputs\pass10_full\java\6367676b1a6d9265ec0181dd

====================================================================================================
[397/460] full pass-k running
lang    : java
task_id : 636766811a6d9265ec017499
pass_k  : 10
====================================================================================================
[TASK 397/460] [PASS 1/10] generating...
[TASK 397/460] [PASS 2/10] generating...
[TASK 397/460] [PASS 3/10] generating...
[TASK 397/460] [PASS 4/10] generating...
[TASK 397/460] [PASS 5/10] generating...
[TASK 397/460] [PASS 6/10] generating...
[TASK 397/460] [PASS 7/10] generating...
[TASK 397/460] [PASS 8/10] generating...
[TASK 397/460] [PASS 9/10] generating...
[TASK 397/460] [PASS 10/10] generating...
[TASK RECORD]
single jsonl : outputs\pass10_full\java\636766811a6d9265ec017499_pass10.jsonl
python total : outputs\pass10_full\python_predictions_pass10.jsonl
java total   : outputs\pass10_full\java_predictions_pass10.jsonl
all total    : outputs\pass10_full\all_predictions_pass10.jsonl
artifact root: outputs\pass10_full\java\636766811a6d9265ec017499

====================================================================================================
[398/460] full pass-k running
lang    : java
task_id : 636766fe1a6d9265ec017821
pass_k  : 10
====================================================================================================
[TASK 398/460] [PASS 1/10] generating...
[TASK 398/460] [PASS 2/10] generating...
[TASK 398/460] [PASS 3/10] generating...
[TASK 398/460] [PASS 4/10] generating...
[TASK 398/460] [PASS 5/10] generating...
[TASK 398/460] [PASS 6/10] generating...
[TASK 398/460] [PASS 7/10] generating...
[TASK 398/460] [PASS 8/10] generating...
[TASK 398/460] [PASS 9/10] generating...
[TASK 398/460] [PASS 10/10] generating...
[TASK RECORD]
single jsonl : outputs\pass10_full\java\636766fe1a6d9265ec017821_pass10.jsonl
python total : outputs\pass10_full\python_predictions_pass10.jsonl
java total   : outputs\pass10_full\java_predictions_pass10.jsonl
all total    : outputs\pass10_full\all_predictions_pass10.jsonl
artifact root: outputs\pass10_full\java\636766fe1a6d9265ec017821

====================================================================================================
[399/460] full pass-k running
lang    : java
task_id : 636767561a6d9265ec017f63
pass_k  : 10
====================================================================================================
[TASK 399/460] [PASS 1/10] generating...
[TASK 399/460] [PASS 2/10] generating...
[TASK 399/460] [PASS 3/10] generating...
[TASK 399/460] [PASS 4/10] generating...
[TASK 399/460] [PASS 5/10] generating...
[TASK 399/460] [PASS 6/10] generating...
[TASK 399/460] [PASS 7/10] generating...
[TASK 399/460] [PASS 8/10] generating...
[TASK 399/460] [PASS 9/10] generating...
[TASK 399/460] [PASS 10/10] generating...
[TASK RECORD]
single jsonl : outputs\pass10_full\java\636767561a6d9265ec017f63_pass10.jsonl
python total : outputs\pass10_full\python_predictions_pass10.jsonl
java total   : outputs\pass10_full\java_predictions_pass10.jsonl
all total    : outputs\pass10_full\all_predictions_pass10.jsonl
artifact root: outputs\pass10_full\java\636767561a6d9265ec017f63

====================================================================================================
[400/460] full pass-k running
lang    : java
task_id : 636766a81a6d9265ec017586
pass_k  : 10
====================================================================================================
[TASK 400/460] [PASS 1/10] generating...
[TASK 400/460] [PASS 2/10] generating...
[TASK 400/460] [PASS 3/10] generating...
[TASK 400/460] [PASS 4/10] generating...
[TASK 400/460] [PASS 5/10] generating...
[TASK 400/460] [PASS 6/10] generating...
[TASK 400/460] [PASS 7/10] generating...
[TASK 400/460] [PASS 8/10] generating...
[TASK 400/460] [PASS 9/10] generating...
[TASK 400/460] [PASS 10/10] generating...
[TASK RECORD]
single jsonl : outputs\pass10_full\java\636766a81a6d9265ec017586_pass10.jsonl
python total : outputs\pass10_full\python_predictions_pass10.jsonl
java total   : outputs\pass10_full\java_predictions_pass10.jsonl
all total    : outputs\pass10_full\all_predictions_pass10.jsonl
artifact root: outputs\pass10_full\java\636766a81a6d9265ec017586

====================================================================================================
[401/460] full pass-k running
lang    : java
task_id : 636767e11a6d9265ec018795
pass_k  : 10
====================================================================================================
[TASK 401/460] [PASS 1/10] generating...
[TASK 401/460] [PASS 2/10] generating...
[TASK 401/460] [PASS 3/10] generating...
[TASK 401/460] [PASS 4/10] generating...
[TASK 401/460] [PASS 5/10] generating...
[TASK 401/460] [PASS 6/10] generating...
[TASK 401/460] [PASS 7/10] generating...
[TASK 401/460] [PASS 8/10] generating...
[TASK 401/460] [PASS 9/10] generating...
[TASK 401/460] [PASS 10/10] generating...
[TASK RECORD]
single jsonl : outputs\pass10_full\java\636767e11a6d9265ec018795_pass10.jsonl
python total : outputs\pass10_full\python_predictions_pass10.jsonl
java total   : outputs\pass10_full\java_predictions_pass10.jsonl
all total    : outputs\pass10_full\all_predictions_pass10.jsonl
artifact root: outputs\pass10_full\java\636767e11a6d9265ec018795

====================================================================================================
[402/460] full pass-k running
lang    : java
task_id : 636767791a6d9265ec018263
pass_k  : 10
====================================================================================================
[TASK 402/460] [PASS 1/10] generating...
[TASK 402/460] [PASS 2/10] generating...
[TASK 402/460] [PASS 3/10] generating...
[TASK 402/460] [PASS 4/10] generating...
[TASK 402/460] [PASS 5/10] generating...
[TASK 402/460] [PASS 6/10] generating...
[TASK 402/460] [PASS 7/10] generating...
[TASK 402/460] [PASS 8/10] generating...
[TASK 402/460] [PASS 9/10] generating...
[TASK 402/460] [PASS 10/10] generating...
[TASK RECORD]
single jsonl : outputs\pass10_full\java\636767791a6d9265ec018263_pass10.jsonl
python total : outputs\pass10_full\python_predictions_pass10.jsonl
java total   : outputs\pass10_full\java_predictions_pass10.jsonl
all total    : outputs\pass10_full\all_predictions_pass10.jsonl
artifact root: outputs\pass10_full\java\636767791a6d9265ec018263

====================================================================================================
[403/460] full pass-k running
lang    : java
task_id : 636767611a6d9265ec018112
pass_k  : 10
====================================================================================================
[TASK 403/460] [PASS 1/10] generating...
[TASK 403/460] [PASS 2/10] generating...
[TASK 403/460] [PASS 3/10] generating...
[TASK 403/460] [PASS 4/10] generating...
[TASK 403/460] [PASS 5/10] generating...
[TASK 403/460] [PASS 6/10] generating...
[TASK 403/460] [PASS 7/10] generating...
[TASK 403/460] [PASS 8/10] generating...
[TASK 403/460] [PASS 9/10] generating...
[TASK 403/460] [PASS 10/10] generating...
[TASK RECORD]
single jsonl : outputs\pass10_full\java\636767611a6d9265ec018112_pass10.jsonl
python total : outputs\pass10_full\python_predictions_pass10.jsonl
java total   : outputs\pass10_full\java_predictions_pass10.jsonl
all total    : outputs\pass10_full\all_predictions_pass10.jsonl
artifact root: outputs\pass10_full\java\636767611a6d9265ec018112

====================================================================================================
[404/460] full pass-k running
lang    : java
task_id : 636767131a6d9265ec017b23
pass_k  : 10
====================================================================================================
[TASK 404/460] [PASS 1/10] generating...
[TASK 404/460] [PASS 2/10] generating...
[TASK 404/460] [PASS 3/10] generating...
[TASK 404/460] [PASS 4/10] generating...
[TASK 404/460] [PASS 5/10] generating...
[TASK 404/460] [PASS 6/10] generating...
[TASK 404/460] [PASS 7/10] generating...
[TASK 404/460] [PASS 8/10] generating...
[TASK 404/460] [PASS 9/10] generating...
[TASK 404/460] [PASS 10/10] generating...
[TASK RECORD]
single jsonl : outputs\pass10_full\java\636767131a6d9265ec017b23_pass10.jsonl
python total : outputs\pass10_full\python_predictions_pass10.jsonl
java total   : outputs\pass10_full\java_predictions_pass10.jsonl
all total    : outputs\pass10_full\all_predictions_pass10.jsonl
artifact root: outputs\pass10_full\java\636767131a6d9265ec017b23

====================================================================================================
[405/460] full pass-k running
lang    : java
task_id : 6367675a1a6d9265ec018010
pass_k  : 10
====================================================================================================
[TASK 405/460] [PASS 1/10] generating...
[TASK 405/460] [PASS 2/10] generating...
[TASK 405/460] [PASS 3/10] generating...
[TASK 405/460] [PASS 4/10] generating...
[TASK 405/460] [PASS 5/10] generating...
[TASK 405/460] [PASS 6/10] generating...
[TASK 405/460] [PASS 7/10] generating...
[TASK 405/460] [PASS 8/10] generating...
[TASK 405/460] [PASS 9/10] generating...
[TASK 405/460] [PASS 10/10] generating...
[TASK RECORD]
single jsonl : outputs\pass10_full\java\6367675a1a6d9265ec018010_pass10.jsonl
python total : outputs\pass10_full\python_predictions_pass10.jsonl
java total   : outputs\pass10_full\java_predictions_pass10.jsonl
all total    : outputs\pass10_full\all_predictions_pass10.jsonl
artifact root: outputs\pass10_full\java\6367675a1a6d9265ec018010

====================================================================================================
[406/460] full pass-k running
lang    : java
task_id : 636767dd1a6d9265ec0186f3
pass_k  : 10
====================================================================================================
[TASK 406/460] [PASS 1/10] generating...
[TASK 406/460] [PASS 2/10] generating...
[TASK 406/460] [PASS 3/10] generating...
[TASK 406/460] [PASS 4/10] generating...
[TASK 406/460] [PASS 5/10] generating...
[TASK 406/460] [PASS 6/10] generating...
[TASK 406/460] [PASS 7/10] generating...
[TASK 406/460] [PASS 8/10] generating...
[TASK 406/460] [PASS 9/10] generating...
[TASK 406/460] [PASS 10/10] generating...
[TASK RECORD]
single jsonl : outputs\pass10_full\java\636767dd1a6d9265ec0186f3_pass10.jsonl
python total : outputs\pass10_full\python_predictions_pass10.jsonl
java total   : outputs\pass10_full\java_predictions_pass10.jsonl
all total    : outputs\pass10_full\all_predictions_pass10.jsonl
artifact root: outputs\pass10_full\java\636767dd1a6d9265ec0186f3

====================================================================================================
[407/460] full pass-k running
lang    : java
task_id : 636767631a6d9265ec018171
pass_k  : 10
====================================================================================================
[TASK 407/460] [PASS 1/10] generating...
[TASK 407/460] [PASS 2/10] generating...
[TASK 407/460] [PASS 3/10] generating...
[TASK 407/460] [PASS 4/10] generating...
[TASK 407/460] [PASS 5/10] generating...
[TASK 407/460] [PASS 6/10] generating...
[TASK 407/460] [PASS 7/10] generating...
[TASK 407/460] [PASS 8/10] generating...
[TASK 407/460] [PASS 9/10] generating...
[TASK 407/460] [PASS 10/10] generating...
[TASK RECORD]
single jsonl : outputs\pass10_full\java\636767631a6d9265ec018171_pass10.jsonl
python total : outputs\pass10_full\python_predictions_pass10.jsonl
java total   : outputs\pass10_full\java_predictions_pass10.jsonl
all total    : outputs\pass10_full\all_predictions_pass10.jsonl
artifact root: outputs\pass10_full\java\636767631a6d9265ec018171

====================================================================================================
[408/460] full pass-k running
lang    : java
task_id : 636767de1a6d9265ec018726
pass_k  : 10
====================================================================================================
[TASK 408/460] [PASS 1/10] generating...
[TASK 408/460] [PASS 2/10] generating...
[TASK 408/460] [PASS 3/10] generating...
[TASK 408/460] [PASS 4/10] generating...
[TASK 408/460] [PASS 5/10] generating...
[TASK 408/460] [PASS 6/10] generating...
[TASK 408/460] [PASS 7/10] generating...
[TASK 408/460] [PASS 8/10] generating...
[TASK 408/460] [PASS 9/10] generating...
[TASK 408/460] [PASS 10/10] generating...
[TASK RECORD]
single jsonl : outputs\pass10_full\java\636767de1a6d9265ec018726_pass10.jsonl
python total : outputs\pass10_full\python_predictions_pass10.jsonl
java total   : outputs\pass10_full\java_predictions_pass10.jsonl
all total    : outputs\pass10_full\all_predictions_pass10.jsonl
artifact root: outputs\pass10_full\java\636767de1a6d9265ec018726

====================================================================================================
[409/460] full pass-k running
lang    : java
task_id : 6367667c1a6d9265ec0173f7
pass_k  : 10
====================================================================================================
[TASK 409/460] [PASS 1/10] generating...
[TASK 409/460] [PASS 2/10] generating...
[TASK 409/460] [PASS 3/10] generating...
[TASK 409/460] [PASS 4/10] generating...
[TASK 409/460] [PASS 5/10] generating...
[TASK 409/460] [PASS 6/10] generating...
[TASK 409/460] [PASS 7/10] generating...
[TASK 409/460] [PASS 8/10] generating...
[TASK 409/460] [PASS 9/10] generating...
[TASK 409/460] [PASS 10/10] generating...
[TASK RECORD]
single jsonl : outputs\pass10_full\java\6367667c1a6d9265ec0173f7_pass10.jsonl
python total : outputs\pass10_full\python_predictions_pass10.jsonl
java total   : outputs\pass10_full\java_predictions_pass10.jsonl
all total    : outputs\pass10_full\all_predictions_pass10.jsonl
artifact root: outputs\pass10_full\java\6367667c1a6d9265ec0173f7

====================================================================================================
[410/460] full pass-k running
lang    : java
task_id : 6367676c1a6d9265ec018220
pass_k  : 10
====================================================================================================
[TASK 410/460] [PASS 1/10] generating...
[TASK 410/460] [PASS 2/10] generating...
[TASK 410/460] [PASS 3/10] generating...
[TASK 410/460] [PASS 4/10] generating...
[TASK 410/460] [PASS 5/10] generating...
[TASK 410/460] [PASS 6/10] generating...
[TASK 410/460] [PASS 7/10] generating...
[TASK 410/460] [PASS 8/10] generating...
[TASK 410/460] [PASS 9/10] generating...
[TASK 410/460] [PASS 10/10] generating...
[TASK RECORD]
single jsonl : outputs\pass10_full\java\6367676c1a6d9265ec018220_pass10.jsonl
python total : outputs\pass10_full\python_predictions_pass10.jsonl
java total   : outputs\pass10_full\java_predictions_pass10.jsonl
all total    : outputs\pass10_full\all_predictions_pass10.jsonl
artifact root: outputs\pass10_full\java\6367676c1a6d9265ec018220

====================================================================================================
[411/460] full pass-k running
lang    : java
task_id : 636766fe1a6d9265ec017838
pass_k  : 10
====================================================================================================
[TASK 411/460] [PASS 1/10] generating...
[TASK 411/460] [PASS 2/10] generating...
[TASK 411/460] [PASS 3/10] generating...
[TASK 411/460] [PASS 4/10] generating...
[TASK 411/460] [PASS 5/10] generating...
[TASK 411/460] [PASS 6/10] generating...
[TASK 411/460] [PASS 7/10] generating...
[TASK 411/460] [PASS 8/10] generating...
[TASK 411/460] [PASS 9/10] generating...
[TASK 411/460] [PASS 10/10] generating...
[TASK RECORD]
single jsonl : outputs\pass10_full\java\636766fe1a6d9265ec017838_pass10.jsonl
python total : outputs\pass10_full\python_predictions_pass10.jsonl
java total   : outputs\pass10_full\java_predictions_pass10.jsonl
all total    : outputs\pass10_full\all_predictions_pass10.jsonl
artifact root: outputs\pass10_full\java\636766fe1a6d9265ec017838

====================================================================================================
[412/460] full pass-k running
lang    : java
task_id : 636766fa1a6d9265ec01779c
pass_k  : 10
====================================================================================================
[TASK 412/460] [PASS 1/10] generating...
[TASK 412/460] [PASS 2/10] generating...
[TASK 412/460] [PASS 3/10] generating...
[TASK 412/460] [PASS 4/10] generating...
[TASK 412/460] [PASS 5/10] generating...
[TASK 412/460] [PASS 6/10] generating...
[TASK 412/460] [PASS 7/10] generating...
[TASK 412/460] [PASS 8/10] generating...
[TASK 412/460] [PASS 9/10] generating...
[TASK 412/460] [PASS 10/10] generating...
[TASK RECORD]
single jsonl : outputs\pass10_full\java\636766fa1a6d9265ec01779c_pass10.jsonl
python total : outputs\pass10_full\python_predictions_pass10.jsonl
java total   : outputs\pass10_full\java_predictions_pass10.jsonl
all total    : outputs\pass10_full\all_predictions_pass10.jsonl
artifact root: outputs\pass10_full\java\636766fa1a6d9265ec01779c

====================================================================================================
[413/460] full pass-k running
lang    : java
task_id : 636767691a6d9265ec0181a7
pass_k  : 10
====================================================================================================
[TASK 413/460] [PASS 1/10] generating...
[TASK 413/460] [PASS 2/10] generating...
[TASK 413/460] [PASS 3/10] generating...
[TASK 413/460] [PASS 4/10] generating...
[TASK 413/460] [PASS 5/10] generating...
[TASK 413/460] [PASS 6/10] generating...
[TASK 413/460] [PASS 7/10] generating...
[TASK 413/460] [PASS 8/10] generating...
[TASK 413/460] [PASS 9/10] generating...
[TASK 413/460] [PASS 10/10] generating...
[TASK RECORD]
single jsonl : outputs\pass10_full\java\636767691a6d9265ec0181a7_pass10.jsonl
python total : outputs\pass10_full\python_predictions_pass10.jsonl
java total   : outputs\pass10_full\java_predictions_pass10.jsonl
all total    : outputs\pass10_full\all_predictions_pass10.jsonl
artifact root: outputs\pass10_full\java\636767691a6d9265ec0181a7

====================================================================================================
[414/460] full pass-k running
lang    : java
task_id : 636767041a6d9265ec01790f
pass_k  : 10
====================================================================================================
[TASK 414/460] [PASS 1/10] generating...
[TASK 414/460] [PASS 2/10] generating...
[TASK 414/460] [PASS 3/10] generating...
[TASK 414/460] [PASS 4/10] generating...
[TASK 414/460] [PASS 5/10] generating...
[TASK 414/460] [PASS 6/10] generating...
[TASK 414/460] [PASS 7/10] generating...
[TASK 414/460] [PASS 8/10] generating...
[TASK 414/460] [PASS 9/10] generating...
[TASK 414/460] [PASS 10/10] generating...
[TASK RECORD]
single jsonl : outputs\pass10_full\java\636767041a6d9265ec01790f_pass10.jsonl
python total : outputs\pass10_full\python_predictions_pass10.jsonl
java total   : outputs\pass10_full\java_predictions_pass10.jsonl
all total    : outputs\pass10_full\all_predictions_pass10.jsonl
artifact root: outputs\pass10_full\java\636767041a6d9265ec01790f

====================================================================================================
[415/460] full pass-k running
lang    : java
task_id : 636766fa1a6d9265ec0177a4
pass_k  : 10
====================================================================================================
[TASK 415/460] [PASS 1/10] generating...
[TASK 415/460] [PASS 2/10] generating...
[TASK 415/460] [PASS 3/10] generating...
[TASK 415/460] [PASS 4/10] generating...
[TASK 415/460] [PASS 5/10] generating...
[TASK 415/460] [PASS 6/10] generating...
[TASK 415/460] [PASS 7/10] generating...
[TASK 415/460] [PASS 8/10] generating...
[TASK 415/460] [PASS 9/10] generating...
[TASK 415/460] [PASS 10/10] generating...
[TASK RECORD]
single jsonl : outputs\pass10_full\java\636766fa1a6d9265ec0177a4_pass10.jsonl
python total : outputs\pass10_full\python_predictions_pass10.jsonl
java total   : outputs\pass10_full\java_predictions_pass10.jsonl
all total    : outputs\pass10_full\all_predictions_pass10.jsonl
artifact root: outputs\pass10_full\java\636766fa1a6d9265ec0177a4

====================================================================================================
[416/460] full pass-k running
lang    : java
task_id : 636767461a6d9265ec017d0e
pass_k  : 10
====================================================================================================
[TASK 416/460] [PASS 1/10] generating...
[TASK 416/460] [PASS 2/10] generating...
[TASK 416/460] [PASS 3/10] generating...
[TASK 416/460] [PASS 4/10] generating...
[TASK 416/460] [PASS 5/10] generating...
[TASK 416/460] [PASS 6/10] generating...
[TASK 416/460] [PASS 7/10] generating...
[TASK 416/460] [PASS 8/10] generating...
[TASK 416/460] [PASS 9/10] generating...
[TASK 416/460] [PASS 10/10] generating...
[TASK RECORD]
single jsonl : outputs\pass10_full\java\636767461a6d9265ec017d0e_pass10.jsonl
python total : outputs\pass10_full\python_predictions_pass10.jsonl
java total   : outputs\pass10_full\java_predictions_pass10.jsonl
all total    : outputs\pass10_full\all_predictions_pass10.jsonl
artifact root: outputs\pass10_full\java\636767461a6d9265ec017d0e

====================================================================================================
[417/460] full pass-k running
lang    : java
task_id : 636767491a6d9265ec017d90
pass_k  : 10
====================================================================================================
[TASK 417/460] [PASS 1/10] generating...
[TASK 417/460] [PASS 2/10] generating...
[TASK 417/460] [PASS 3/10] generating...
[TASK 417/460] [PASS 4/10] generating...
[TASK 417/460] [PASS 5/10] generating...
[TASK 417/460] [PASS 6/10] generating...
[TASK 417/460] [PASS 7/10] generating...
[TASK 417/460] [PASS 8/10] generating...
[TASK 417/460] [PASS 9/10] generating...
[TASK 417/460] [PASS 10/10] generating...
[TASK RECORD]
single jsonl : outputs\pass10_full\java\636767491a6d9265ec017d90_pass10.jsonl
python total : outputs\pass10_full\python_predictions_pass10.jsonl
java total   : outputs\pass10_full\java_predictions_pass10.jsonl
all total    : outputs\pass10_full\all_predictions_pass10.jsonl
artifact root: outputs\pass10_full\java\636767491a6d9265ec017d90

====================================================================================================
[418/460] full pass-k running
lang    : java
task_id : 6367674a1a6d9265ec017da9
pass_k  : 10
====================================================================================================
[TASK 418/460] [PASS 1/10] generating...
[TASK 418/460] [PASS 2/10] generating...
[TASK 418/460] [PASS 3/10] generating...
[TASK 418/460] [PASS 4/10] generating...
[TASK 418/460] [PASS 5/10] generating...
[TASK 418/460] [PASS 6/10] generating...
[TASK 418/460] [PASS 7/10] generating...
[TASK 418/460] [PASS 8/10] generating...
[TASK 418/460] [PASS 9/10] generating...
[TASK 418/460] [PASS 10/10] generating...
[TASK RECORD]
single jsonl : outputs\pass10_full\java\6367674a1a6d9265ec017da9_pass10.jsonl
python total : outputs\pass10_full\python_predictions_pass10.jsonl
java total   : outputs\pass10_full\java_predictions_pass10.jsonl
all total    : outputs\pass10_full\all_predictions_pass10.jsonl
artifact root: outputs\pass10_full\java\6367674a1a6d9265ec017da9

====================================================================================================
[419/460] full pass-k running
lang    : java
task_id : 636767151a6d9265ec017b6b
pass_k  : 10
====================================================================================================
[TASK 419/460] [PASS 1/10] generating...
[TASK 419/460] [PASS 2/10] generating...
[TASK 419/460] [PASS 3/10] generating...
[TASK 419/460] [PASS 4/10] generating...
[TASK 419/460] [PASS 5/10] generating...
[TASK 419/460] [PASS 6/10] generating...
[TASK 419/460] [PASS 7/10] generating...
[TASK 419/460] [PASS 8/10] generating...
[TASK 419/460] [PASS 9/10] generating...
[TASK 419/460] [PASS 10/10] generating...
[TASK RECORD]
single jsonl : outputs\pass10_full\java\636767151a6d9265ec017b6b_pass10.jsonl
python total : outputs\pass10_full\python_predictions_pass10.jsonl
java total   : outputs\pass10_full\java_predictions_pass10.jsonl
all total    : outputs\pass10_full\all_predictions_pass10.jsonl
artifact root: outputs\pass10_full\java\636767151a6d9265ec017b6b

====================================================================================================
[420/460] full pass-k running
lang    : java
task_id : 636766fe1a6d9265ec01781c
pass_k  : 10
====================================================================================================
[TASK 420/460] [PASS 1/10] generating...
[TASK 420/460] [PASS 2/10] generating...
[TASK 420/460] [PASS 3/10] generating...
[TASK 420/460] [PASS 4/10] generating...
[TASK 420/460] [PASS 5/10] generating...
[TASK 420/460] [PASS 6/10] generating...
[TASK 420/460] [PASS 7/10] generating...
[TASK 420/460] [PASS 8/10] generating...
[TASK 420/460] [PASS 9/10] generating...
[TASK 420/460] [PASS 10/10] generating...
[TASK RECORD]
single jsonl : outputs\pass10_full\java\636766fe1a6d9265ec01781c_pass10.jsonl
python total : outputs\pass10_full\python_predictions_pass10.jsonl
java total   : outputs\pass10_full\java_predictions_pass10.jsonl
all total    : outputs\pass10_full\all_predictions_pass10.jsonl
artifact root: outputs\pass10_full\java\636766fe1a6d9265ec01781c

====================================================================================================
[421/460] full pass-k running
lang    : java
task_id : 636766fb1a6d9265ec0177c1
pass_k  : 10
====================================================================================================
[TASK 421/460] [PASS 1/10] generating...
[TASK 421/460] [PASS 2/10] generating...
[TASK 421/460] [PASS 3/10] generating...
[TASK 421/460] [PASS 4/10] generating...
[TASK 421/460] [PASS 5/10] generating...
[TASK 421/460] [PASS 6/10] generating...
[TASK 421/460] [PASS 7/10] generating...
[TASK 421/460] [PASS 8/10] generating...
[TASK 421/460] [PASS 9/10] generating...
[TASK 421/460] [PASS 10/10] generating...
[TASK RECORD]
single jsonl : outputs\pass10_full\java\636766fb1a6d9265ec0177c1_pass10.jsonl
python total : outputs\pass10_full\python_predictions_pass10.jsonl
java total   : outputs\pass10_full\java_predictions_pass10.jsonl
all total    : outputs\pass10_full\all_predictions_pass10.jsonl
artifact root: outputs\pass10_full\java\636766fb1a6d9265ec0177c1

====================================================================================================
[422/460] full pass-k running
lang    : java
task_id : 636767781a6d9265ec018250
pass_k  : 10
====================================================================================================
[TASK 422/460] [PASS 1/10] generating...
[TASK 422/460] [PASS 2/10] generating...
[TASK 422/460] [PASS 3/10] generating...
[TASK 422/460] [PASS 4/10] generating...
[TASK 422/460] [PASS 5/10] generating...
[TASK 422/460] [PASS 6/10] generating...
[TASK 422/460] [PASS 7/10] generating...
[TASK 422/460] [PASS 8/10] generating...
[TASK 422/460] [PASS 9/10] generating...
[TASK 422/460] [PASS 10/10] generating...
[TASK RECORD]
single jsonl : outputs\pass10_full\java\636767781a6d9265ec018250_pass10.jsonl
python total : outputs\pass10_full\python_predictions_pass10.jsonl
java total   : outputs\pass10_full\java_predictions_pass10.jsonl
all total    : outputs\pass10_full\all_predictions_pass10.jsonl
artifact root: outputs\pass10_full\java\636767781a6d9265ec018250

====================================================================================================
[423/460] full pass-k running
lang    : java
task_id : 636766861a6d9265ec017553
pass_k  : 10
====================================================================================================
[TASK 423/460] [PASS 1/10] generating...
[TASK 423/460] [PASS 2/10] generating...
[TASK 423/460] [PASS 3/10] generating...
[TASK 423/460] [PASS 4/10] generating...
[TASK 423/460] [PASS 5/10] generating...
[TASK 423/460] [PASS 6/10] generating...
[TASK 423/460] [PASS 7/10] generating...
[TASK 423/460] [PASS 8/10] generating...
[TASK 423/460] [PASS 9/10] generating...
[TASK 423/460] [PASS 10/10] generating...
[TASK RECORD]
single jsonl : outputs\pass10_full\java\636766861a6d9265ec017553_pass10.jsonl
python total : outputs\pass10_full\python_predictions_pass10.jsonl
java total   : outputs\pass10_full\java_predictions_pass10.jsonl
all total    : outputs\pass10_full\all_predictions_pass10.jsonl
artifact root: outputs\pass10_full\java\636766861a6d9265ec017553

====================================================================================================
[424/460] full pass-k running
lang    : java
task_id : 636767071a6d9265ec017962
pass_k  : 10
====================================================================================================
[TASK 424/460] [PASS 1/10] generating...
[TASK 424/460] [PASS 2/10] generating...
[TASK 424/460] [PASS 3/10] generating...
[TASK 424/460] [PASS 4/10] generating...
[TASK 424/460] [PASS 5/10] generating...
[TASK 424/460] [PASS 6/10] generating...
[TASK 424/460] [PASS 7/10] generating...
[TASK 424/460] [PASS 8/10] generating...
[TASK 424/460] [PASS 9/10] generating...
[TASK 424/460] [PASS 10/10] generating...
[TASK RECORD]
single jsonl : outputs\pass10_full\java\636767071a6d9265ec017962_pass10.jsonl
python total : outputs\pass10_full\python_predictions_pass10.jsonl
java total   : outputs\pass10_full\java_predictions_pass10.jsonl
all total    : outputs\pass10_full\all_predictions_pass10.jsonl
artifact root: outputs\pass10_full\java\636767071a6d9265ec017962

====================================================================================================
[425/460] full pass-k running
lang    : java
task_id : 6367670a1a6d9265ec0179d9
pass_k  : 10
====================================================================================================
[TASK 425/460] [PASS 1/10] generating...
[TASK 425/460] [PASS 2/10] generating...
[TASK 425/460] [PASS 3/10] generating...
[TASK 425/460] [PASS 4/10] generating...
[TASK 425/460] [PASS 5/10] generating...
[TASK 425/460] [PASS 6/10] generating...
[TASK 425/460] [PASS 7/10] generating...
[TASK 425/460] [PASS 8/10] generating...
[TASK 425/460] [PASS 9/10] generating...
[TASK 425/460] [PASS 10/10] generating...
[TASK RECORD]
single jsonl : outputs\pass10_full\java\6367670a1a6d9265ec0179d9_pass10.jsonl
python total : outputs\pass10_full\python_predictions_pass10.jsonl
java total   : outputs\pass10_full\java_predictions_pass10.jsonl
all total    : outputs\pass10_full\all_predictions_pass10.jsonl
artifact root: outputs\pass10_full\java\6367670a1a6d9265ec0179d9

====================================================================================================
[426/460] full pass-k running
lang    : java
task_id : 636767ab1a6d9265ec018676
pass_k  : 10
====================================================================================================
[TASK 426/460] [PASS 1/10] generating...
[TASK 426/460] [PASS 2/10] generating...
[TASK 426/460] [PASS 3/10] generating...
[TASK 426/460] [PASS 4/10] generating...
[TASK 426/460] [PASS 5/10] generating...
[TASK 426/460] [PASS 6/10] generating...
[TASK 426/460] [PASS 7/10] generating...
[TASK 426/460] [PASS 8/10] generating...
[TASK 426/460] [PASS 9/10] generating...
[TASK 426/460] [PASS 10/10] generating...
[TASK RECORD]
single jsonl : outputs\pass10_full\java\636767ab1a6d9265ec018676_pass10.jsonl
python total : outputs\pass10_full\python_predictions_pass10.jsonl
java total   : outputs\pass10_full\java_predictions_pass10.jsonl
all total    : outputs\pass10_full\all_predictions_pass10.jsonl
artifact root: outputs\pass10_full\java\636767ab1a6d9265ec018676

====================================================================================================
[427/460] full pass-k running
lang    : java
task_id : 636766f81a6d9265ec017748
pass_k  : 10
====================================================================================================
[TASK 427/460] [PASS 1/10] generating...
[TASK 427/460] [PASS 2/10] generating...
[TASK 427/460] [PASS 3/10] generating...
[TASK 427/460] [PASS 4/10] generating...
[TASK 427/460] [PASS 5/10] generating...
[TASK 427/460] [PASS 6/10] generating...
[TASK 427/460] [PASS 7/10] generating...
[TASK 427/460] [PASS 8/10] generating...
[TASK 427/460] [PASS 9/10] generating...
[TASK 427/460] [PASS 10/10] generating...
[TASK RECORD]
single jsonl : outputs\pass10_full\java\636766f81a6d9265ec017748_pass10.jsonl
python total : outputs\pass10_full\python_predictions_pass10.jsonl
java total   : outputs\pass10_full\java_predictions_pass10.jsonl
all total    : outputs\pass10_full\all_predictions_pass10.jsonl
artifact root: outputs\pass10_full\java\636766f81a6d9265ec017748

====================================================================================================
[428/460] full pass-k running
lang    : java
task_id : 636766f11a6d9265ec017663
pass_k  : 10
====================================================================================================
[TASK 428/460] [PASS 1/10] generating...
[TASK 428/460] [PASS 2/10] generating...
[TASK 428/460] [PASS 3/10] generating...
[TASK 428/460] [PASS 4/10] generating...
[TASK 428/460] [PASS 5/10] generating...
[TASK 428/460] [PASS 6/10] generating...
[TASK 428/460] [PASS 7/10] generating...
[TASK 428/460] [PASS 8/10] generating...
[TASK 428/460] [PASS 9/10] generating...
[TASK 428/460] [PASS 10/10] generating...
[TASK RECORD]
single jsonl : outputs\pass10_full\java\636766f11a6d9265ec017663_pass10.jsonl
python total : outputs\pass10_full\python_predictions_pass10.jsonl
java total   : outputs\pass10_full\java_predictions_pass10.jsonl
all total    : outputs\pass10_full\all_predictions_pass10.jsonl
artifact root: outputs\pass10_full\java\636766f11a6d9265ec017663

====================================================================================================
[429/460] full pass-k running
lang    : java
task_id : 6367667d1a6d9265ec0173ff
pass_k  : 10
====================================================================================================
[TASK 429/460] [PASS 1/10] generating...
[TASK 429/460] [PASS 2/10] generating...
[TASK 429/460] [PASS 3/10] generating...
[TASK 429/460] [PASS 4/10] generating...
[TASK 429/460] [PASS 5/10] generating...
[TASK 429/460] [PASS 6/10] generating...
[TASK 429/460] [PASS 7/10] generating...
[TASK 429/460] [PASS 8/10] generating...
[TASK 429/460] [PASS 9/10] generating...
[TASK 429/460] [PASS 10/10] generating...
[TASK RECORD]
single jsonl : outputs\pass10_full\java\6367667d1a6d9265ec0173ff_pass10.jsonl
python total : outputs\pass10_full\python_predictions_pass10.jsonl
java total   : outputs\pass10_full\java_predictions_pass10.jsonl
all total    : outputs\pass10_full\all_predictions_pass10.jsonl
artifact root: outputs\pass10_full\java\6367667d1a6d9265ec0173ff

====================================================================================================
[430/460] full pass-k running
lang    : java
task_id : 636767691a6d9265ec0181a6
pass_k  : 10
====================================================================================================
[TASK 430/460] [PASS 1/10] generating...
[TASK 430/460] [PASS 2/10] generating...
[TASK 430/460] [PASS 3/10] generating...
[TASK 430/460] [PASS 4/10] generating...
[TASK 430/460] [PASS 5/10] generating...
[TASK 430/460] [PASS 6/10] generating...
[TASK 430/460] [PASS 7/10] generating...
[TASK 430/460] [PASS 8/10] generating...
[TASK 430/460] [PASS 9/10] generating...
[TASK 430/460] [PASS 10/10] generating...
[TASK RECORD]
single jsonl : outputs\pass10_full\java\636767691a6d9265ec0181a6_pass10.jsonl
python total : outputs\pass10_full\python_predictions_pass10.jsonl
java total   : outputs\pass10_full\java_predictions_pass10.jsonl
all total    : outputs\pass10_full\all_predictions_pass10.jsonl
artifact root: outputs\pass10_full\java\636767691a6d9265ec0181a6

====================================================================================================
[431/460] full pass-k running
lang    : java
task_id : 636767601a6d9265ec0180e2
pass_k  : 10
====================================================================================================
[TASK 431/460] [PASS 1/10] generating...
[TASK 431/460] [PASS 2/10] generating...
[TASK 431/460] [PASS 3/10] generating...
[TASK 431/460] [PASS 4/10] generating...
[TASK 431/460] [PASS 5/10] generating...
[TASK 431/460] [PASS 6/10] generating...
[TASK 431/460] [PASS 7/10] generating...
[TASK 431/460] [PASS 8/10] generating...
[TASK 431/460] [PASS 9/10] generating...
[TASK 431/460] [PASS 10/10] generating...
[TASK RECORD]
single jsonl : outputs\pass10_full\java\636767601a6d9265ec0180e2_pass10.jsonl
python total : outputs\pass10_full\python_predictions_pass10.jsonl
java total   : outputs\pass10_full\java_predictions_pass10.jsonl
all total    : outputs\pass10_full\all_predictions_pass10.jsonl
artifact root: outputs\pass10_full\java\636767601a6d9265ec0180e2

====================================================================================================
[432/460] full pass-k running
lang    : java
task_id : 636766f31a6d9265ec01768f
pass_k  : 10
====================================================================================================
[TASK 432/460] [PASS 1/10] generating...
[TASK 432/460] [PASS 2/10] generating...
[TASK 432/460] [PASS 3/10] generating...
[TASK 432/460] [PASS 4/10] generating...
[TASK 432/460] [PASS 5/10] generating...
[TASK 432/460] [PASS 6/10] generating...
[TASK 432/460] [PASS 7/10] generating...
[TASK 432/460] [PASS 8/10] generating...
[TASK 432/460] [PASS 9/10] generating...
[TASK 432/460] [PASS 10/10] generating...
[TASK RECORD]
single jsonl : outputs\pass10_full\java\636766f31a6d9265ec01768f_pass10.jsonl
python total : outputs\pass10_full\python_predictions_pass10.jsonl
java total   : outputs\pass10_full\java_predictions_pass10.jsonl
all total    : outputs\pass10_full\all_predictions_pass10.jsonl
artifact root: outputs\pass10_full\java\636766f31a6d9265ec01768f

====================================================================================================
[433/460] full pass-k running
lang    : java
task_id : 636766831a6d9265ec0174eb
pass_k  : 10
====================================================================================================
[TASK 433/460] [PASS 1/10] generating...
[TASK 433/460] [PASS 2/10] generating...
[TASK 433/460] [PASS 3/10] generating...
[TASK 433/460] [PASS 4/10] generating...
[TASK 433/460] [PASS 5/10] generating...
[TASK 433/460] [PASS 6/10] generating...
[TASK 433/460] [PASS 7/10] generating...
[TASK 433/460] [PASS 8/10] generating...
[TASK 433/460] [PASS 9/10] generating...
[TASK 433/460] [PASS 10/10] generating...
[TASK RECORD]
single jsonl : outputs\pass10_full\java\636766831a6d9265ec0174eb_pass10.jsonl
python total : outputs\pass10_full\python_predictions_pass10.jsonl
java total   : outputs\pass10_full\java_predictions_pass10.jsonl
all total    : outputs\pass10_full\all_predictions_pass10.jsonl
artifact root: outputs\pass10_full\java\636766831a6d9265ec0174eb

====================================================================================================
[434/460] full pass-k running
lang    : java
task_id : 636767841a6d9265ec0183ff
pass_k  : 10
====================================================================================================
[TASK 434/460] [PASS 1/10] generating...
[TASK 434/460] [PASS 2/10] generating...
[TASK 434/460] [PASS 3/10] generating...
[TASK 434/460] [PASS 4/10] generating...
[TASK 434/460] [PASS 5/10] generating...
[TASK 434/460] [PASS 6/10] generating...
[TASK 434/460] [PASS 7/10] generating...
[TASK 434/460] [PASS 8/10] generating...
[TASK 434/460] [PASS 9/10] generating...
[TASK 434/460] [PASS 10/10] generating...
[TASK RECORD]
single jsonl : outputs\pass10_full\java\636767841a6d9265ec0183ff_pass10.jsonl
python total : outputs\pass10_full\python_predictions_pass10.jsonl
java total   : outputs\pass10_full\java_predictions_pass10.jsonl
all total    : outputs\pass10_full\all_predictions_pass10.jsonl
artifact root: outputs\pass10_full\java\636767841a6d9265ec0183ff

====================================================================================================
[435/460] full pass-k running
lang    : java
task_id : 636766a81a6d9265ec017596
pass_k  : 10
====================================================================================================
[TASK 435/460] [PASS 1/10] generating...
[TASK 435/460] [PASS 2/10] generating...
[TASK 435/460] [PASS 3/10] generating...
[TASK 435/460] [PASS 4/10] generating...
[TASK 435/460] [PASS 5/10] generating...
[TASK 435/460] [PASS 6/10] generating...
[TASK 435/460] [PASS 7/10] generating...
[TASK 435/460] [PASS 8/10] generating...
[TASK 435/460] [PASS 9/10] generating...
[TASK 435/460] [PASS 10/10] generating...
[TASK RECORD]
single jsonl : outputs\pass10_full\java\636766a81a6d9265ec017596_pass10.jsonl
python total : outputs\pass10_full\python_predictions_pass10.jsonl
java total   : outputs\pass10_full\java_predictions_pass10.jsonl
all total    : outputs\pass10_full\all_predictions_pass10.jsonl
artifact root: outputs\pass10_full\java\636766a81a6d9265ec017596

====================================================================================================
[436/460] full pass-k running
lang    : java
task_id : 636766fd1a6d9265ec017814
pass_k  : 10
====================================================================================================
[TASK 436/460] [PASS 1/10] generating...
[TASK 436/460] [PASS 2/10] generating...
[TASK 436/460] [PASS 3/10] generating...
[TASK 436/460] [PASS 4/10] generating...
[TASK 436/460] [PASS 5/10] generating...
[TASK 436/460] [PASS 6/10] generating...
[TASK 436/460] [PASS 7/10] generating...
[TASK 436/460] [PASS 8/10] generating...
[TASK 436/460] [PASS 9/10] generating...
[TASK 436/460] [PASS 10/10] generating...
[TASK RECORD]
single jsonl : outputs\pass10_full\java\636766fd1a6d9265ec017814_pass10.jsonl
python total : outputs\pass10_full\python_predictions_pass10.jsonl
java total   : outputs\pass10_full\java_predictions_pass10.jsonl
all total    : outputs\pass10_full\all_predictions_pass10.jsonl
artifact root: outputs\pass10_full\java\636766fd1a6d9265ec017814

====================================================================================================
[437/460] full pass-k running
lang    : java
task_id : 636767861a6d9265ec018440
pass_k  : 10
====================================================================================================
[TASK 437/460] [PASS 1/10] generating...
[TASK 437/460] [PASS 2/10] generating...
[TASK 437/460] [PASS 3/10] generating...
[TASK 437/460] [PASS 4/10] generating...
[TASK 437/460] [PASS 5/10] generating...
[TASK 437/460] [PASS 6/10] generating...
[TASK 437/460] [PASS 7/10] generating...
[TASK 437/460] [PASS 8/10] generating...
[TASK 437/460] [PASS 9/10] generating...
[TASK 437/460] [PASS 10/10] generating...
[TASK RECORD]
single jsonl : outputs\pass10_full\java\636767861a6d9265ec018440_pass10.jsonl
python total : outputs\pass10_full\python_predictions_pass10.jsonl
java total   : outputs\pass10_full\java_predictions_pass10.jsonl
all total    : outputs\pass10_full\all_predictions_pass10.jsonl
artifact root: outputs\pass10_full\java\636767861a6d9265ec018440

====================================================================================================
[438/460] full pass-k running
lang    : java
task_id : 6367667d1a6d9265ec01741d
pass_k  : 10
====================================================================================================
[TASK 438/460] [PASS 1/10] generating...
[TASK 438/460] [PASS 2/10] generating...
[TASK 438/460] [PASS 3/10] generating...
[TASK 438/460] [PASS 4/10] generating...
[TASK 438/460] [PASS 5/10] generating...
[TASK 438/460] [PASS 6/10] generating...
[TASK 438/460] [PASS 7/10] generating...
[TASK 438/460] [PASS 8/10] generating...
[TASK 438/460] [PASS 9/10] generating...
[TASK 438/460] [PASS 10/10] generating...
[TASK RECORD]
single jsonl : outputs\pass10_full\java\6367667d1a6d9265ec01741d_pass10.jsonl
python total : outputs\pass10_full\python_predictions_pass10.jsonl
java total   : outputs\pass10_full\java_predictions_pass10.jsonl
all total    : outputs\pass10_full\all_predictions_pass10.jsonl
artifact root: outputs\pass10_full\java\6367667d1a6d9265ec01741d

====================================================================================================
[439/460] full pass-k running
lang    : java
task_id : 6367675f1a6d9265ec0180cf
pass_k  : 10
====================================================================================================
[TASK 439/460] [PASS 1/10] generating...
[TASK 439/460] [PASS 2/10] generating...
[TASK 439/460] [PASS 3/10] generating...
[TASK 439/460] [PASS 4/10] generating...
[TASK 439/460] [PASS 5/10] generating...
[TASK 439/460] [PASS 6/10] generating...
[TASK 439/460] [PASS 7/10] generating...
[TASK 439/460] [PASS 8/10] generating...
[TASK 439/460] [PASS 9/10] generating...
[TASK 439/460] [PASS 10/10] generating...
[TASK RECORD]
single jsonl : outputs\pass10_full\java\6367675f1a6d9265ec0180cf_pass10.jsonl
python total : outputs\pass10_full\python_predictions_pass10.jsonl
java total   : outputs\pass10_full\java_predictions_pass10.jsonl
all total    : outputs\pass10_full\all_predictions_pass10.jsonl
artifact root: outputs\pass10_full\java\6367675f1a6d9265ec0180cf

====================================================================================================
[440/460] full pass-k running
lang    : java
task_id : 636767431a6d9265ec017c88
pass_k  : 10
====================================================================================================
[TASK 440/460] [PASS 1/10] generating...
[TASK 440/460] [PASS 2/10] generating...
[TASK 440/460] [PASS 3/10] generating...
[TASK 440/460] [PASS 4/10] generating...
[TASK 440/460] [PASS 5/10] generating...
[TASK 440/460] [PASS 6/10] generating...
[TASK 440/460] [PASS 7/10] generating...
[TASK 440/460] [PASS 8/10] generating...
[TASK 440/460] [PASS 9/10] generating...
[TASK 440/460] [PASS 10/10] generating...
[TASK RECORD]
single jsonl : outputs\pass10_full\java\636767431a6d9265ec017c88_pass10.jsonl
python total : outputs\pass10_full\python_predictions_pass10.jsonl
java total   : outputs\pass10_full\java_predictions_pass10.jsonl
all total    : outputs\pass10_full\all_predictions_pass10.jsonl
artifact root: outputs\pass10_full\java\636767431a6d9265ec017c88

====================================================================================================
[441/460] full pass-k running
lang    : java
task_id : 636766a91a6d9265ec0175c4
pass_k  : 10
====================================================================================================
[TASK 441/460] [PASS 1/10] generating...
[TASK 441/460] [PASS 2/10] generating...
[TASK 441/460] [PASS 3/10] generating...
[TASK 441/460] [PASS 4/10] generating...
[TASK 441/460] [PASS 5/10] generating...
[TASK 441/460] [PASS 6/10] generating...
[TASK 441/460] [PASS 7/10] generating...
[TASK 441/460] [PASS 8/10] generating...
[TASK 441/460] [PASS 9/10] generating...
[TASK 441/460] [PASS 10/10] generating...
[TASK RECORD]
single jsonl : outputs\pass10_full\java\636766a91a6d9265ec0175c4_pass10.jsonl
python total : outputs\pass10_full\python_predictions_pass10.jsonl
java total   : outputs\pass10_full\java_predictions_pass10.jsonl
all total    : outputs\pass10_full\all_predictions_pass10.jsonl
artifact root: outputs\pass10_full\java\636766a91a6d9265ec0175c4

====================================================================================================
[442/460] full pass-k running
lang    : java
task_id : 636766fb1a6d9265ec0177c3
pass_k  : 10
====================================================================================================
[TASK 442/460] [PASS 1/10] generating...
[TASK 442/460] [PASS 2/10] generating...
[TASK 442/460] [PASS 3/10] generating...
[TASK 442/460] [PASS 4/10] generating...
[TASK 442/460] [PASS 5/10] generating...
[TASK 442/460] [PASS 6/10] generating...
[TASK 442/460] [PASS 7/10] generating...
[TASK 442/460] [PASS 8/10] generating...
[TASK 442/460] [PASS 9/10] generating...
[TASK 442/460] [PASS 10/10] generating...
[TASK RECORD]
single jsonl : outputs\pass10_full\java\636766fb1a6d9265ec0177c3_pass10.jsonl
python total : outputs\pass10_full\python_predictions_pass10.jsonl
java total   : outputs\pass10_full\java_predictions_pass10.jsonl
all total    : outputs\pass10_full\all_predictions_pass10.jsonl
artifact root: outputs\pass10_full\java\636766fb1a6d9265ec0177c3

====================================================================================================
[443/460] full pass-k running
lang    : java
task_id : 636767581a6d9265ec017fb4
pass_k  : 10
====================================================================================================
[TASK 443/460] [PASS 1/10] generating...
[TASK 443/460] [PASS 2/10] generating...
[TASK 443/460] [PASS 3/10] generating...
[TASK 443/460] [PASS 4/10] generating...
[TASK 443/460] [PASS 5/10] generating...
[TASK 443/460] [PASS 6/10] generating...
[TASK 443/460] [PASS 7/10] generating...
[TASK 443/460] [PASS 8/10] generating...
[TASK 443/460] [PASS 9/10] generating...
[TASK 443/460] [PASS 10/10] generating...
[TASK RECORD]
single jsonl : outputs\pass10_full\java\636767581a6d9265ec017fb4_pass10.jsonl
python total : outputs\pass10_full\python_predictions_pass10.jsonl
java total   : outputs\pass10_full\java_predictions_pass10.jsonl
all total    : outputs\pass10_full\all_predictions_pass10.jsonl
artifact root: outputs\pass10_full\java\636767581a6d9265ec017fb4

====================================================================================================
[444/460] full pass-k running
lang    : java
task_id : 636766801a6d9265ec017487
pass_k  : 10
====================================================================================================
[TASK 444/460] [PASS 1/10] generating...
[TASK 444/460] [PASS 2/10] generating...
[TASK 444/460] [PASS 3/10] generating...
[TASK 444/460] [PASS 4/10] generating...
[TASK 444/460] [PASS 5/10] generating...
[TASK 444/460] [PASS 6/10] generating...
[TASK 444/460] [PASS 7/10] generating...
[TASK 444/460] [PASS 8/10] generating...
[TASK 444/460] [PASS 9/10] generating...
[TASK 444/460] [PASS 10/10] generating...
[TASK RECORD]
single jsonl : outputs\pass10_full\java\636766801a6d9265ec017487_pass10.jsonl
python total : outputs\pass10_full\python_predictions_pass10.jsonl
java total   : outputs\pass10_full\java_predictions_pass10.jsonl
all total    : outputs\pass10_full\all_predictions_pass10.jsonl
artifact root: outputs\pass10_full\java\636766801a6d9265ec017487

====================================================================================================
[445/460] full pass-k running
lang    : java
task_id : 636767531a6d9265ec017ef1
pass_k  : 10
====================================================================================================
[TASK 445/460] [PASS 1/10] generating...
[TASK 445/460] [PASS 2/10] generating...
[TASK 445/460] [PASS 3/10] generating...
[TASK 445/460] [PASS 4/10] generating...
[TASK 445/460] [PASS 5/10] generating...
[TASK 445/460] [PASS 6/10] generating...
[TASK 445/460] [PASS 7/10] generating...
[TASK 445/460] [PASS 8/10] generating...
[TASK 445/460] [PASS 9/10] generating...
[TASK 445/460] [PASS 10/10] generating...
[TASK RECORD]
single jsonl : outputs\pass10_full\java\636767531a6d9265ec017ef1_pass10.jsonl
python total : outputs\pass10_full\python_predictions_pass10.jsonl
java total   : outputs\pass10_full\java_predictions_pass10.jsonl
all total    : outputs\pass10_full\all_predictions_pass10.jsonl
artifact root: outputs\pass10_full\java\636767531a6d9265ec017ef1

====================================================================================================
[446/460] full pass-k running
lang    : java
task_id : 6367667c1a6d9265ec0173fb
pass_k  : 10
====================================================================================================
[TASK 446/460] [PASS 1/10] generating...
[TASK 446/460] [PASS 2/10] generating...
[TASK 446/460] [PASS 3/10] generating...
[TASK 446/460] [PASS 4/10] generating...
[TASK 446/460] [PASS 5/10] generating...
[TASK 446/460] [PASS 6/10] generating...
[TASK 446/460] [PASS 7/10] generating...
[TASK 446/460] [PASS 8/10] generating...
[TASK 446/460] [PASS 9/10] generating...
[TASK 446/460] [PASS 10/10] generating...
[TASK RECORD]
single jsonl : outputs\pass10_full\java\6367667c1a6d9265ec0173fb_pass10.jsonl
python total : outputs\pass10_full\python_predictions_pass10.jsonl
java total   : outputs\pass10_full\java_predictions_pass10.jsonl
all total    : outputs\pass10_full\all_predictions_pass10.jsonl
artifact root: outputs\pass10_full\java\6367667c1a6d9265ec0173fb

====================================================================================================
[447/460] full pass-k running
lang    : java
task_id : 636767691a6d9265ec0181ac
pass_k  : 10
====================================================================================================
[TASK 447/460] [PASS 1/10] generating...
[TASK 447/460] [PASS 2/10] generating...
[TASK 447/460] [PASS 3/10] generating...
[TASK 447/460] [PASS 4/10] generating...
[TASK 447/460] [PASS 5/10] generating...
[TASK 447/460] [PASS 6/10] generating...
[TASK 447/460] [PASS 7/10] generating...
[TASK 447/460] [PASS 8/10] generating...
[TASK 447/460] [PASS 9/10] generating...
[TASK 447/460] [PASS 10/10] generating...
[TASK RECORD]
single jsonl : outputs\pass10_full\java\636767691a6d9265ec0181ac_pass10.jsonl
python total : outputs\pass10_full\python_predictions_pass10.jsonl
java total   : outputs\pass10_full\java_predictions_pass10.jsonl
all total    : outputs\pass10_full\all_predictions_pass10.jsonl
artifact root: outputs\pass10_full\java\636767691a6d9265ec0181ac

====================================================================================================
[448/460] full pass-k running
lang    : java
task_id : 636767021a6d9265ec0178bc
pass_k  : 10
====================================================================================================
[TASK 448/460] [PASS 1/10] generating...
[TASK 448/460] [PASS 2/10] generating...
[TASK 448/460] [PASS 3/10] generating...
[TASK 448/460] [PASS 4/10] generating...
[TASK 448/460] [PASS 5/10] generating...
[TASK 448/460] [PASS 6/10] generating...
[TASK 448/460] [PASS 7/10] generating...
[TASK 448/460] [PASS 8/10] generating...
[TASK 448/460] [PASS 9/10] generating...
[TASK 448/460] [PASS 10/10] generating...
[TASK RECORD]
single jsonl : outputs\pass10_full\java\636767021a6d9265ec0178bc_pass10.jsonl
python total : outputs\pass10_full\python_predictions_pass10.jsonl
java total   : outputs\pass10_full\java_predictions_pass10.jsonl
all total    : outputs\pass10_full\all_predictions_pass10.jsonl
artifact root: outputs\pass10_full\java\636767021a6d9265ec0178bc

====================================================================================================
[449/460] full pass-k running
lang    : java
task_id : 636766fc1a6d9265ec0177ef
pass_k  : 10
====================================================================================================
[TASK 449/460] [PASS 1/10] generating...
[TASK 449/460] [PASS 2/10] generating...
[TASK 449/460] [PASS 3/10] generating...
[TASK 449/460] [PASS 4/10] generating...
[TASK 449/460] [PASS 5/10] generating...
[TASK 449/460] [PASS 6/10] generating...
[TASK 449/460] [PASS 7/10] generating...
[TASK 449/460] [PASS 8/10] generating...
[TASK 449/460] [PASS 9/10] generating...
[TASK 449/460] [PASS 10/10] generating...
[TASK RECORD]
single jsonl : outputs\pass10_full\java\636766fc1a6d9265ec0177ef_pass10.jsonl
python total : outputs\pass10_full\python_predictions_pass10.jsonl
java total   : outputs\pass10_full\java_predictions_pass10.jsonl
all total    : outputs\pass10_full\all_predictions_pass10.jsonl
artifact root: outputs\pass10_full\java\636766fc1a6d9265ec0177ef

====================================================================================================
[450/460] full pass-k running
lang    : java
task_id : 636767061a6d9265ec01794a
pass_k  : 10
====================================================================================================
[TASK 450/460] [PASS 1/10] generating...
[TASK 450/460] [PASS 2/10] generating...
[TASK 450/460] [PASS 3/10] generating...
[TASK 450/460] [PASS 4/10] generating...
[TASK 450/460] [PASS 5/10] generating...
[TASK 450/460] [PASS 6/10] generating...
[TASK 450/460] [PASS 7/10] generating...
[TASK 450/460] [PASS 8/10] generating...
[TASK 450/460] [PASS 9/10] generating...
[TASK 450/460] [PASS 10/10] generating...
[TASK RECORD]
single jsonl : outputs\pass10_full\java\636767061a6d9265ec01794a_pass10.jsonl
python total : outputs\pass10_full\python_predictions_pass10.jsonl
java total   : outputs\pass10_full\java_predictions_pass10.jsonl
all total    : outputs\pass10_full\all_predictions_pass10.jsonl
artifact root: outputs\pass10_full\java\636767061a6d9265ec01794a

====================================================================================================
[451/460] full pass-k running
lang    : java
task_id : 636767dd1a6d9265ec0186de
pass_k  : 10
====================================================================================================
[TASK 451/460] [PASS 1/10] generating...
[TASK 451/460] [PASS 2/10] generating...
[TASK 451/460] [PASS 3/10] generating...
[TASK 451/460] [PASS 4/10] generating...
[TASK 451/460] [PASS 5/10] generating...
[TASK 451/460] [PASS 6/10] generating...
[TASK 451/460] [PASS 7/10] generating...
[TASK 451/460] [PASS 8/10] generating...
[TASK 451/460] [PASS 9/10] generating...
[TASK 451/460] [PASS 10/10] generating...
[TASK RECORD]
single jsonl : outputs\pass10_full\java\636767dd1a6d9265ec0186de_pass10.jsonl
python total : outputs\pass10_full\python_predictions_pass10.jsonl
java total   : outputs\pass10_full\java_predictions_pass10.jsonl
all total    : outputs\pass10_full\all_predictions_pass10.jsonl
artifact root: outputs\pass10_full\java\636767dd1a6d9265ec0186de

====================================================================================================
[452/460] full pass-k running
lang    : java
task_id : 6367675d1a6d9265ec018082
pass_k  : 10
====================================================================================================
[TASK 452/460] [PASS 1/10] generating...
[TASK 452/460] [PASS 2/10] generating...
[TASK 452/460] [PASS 3/10] generating...
[TASK 452/460] [PASS 4/10] generating...
[TASK 452/460] [PASS 5/10] generating...
[TASK 452/460] [PASS 6/10] generating...
[TASK 452/460] [PASS 7/10] generating...
[TASK 452/460] [PASS 8/10] generating...
[TASK 452/460] [PASS 9/10] generating...
[TASK 452/460] [PASS 10/10] generating...
[TASK RECORD]
single jsonl : outputs\pass10_full\java\6367675d1a6d9265ec018082_pass10.jsonl
python total : outputs\pass10_full\python_predictions_pass10.jsonl
java total   : outputs\pass10_full\java_predictions_pass10.jsonl
all total    : outputs\pass10_full\all_predictions_pass10.jsonl
artifact root: outputs\pass10_full\java\6367675d1a6d9265ec018082

====================================================================================================
[453/460] full pass-k running
lang    : java
task_id : 6367676b1a6d9265ec0181e9
pass_k  : 10
====================================================================================================
[TASK 453/460] [PASS 1/10] generating...
[TASK 453/460] [PASS 2/10] generating...
[TASK 453/460] [PASS 3/10] generating...
[TASK 453/460] [PASS 4/10] generating...
[TASK 453/460] [PASS 5/10] generating...
[TASK 453/460] [PASS 6/10] generating...
[TASK 453/460] [PASS 7/10] generating...
[TASK 453/460] [PASS 8/10] generating...
[TASK 453/460] [PASS 9/10] generating...
[TASK 453/460] [PASS 10/10] generating...
[TASK RECORD]
single jsonl : outputs\pass10_full\java\6367676b1a6d9265ec0181e9_pass10.jsonl
python total : outputs\pass10_full\python_predictions_pass10.jsonl
java total   : outputs\pass10_full\java_predictions_pass10.jsonl
all total    : outputs\pass10_full\all_predictions_pass10.jsonl
artifact root: outputs\pass10_full\java\6367676b1a6d9265ec0181e9

====================================================================================================
[454/460] full pass-k running
lang    : java
task_id : 636767781a6d9265ec01823e
pass_k  : 10
====================================================================================================
[TASK 454/460] [PASS 1/10] generating...
[TASK 454/460] [PASS 2/10] generating...
[TASK 454/460] [PASS 3/10] generating...
[TASK 454/460] [PASS 4/10] generating...
[TASK 454/460] [PASS 5/10] generating...
[TASK 454/460] [PASS 6/10] generating...
[TASK 454/460] [PASS 7/10] generating...
[TASK 454/460] [PASS 8/10] generating...
[TASK 454/460] [PASS 9/10] generating...
[TASK 454/460] [PASS 10/10] generating...
[TASK RECORD]
single jsonl : outputs\pass10_full\java\636767781a6d9265ec01823e_pass10.jsonl
python total : outputs\pass10_full\python_predictions_pass10.jsonl
java total   : outputs\pass10_full\java_predictions_pass10.jsonl
all total    : outputs\pass10_full\all_predictions_pass10.jsonl
artifact root: outputs\pass10_full\java\636767781a6d9265ec01823e

====================================================================================================
[455/460] full pass-k running
lang    : java
task_id : 6367670b1a6d9265ec017a05
pass_k  : 10
====================================================================================================
[TASK 455/460] [PASS 1/10] generating...
[TASK 455/460] [PASS 2/10] generating...
[TASK 455/460] [PASS 3/10] generating...
[TASK 455/460] [PASS 4/10] generating...
[TASK 455/460] [PASS 5/10] generating...
[TASK 455/460] [PASS 6/10] generating...
[TASK 455/460] [PASS 7/10] generating...
[TASK 455/460] [PASS 8/10] generating...
[TASK 455/460] [PASS 9/10] generating...
[TASK 455/460] [PASS 10/10] generating...
[TASK RECORD]
single jsonl : outputs\pass10_full\java\6367670b1a6d9265ec017a05_pass10.jsonl
python total : outputs\pass10_full\python_predictions_pass10.jsonl
java total   : outputs\pass10_full\java_predictions_pass10.jsonl
all total    : outputs\pass10_full\all_predictions_pass10.jsonl
artifact root: outputs\pass10_full\java\6367670b1a6d9265ec017a05

====================================================================================================
[456/460] full pass-k running
lang    : java
task_id : 636767a31a6d9265ec01854f
pass_k  : 10
====================================================================================================
[TASK 456/460] [PASS 1/10] generating...
[TASK 456/460] [PASS 2/10] generating...
[TASK 456/460] [PASS 3/10] generating...
[TASK 456/460] [PASS 4/10] generating...
[TASK 456/460] [PASS 5/10] generating...
[TASK 456/460] [PASS 6/10] generating...
[TASK 456/460] [PASS 7/10] generating...
[TASK 456/460] [PASS 8/10] generating...
[TASK 456/460] [PASS 9/10] generating...
[TASK 456/460] [PASS 10/10] generating...
[TASK RECORD]
single jsonl : outputs\pass10_full\java\636767a31a6d9265ec01854f_pass10.jsonl
python total : outputs\pass10_full\python_predictions_pass10.jsonl
java total   : outputs\pass10_full\java_predictions_pass10.jsonl
all total    : outputs\pass10_full\all_predictions_pass10.jsonl
artifact root: outputs\pass10_full\java\636767a31a6d9265ec01854f

====================================================================================================
[457/460] full pass-k running
lang    : java
task_id : 636767a81a6d9265ec0185fc
pass_k  : 10
====================================================================================================
[TASK 457/460] [PASS 1/10] generating...
[TASK 457/460] [PASS 2/10] generating...
[TASK 457/460] [PASS 3/10] generating...
[TASK 457/460] [PASS 4/10] generating...
[TASK 457/460] [PASS 5/10] generating...
[TASK 457/460] [PASS 6/10] generating...
[TASK 457/460] [PASS 7/10] generating...
[TASK 457/460] [PASS 8/10] generating...
[TASK 457/460] [PASS 9/10] generating...
[TASK 457/460] [PASS 10/10] generating...
[TASK RECORD]
single jsonl : outputs\pass10_full\java\636767a81a6d9265ec0185fc_pass10.jsonl
python total : outputs\pass10_full\python_predictions_pass10.jsonl
java total   : outputs\pass10_full\java_predictions_pass10.jsonl
all total    : outputs\pass10_full\all_predictions_pass10.jsonl
artifact root: outputs\pass10_full\java\636767a81a6d9265ec0185fc

====================================================================================================
[458/460] full pass-k running
lang    : java
task_id : 636766a81a6d9265ec017595
pass_k  : 10
====================================================================================================
[TASK 458/460] [PASS 1/10] generating...
[TASK 458/460] [PASS 2/10] generating...
[TASK 458/460] [PASS 3/10] generating...
[TASK 458/460] [PASS 4/10] generating...
[TASK 458/460] [PASS 5/10] generating...
[TASK 458/460] [PASS 6/10] generating...
[TASK 458/460] [PASS 7/10] generating...
[TASK 458/460] [PASS 8/10] generating...
[TASK 458/460] [PASS 9/10] generating...
[TASK 458/460] [PASS 10/10] generating...
[TASK RECORD]
single jsonl : outputs\pass10_full\java\636766a81a6d9265ec017595_pass10.jsonl
python total : outputs\pass10_full\python_predictions_pass10.jsonl
java total   : outputs\pass10_full\java_predictions_pass10.jsonl
all total    : outputs\pass10_full\all_predictions_pass10.jsonl
artifact root: outputs\pass10_full\java\636766a81a6d9265ec017595

====================================================================================================
[459/460] full pass-k running
lang    : java
task_id : 636766ae1a6d9265ec0175d8
pass_k  : 10
====================================================================================================
[TASK 459/460] [PASS 1/10] generating...
[TASK 459/460] [PASS 2/10] generating...
[TASK 459/460] [PASS 3/10] generating...
[TASK 459/460] [PASS 4/10] generating...
[TASK 459/460] [PASS 5/10] generating...
[TASK 459/460] [PASS 6/10] generating...
[TASK 459/460] [PASS 7/10] generating...
[TASK 459/460] [PASS 8/10] generating...
[TASK 459/460] [PASS 9/10] generating...
[TASK 459/460] [PASS 10/10] generating...
[TASK RECORD]
single jsonl : outputs\pass10_full\java\636766ae1a6d9265ec0175d8_pass10.jsonl
python total : outputs\pass10_full\python_predictions_pass10.jsonl
java total   : outputs\pass10_full\java_predictions_pass10.jsonl
all total    : outputs\pass10_full\all_predictions_pass10.jsonl
artifact root: outputs\pass10_full\java\636766ae1a6d9265ec0175d8

====================================================================================================
[460/460] full pass-k running
lang    : java
task_id : 636767e11a6d9265ec018790
pass_k  : 10
====================================================================================================
[TASK 460/460] [PASS 1/10] generating...
[TASK 460/460] [PASS 2/10] generating...
[TASK 460/460] [PASS 3/10] generating...
[TASK 460/460] [PASS 4/10] generating...
[TASK 460/460] [PASS 5/10] generating...
[TASK 460/460] [PASS 6/10] generating...
[TASK 460/460] [PASS 7/10] generating...
[TASK 460/460] [PASS 8/10] generating...
[TASK 460/460] [PASS 9/10] generating...
[TASK 460/460] [PASS 10/10] generating...
[TASK RECORD]
single jsonl : outputs\pass10_full\java\636767e11a6d9265ec018790_pass10.jsonl
python total : outputs\pass10_full\python_predictions_pass10.jsonl
java total   : outputs\pass10_full\java_predictions_pass10.jsonl
all total    : outputs\pass10_full\all_predictions_pass10.jsonl
artifact root: outputs\pass10_full\java\636767e11a6d9265ec018790

